ID_Compra;ID_Cliente;Idade;Sexo;Estado_Civil;Cidade;Regiao;Renda_Mensal;Tempo_Cliente_Anos;Canal;Produto;Categoria;Quantidade;Valor_Unitario;Desconto_%;Valor_Total;Forma_Pagamento;Cupom;Programa_Fidelidade;Avaliacao;Cancelou;Fraude;Mes;Data_Compra
1;C0122;38;F;Solteiro;Brasília;Centro-Oeste;20561;15;App;Cadeira Gamer;Móveis;4;1800;0;7200;Pix;Não;Sim;3;Não;Não;August;19/08/2025
2;C0012;70;M;Divorciado;Recife;Nordeste;8688;12;Loja;Smartphone;Telefonia;4;2800;20;8960;Cartão;Sim;Sim;2;Sim;Sim;October;03/10/2025
3;C0300;36;M;Solteiro;Curitiba;Sul;2610;11;Site;Smartwatch;Wearables;1;1600;0;1600;Pix;Não;Sim;4;Não;Não;August;06/08/2025
4;C0519;69;M;Casado;Curitiba;Sul;15561;15;Site;Notebook;Informática;2;4500;10;8100;Boleto;Sim;Não;5;Não;Não;December;10/12/2025
5;C0106;63;M;Casado;São Paulo;Sudeste;17597;7;App;Smartphone;Telefonia;4;2800;10;10080;Boleto;Sim;Não;5;Não;Não;May;09/05/2025
6;C0574;43;M;Divorciado;Fortaleza;Nordeste;14971;13;Loja;SSD 1TB;Armazenamento;1;650;0;650;Cartão;Não;Sim;4;Não;Não;September;25/09/2025
7;C0502;41;F;Casado;Fortaleza;Nordeste;17091;15;App;Headset;Informática;1;380;15;323;Pix;Sim;Sim;5;Não;Não;August;13/08/2025
8;C0706;63;M;Casado;São Paulo;Sudeste;15751;15;App;Monitor;Informática;4;1100;0;4400;Pix;Não;Sim;5;Não;Não;August;19/08/2025
9;C0015;23;F;Casado;Belém;Norte;21792;6;Loja;Cadeira Gamer;Móveis;1;1800;10;1620;Boleto;Sim;Não;5;Não;Não;July;02/07/2025
10;C0159;18;M;Divorciado;Fortaleza;Nordeste;6219;7;Site;Teclado;Informática;3;220;0;660;Boleto;Não;Sim;5;Não;Não;June;06/06/2025
11;C0520;44;M;Solteiro;Rio de Janeiro;Sudeste;14120;0;App;Smartwatch;Wearables;1;1600;10;1440;Cartão;Sim;Não;4;Não;Não;January;14/01/2025
12;C0027;50;M;Casado;Curitiba;Sul;16550;10;App;Webcam;Informática;4;260;5;988;Boleto;Sim;Não;3;Não;Não;April;16/04/2025
13;C0445;57;M;Casado;Rio de Janeiro;Sudeste;4077;12;Loja;Impressora;Informática;2;950;0;1900;Cartão;Não;Sim;5;Não;Não;November;25/11/2025
14;C0194;48;F;Solteiro;Rio de Janeiro;Sudeste;18736;4;Loja;Teclado;Informática;4;220;0;880;Cartão;Não;Sim;5;Não;Não;June;06/06/2025
15;C0192;40;F;Casado;Fortaleza;Nordeste;18105;13;Loja;Teclado;Informática;3;220;5;627;Boleto;Sim;Sim;4;Não;Não;May;21/05/2025
16;C0097;31;F;Solteiro;Belém;Norte;16680;10;Site;Impressora;Informática;2;950;20;1520;Boleto;Sim;Sim;3;Não;Não;December;18/12/2025
17;C0587;68;F;Solteiro;Curitiba;Sul;20012;6;Site;Cadeira Gamer;Móveis;3;1800;10;4860;Pix;Sim;Sim;5;Não;Não;August;12/08/2025
18;C0176;24;F;Casado;São Paulo;Sudeste;5283;10;Loja;Smartphone;Telefonia;3;2800;15;7140;Pix;Sim;Sim;3;Não;Não;July;30/07/2025
19;C0796;34;M;Solteiro;Manaus;Norte;4960;7;Loja;Notebook;Informática;1;4500;10;4050;Cartão;Sim;Sim;5;Não;Não;June;11/06/2025
20;C0799;47;F;Casado;Recife;Nordeste;21715;6;Site;Smartwatch;Wearables;1;1600;10;1440;Cartão;Sim;Não;5;Não;Não;July;19/07/2025
21;C0299;70;M;Solteiro;Brasília;Centro-Oeste;2575;9;App;SSD 1TB;Armazenamento;1;650;0;650;Pix;Não;Sim;4;Não;Não;October;05/10/2025
22;C0351;30;F;Divorciado;Belém;Norte;7112;3;Loja;Teclado;Informática;3;220;5;627;Cartão;Sim;Não;4;Não;Não;October;24/10/2025
23;C0130;40;M;Casado;Brasília;Centro-Oeste;9641;13;App;Teclado;Informática;2;220;5;418;Boleto;Sim;Sim;5;Não;Não;October;12/10/2025
24;C0407;34;F;Solteiro;Manaus;Norte;2343;8;Site;Headset;Informática;3;380;20;912;Pix;Sim;Sim;4;Não;Não;April;02/04/2025
25;C0567;20;M;Casado;Recife;Nordeste;3643;0;Site;Monitor;Informática;4;1100;10;3960;Boleto;Sim;Não;3;Não;Não;March;19/03/2025
26;C0764;43;M;Solteiro;Curitiba;Sul;13061;6;Site;Webcam;Informática;4;260;5;988;Boleto;Sim;Sim;5;Não;Não;June;09/06/2025
27;C0193;28;M;Solteiro;Fortaleza;Nordeste;1974;11;App;Headset;Informática;4;380;10;1368;Cartão;Sim;Sim;2;Sim;Não;October;07/10/2025
28;C0749;34;F;Divorciado;Belém;Norte;2401;6;App;Roteador;Redes;3;480;5;1368;Boleto;Sim;Não;4;Não;Não;November;26/11/2025
29;C0678;28;F;Solteiro;São Paulo;Sudeste;14553;10;Site;Monitor;Informática;1;1100;10;990;Cartão;Sim;Sim;3;Não;Não;June;01/06/2025
30;C0555;36;M;Solteiro;Brasília;Centro-Oeste;7983;0;App;Impressora;Informática;4;950;15;3230;Boleto;Sim;Não;4;Não;Não;March;29/03/2025
31;C0740;51;F;Solteiro;Recife;Nordeste;19465;4;Loja;Mouse;Informática;1;120;15;102;Boleto;Sim;Sim;4;Não;Não;March;20/03/2025
32;C0614;57;F;Solteiro;Belém;Norte;12491;15;Loja;Roteador;Redes;1;480;0;480;Cartão;Não;Sim;5;Não;Não;August;31/08/2025
33;C0511;25;F;Casado;Fortaleza;Nordeste;20979;11;Loja;Mouse;Informática;4;120;10;432;Pix;Sim;Sim;5;Não;Não;June;16/06/2025
34;C0443;50;M;Casado;Fortaleza;Nordeste;15007;10;Loja;Webcam;Informática;2;260;15;442;Cartão;Sim;Não;5;Não;Não;July;29/07/2025
35;C0605;42;F;Solteiro;Fortaleza;Nordeste;20365;4;Site;Smartphone;Telefonia;1;2800;0;2800;Pix;Não;Não;4;Não;Não;October;07/10/2025
36;C0642;35;F;Casado;São Paulo;Sudeste;20192;3;Loja;SSD 1TB;Armazenamento;4;650;0;2600;Cartão;Não;Sim;4;Não;Não;June;22/06/2025
37;C0098;61;M;Divorciado;Rio de Janeiro;Sudeste;15707;11;Site;Notebook;Informática;4;4500;10;16200;Cartão;Sim;Sim;4;Não;Não;March;08/03/2025
38;C0343;55;M;Casado;Fortaleza;Nordeste;12900;0;Loja;Monitor;Informática;1;1100;10;990;Cartão;Sim;Não;5;Não;Não;January;10/01/2025
39;C0799;31;M;Divorciado;Curitiba;Sul;13905;2;Site;Monitor;Informática;1;1100;20;880;Pix;Sim;Não;3;Não;Não;August;26/08/2025
40;C0212;56;F;Divorciado;Curitiba;Sul;4561;13;App;Impressora;Informática;2;950;0;1900;Pix;Não;Sim;4;Não;Não;October;09/10/2025
41;C0752;50;F;Casado;Recife;Nordeste;13057;11;Loja;Webcam;Informática;3;260;5;741;Boleto;Sim;Sim;3;Não;Não;September;08/09/2025
42;C0137;19;M;Casado;Curitiba;Sul;17073;6;Site;Headset;Informática;4;380;0;1520;Pix;Não;Sim;5;Não;Não;November;27/11/2025
43;C0678;50;M;Casado;Belém;Norte;18499;10;Site;Impressora;Informática;3;950;0;2850;Pix;Não;Sim;4;Não;Não;May;12/05/2025
44;C0541;51;M;Divorciado;Belém;Norte;21767;6;Loja;Monitor;Informática;2;1100;0;2200;Pix;Não;Não;3;Não;Não;May;19/05/2025
45;C0795;63;M;Solteiro;Recife;Nordeste;13719;12;Site;Roteador;Redes;2;480;0;960;Boleto;Não;Sim;5;Não;Não;March;15/03/2025
46;C0135;69;F;Divorciado;Manaus;Norte;10987;9;App;Smartphone;Telefonia;2;2800;0;5600;Cartão;Não;Sim;4;Não;Não;March;28/03/2025
47;C0192;62;F;Solteiro;São Paulo;Sudeste;15363;15;App;Smartphone;Telefonia;3;2800;0;8400;Cartão;Não;Sim;4;Não;Não;December;15/12/2025
48;C0766;44;F;Casado;São Paulo;Sudeste;18453;1;Site;Smartphone;Telefonia;1;2800;10;2520;Boleto;Sim;Não;5;Não;Não;May;12/05/2025
49;C0337;66;F;Solteiro;Rio de Janeiro;Sudeste;4750;13;App;Monitor;Informática;2;1100;0;2200;Cartão;Não;Sim;4;Não;Não;March;23/03/2025
50;C0549;45;M;Casado;Recife;Nordeste;8654;9;Site;Webcam;Informática;4;260;0;1040;Pix;Não;Não;5;Não;Não;February;10/02/2025
51;C0363;63;F;Solteiro;São Paulo;Sudeste;8470;13;Loja;SSD 1TB;Armazenamento;1;650;5;617,5;Boleto;Sim;Sim;5;Não;Não;May;18/05/2025
52;C0295;65;M;Casado;Manaus;Norte;17416;14;App;Mouse;Informática;4;120;20;384;Pix;Sim;Sim;3;Não;Não;August;22/08/2025
53;C0387;56;F;Divorciado;Recife;Nordeste;10151;2;Site;Smartphone;Telefonia;1;2800;10;2520;Pix;Sim;Não;4;Não;Não;October;30/10/2025
54;C0043;22;M;Divorciado;Belém;Norte;14456;14;Site;Headset;Informática;1;380;0;380;Cartão;Não;Sim;1;Sim;Não;February;17/02/2025
55;C0173;52;M;Solteiro;Manaus;Norte;4130;3;App;Mouse;Informática;2;120;0;240;Cartão;Não;Sim;4;Não;Não;December;20/12/2025
56;C0249;43;F;Divorciado;Recife;Nordeste;15525;1;Site;Cadeira Gamer;Móveis;2;1800;10;3240;Boleto;Sim;Não;5;Não;Não;September;01/09/2025
57;C0605;42;M;Divorciado;Manaus;Norte;18149;6;Site;Notebook;Informática;4;4500;10;16200;Cartão;Sim;Sim;5;Não;Não;May;17/05/2025
58;C0786;45;F;Casado;São Paulo;Sudeste;19179;3;Site;Smartwatch;Wearables;1;1600;5;1520;Pix;Sim;Sim;5;Não;Não;August;01/08/2025
59;C0411;18;F;Solteiro;Manaus;Norte;10407;5;Site;Mouse;Informática;1;120;0;120;Boleto;Não;Não;2;Sim;Não;November;20/11/2025
60;C0730;53;F;Casado;Manaus;Norte;13454;14;App;Notebook;Informática;2;4500;10;8100;Pix;Sim;Não;2;Sim;Não;March;28/03/2025
61;C0668;22;M;Solteiro;Manaus;Norte;11201;1;Site;Mouse;Informática;1;120;15;102;Pix;Sim;Não;5;Não;Não;October;08/10/2025
62;C0651;51;F;Casado;Manaus;Norte;19549;11;Loja;Headset;Informática;4;380;0;1520;Boleto;Não;Sim;4;Não;Não;February;15/02/2025
63;C0452;61;F;Solteiro;Rio de Janeiro;Sudeste;7193;6;Site;Smartphone;Telefonia;4;2800;0;11200;Pix;Não;Sim;3;Não;Sim;February;08/02/2025
64;C0766;66;F;Divorciado;Rio de Janeiro;Sudeste;17343;4;App;Smartphone;Telefonia;2;2800;5;5320;Cartão;Sim;Sim;1;Sim;Não;February;15/02/2025
65;C0715;49;M;Divorciado;Recife;Nordeste;18587;11;Loja;Impressora;Informática;1;950;10;855;Pix;Sim;Sim;4;Não;Não;June;05/06/2025
66;C0609;61;F;Casado;Manaus;Norte;2735;10;App;Smartphone;Telefonia;4;2800;5;10640;Pix;Sim;Sim;4;Não;Não;September;15/09/2025
67;C0679;48;F;Solteiro;São Paulo;Sudeste;1930;9;Loja;Monitor;Informática;1;1100;0;1100;Boleto;Não;Sim;3;Não;Não;November;17/11/2025
68;C0006;46;F;Solteiro;Rio de Janeiro;Sudeste;12441;14;App;Smartwatch;Wearables;3;1600;0;4800;Cartão;Não;Sim;5;Não;Não;May;09/05/2025
69;C0457;65;M;Casado;Curitiba;Sul;12061;5;Loja;Headset;Informática;1;380;0;380;Cartão;Não;Não;4;Não;Não;April;26/04/2025
70;C0709;60;M;Solteiro;Belém;Norte;9331;12;Loja;Smartphone;Telefonia;4;2800;0;11200;Boleto;Não;Sim;5;Não;Não;July;13/07/2025
71;C0711;34;M;Casado;Rio de Janeiro;Sudeste;7554;9;Loja;Cadeira Gamer;Móveis;2;1800;0;3600;Pix;Não;Não;5;Não;Não;August;16/08/2025
72;C0385;58;M;Divorciado;Manaus;Norte;21848;9;App;Mouse;Informática;3;120;15;306;Boleto;Sim;Sim;5;Não;Não;September;19/09/2025
73;C0293;69;M;Casado;Brasília;Centro-Oeste;19027;7;Loja;Headset;Informática;4;380;0;1520;Pix;Não;Não;4;Não;Não;October;14/10/2025
74;C0599;42;M;Divorciado;Manaus;Norte;5305;7;Loja;Headset;Informática;4;380;5;1444;Pix;Sim;Não;4;Não;Não;July;11/07/2025
75;C0032;52;F;Solteiro;Belém;Norte;8922;12;Loja;Cadeira Gamer;Móveis;3;1800;5;5130;Cartão;Sim;Não;4;Não;Não;May;01/05/2025
76;C0329;37;F;Solteiro;Belém;Norte;12998;4;Site;Smartwatch;Wearables;1;1600;5;1520;Boleto;Sim;Não;3;Não;Não;September;06/09/2025
77;C0350;56;F;Solteiro;Belém;Norte;13151;7;Loja;Webcam;Informática;1;260;15;221;Pix;Sim;Sim;5;Não;Não;February;16/02/2025
78;C0022;61;M;Casado;Belém;Norte;16276;15;Loja;Webcam;Informática;3;260;10;702;Cartão;Sim;Não;4;Não;Não;November;24/11/2025
79;C0071;34;F;Casado;Belém;Norte;13271;5;Loja;Teclado;Informática;3;220;0;660;Boleto;Não;Não;5;Não;Não;April;26/04/2025
80;C0374;66;F;Casado;Belém;Norte;20735;8;Loja;Cadeira Gamer;Móveis;3;1800;0;5400;Boleto;Não;Não;4;Não;Não;August;03/08/2025
81;C0260;20;M;Divorciado;Fortaleza;Nordeste;11307;13;App;SSD 1TB;Armazenamento;2;650;10;1170;Pix;Sim;Não;4;Não;Não;July;03/07/2025
82;C0530;37;M;Casado;Belém;Norte;21670;7;Loja;Monitor;Informática;3;1100;10;2970;Pix;Sim;Não;5;Não;Não;December;05/12/2025
83;C0345;43;M;Divorciado;Fortaleza;Nordeste;21746;12;App;Smartphone;Telefonia;4;2800;10;10080;Cartão;Sim;Sim;4;Não;Não;July;03/07/2025
84;C0015;66;M;Casado;Recife;Nordeste;10027;15;Loja;Smartwatch;Wearables;4;1600;0;6400;Boleto;Não;Sim;5;Não;Não;October;06/10/2025
85;C0056;25;M;Casado;Curitiba;Sul;14380;9;App;Roteador;Redes;3;480;0;1440;Pix;Não;Sim;2;Sim;Não;January;26/01/2025
86;C0726;41;M;Solteiro;Manaus;Norte;11272;4;Loja;Headset;Informática;2;380;0;760;Pix;Não;Não;5;Não;Não;October;29/10/2025
87;C0753;64;M;Solteiro;São Paulo;Sudeste;16244;0;App;Monitor;Informática;4;1100;15;3740;Cartão;Sim;Não;4;Não;Não;April;08/04/2025
88;C0053;44;M;Solteiro;Curitiba;Sul;19369;5;Site;Roteador;Redes;1;480;0;480;Cartão;Não;Não;4;Não;Não;August;14/08/2025
89;C0651;58;F;Solteiro;Curitiba;Sul;4897;4;Site;SSD 1TB;Armazenamento;4;650;5;2470;Boleto;Sim;Sim;4;Não;Não;June;01/06/2025
90;C0032;24;F;Casado;Brasília;Centro-Oeste;4325;11;Site;Mouse;Informática;1;120;0;120;Pix;Não;Sim;3;Não;Não;April;10/04/2025
91;C0349;34;F;Casado;Belém;Norte;19609;2;App;Webcam;Informática;3;260;10;702;Pix;Sim;Não;5;Não;Não;March;18/03/2025
92;C0199;53;M;Divorciado;Belém;Norte;14590;8;Site;Webcam;Informática;3;260;0;780;Cartão;Não;Não;5;Não;Não;February;03/02/2025
93;C0656;56;F;Divorciado;Curitiba;Sul;19309;1;App;Smartphone;Telefonia;2;2800;10;5040;Pix;Sim;Não;4;Não;Não;June;06/06/2025
94;C0156;35;M;Casado;Belém;Norte;8610;9;Loja;Impressora;Informática;4;950;0;3800;Boleto;Não;Sim;4;Não;Não;January;25/01/2025
95;C0070;36;M;Solteiro;Rio de Janeiro;Sudeste;8437;0;Loja;Smartphone;Telefonia;2;2800;10;5040;Pix;Sim;Não;5;Não;Não;May;10/05/2025
96;C0511;51;M;Divorciado;Recife;Nordeste;19514;7;Loja;Impressora;Informática;4;950;15;3230;Boleto;Sim;Sim;4;Não;Não;November;30/11/2025
97;C0351;41;F;Divorciado;Curitiba;Sul;19980;11;App;Headset;Informática;1;380;5;361;Cartão;Sim;Não;5;Não;Não;August;27/08/2025
98;C0699;21;F;Casado;São Paulo;Sudeste;17301;12;Loja;Monitor;Informática;1;1100;0;1100;Pix;Não;Sim;3;Não;Não;May;23/05/2025
99;C0219;47;F;Solteiro;Manaus;Norte;19085;15;Site;Headset;Informática;2;380;10;684;Cartão;Sim;Não;4;Não;Não;August;09/08/2025
100;C0294;45;M;Divorciado;Brasília;Centro-Oeste;8384;2;Site;Smartphone;Telefonia;2;2800;5;5320;Boleto;Sim;Não;5;Não;Não;December;27/12/2025
101;C0502;34;M;Divorciado;Rio de Janeiro;Sudeste;12636;2;App;Roteador;Redes;3;480;0;1440;Pix;Não;Não;4;Não;Não;April;26/04/2025
102;C0317;57;M;Casado;Fortaleza;Nordeste;3206;8;App;Roteador;Redes;3;480;10;1296;Cartão;Sim;Sim;3;Não;Não;June;22/06/2025
103;C0713;69;F;Casado;Brasília;Centro-Oeste;12103;13;Loja;Roteador;Redes;3;480;0;1440;Pix;Não;Sim;5;Não;Não;June;16/06/2025
104;C0591;38;F;Casado;Curitiba;Sul;2243;9;App;Cadeira Gamer;Móveis;3;1800;10;4860;Boleto;Sim;Sim;5;Não;Não;February;08/02/2025
105;C0786;53;F;Casado;Curitiba;Sul;14829;0;Loja;Mouse;Informática;3;120;10;324;Pix;Sim;Não;4;Não;Não;October;14/10/2025
106;C0001;22;F;Solteiro;Manaus;Norte;12072;4;Loja;Headset;Informática;1;380;10;342;Pix;Sim;Sim;3;Não;Não;April;12/04/2025
107;C0771;69;F;Casado;Rio de Janeiro;Sudeste;8971;1;Site;Notebook;Informática;2;4500;10;8100;Boleto;Sim;Não;4;Não;Não;September;02/09/2025
108;C0460;62;F;Casado;Brasília;Centro-Oeste;4343;3;Loja;Monitor;Informática;3;1100;0;3300;Boleto;Não;Sim;1;Sim;Não;May;04/05/2025
109;C0040;21;M;Solteiro;Rio de Janeiro;Sudeste;1912;0;Loja;Smartwatch;Wearables;2;1600;10;2880;Cartão;Sim;Não;5;Não;Não;September;10/09/2025
110;C0101;39;M;Solteiro;Rio de Janeiro;Sudeste;3270;2;App;Teclado;Informática;4;220;0;880;Pix;Não;Não;4;Não;Não;March;18/03/2025
111;C0795;56;M;Casado;Manaus;Norte;12914;15;Site;Smartphone;Telefonia;2;2800;0;5600;Pix;Não;Não;2;Sim;Não;April;11/04/2025
112;C0504;21;F;Casado;Belém;Norte;18583;13;Loja;Headset;Informática;1;380;0;380;Boleto;Não;Sim;5;Não;Não;February;24/02/2025
113;C0300;49;F;Divorciado;Brasília;Centro-Oeste;17227;10;Loja;Headset;Informática;3;380;0;1140;Cartão;Não;Sim;5;Não;Não;February;19/02/2025
114;C0405;49;M;Divorciado;São Paulo;Sudeste;12173;14;Loja;Smartphone;Telefonia;2;2800;0;5600;Boleto;Não;Sim;5;Não;Não;December;15/12/2025
115;C0724;28;M;Casado;Rio de Janeiro;Sudeste;15126;12;App;Headset;Informática;2;380;5;722;Pix;Sim;Não;5;Não;Não;January;08/01/2025
116;C0541;64;F;Divorciado;Curitiba;Sul;6857;4;Loja;SSD 1TB;Armazenamento;2;650;0;1300;Boleto;Não;Sim;5;Não;Não;January;13/01/2025
117;C0700;69;M;Solteiro;Brasília;Centro-Oeste;3773;3;Site;Headset;Informática;4;380;0;1520;Boleto;Não;Sim;3;Não;Não;January;28/01/2025
118;C0108;32;F;Divorciado;São Paulo;Sudeste;13036;5;Site;Monitor;Informática;4;1100;10;3960;Boleto;Sim;Sim;5;Não;Não;March;13/03/2025
119;C0480;43;F;Divorciado;São Paulo;Sudeste;4929;12;Site;Smartwatch;Wearables;1;1600;0;1600;Cartão;Não;Não;4;Não;Não;January;22/01/2025
120;C0021;28;F;Solteiro;Brasília;Centro-Oeste;20804;12;Site;Smartphone;Telefonia;2;2800;0;5600;Cartão;Não;Sim;4;Não;Não;June;13/06/2025
121;C0329;20;F;Solteiro;Recife;Nordeste;5705;1;App;Notebook;Informática;4;4500;10;16200;Cartão;Sim;Não;5;Não;Não;February;06/02/2025
122;C0743;63;M;Solteiro;Belém;Norte;7339;8;Loja;Impressora;Informática;3;950;0;2850;Boleto;Não;Sim;4;Não;Não;October;12/10/2025
123;C0672;44;F;Solteiro;Recife;Nordeste;10113;6;Loja;Mouse;Informática;1;120;0;120;Pix;Não;Sim;1;Sim;Não;June;29/06/2025
124;C0002;28;F;Casado;São Paulo;Sudeste;1860;11;App;Smartphone;Telefonia;1;2800;0;2800;Cartão;Não;Não;4;Não;Não;March;01/03/2025
125;C0523;31;M;Solteiro;Manaus;Norte;19124;4;App;Headset;Informática;1;380;10;342;Pix;Sim;Sim;3;Não;Não;March;08/03/2025
126;C0190;29;F;Divorciado;Brasília;Centro-Oeste;8509;15;App;Headset;Informática;4;380;5;1444;Cartão;Sim;Sim;5;Não;Não;June;06/06/2025
127;C0176;36;M;Divorciado;Recife;Nordeste;11200;4;Loja;Webcam;Informática;4;260;0;1040;Pix;Não;Não;5;Não;Não;November;11/11/2025
128;C0644;49;M;Casado;Fortaleza;Nordeste;15035;12;Loja;Roteador;Redes;4;480;0;1920;Pix;Não;Sim;4;Não;Não;December;05/12/2025
129;C0371;39;F;Casado;Brasília;Centro-Oeste;13744;14;Loja;Smartwatch;Wearables;1;1600;0;1600;Pix;Não;Sim;3;Não;Não;September;18/09/2025
130;C0477;68;F;Casado;Fortaleza;Nordeste;17024;3;Loja;Cadeira Gamer;Móveis;4;1800;0;7200;Cartão;Não;Sim;5;Não;Não;January;23/01/2025
131;C0250;47;F;Solteiro;Recife;Nordeste;15468;7;App;Teclado;Informática;4;220;0;880;Cartão;Não;Sim;1;Sim;Não;July;19/07/2025
132;C0516;55;M;Casado;Belém;Norte;15203;9;Site;Webcam;Informática;2;260;0;520;Cartão;Não;Não;3;Não;Não;March;29/03/2025
133;C0186;20;M;Casado;Recife;Nordeste;9935;15;Loja;Notebook;Informática;1;4500;10;4050;Cartão;Sim;Sim;5;Não;Não;December;09/12/2025
134;C0023;19;F;Divorciado;São Paulo;Sudeste;7276;0;App;Smartphone;Telefonia;1;2800;10;2520;Boleto;Sim;Não;5;Não;Não;March;16/03/2025
135;C0633;51;M;Casado;São Paulo;Sudeste;18127;4;Loja;SSD 1TB;Armazenamento;2;650;0;1300;Cartão;Não;Sim;2;Sim;Não;August;13/08/2025
136;C0280;45;M;Casado;Rio de Janeiro;Sudeste;7226;6;Loja;Roteador;Redes;4;480;15;1632;Cartão;Sim;Sim;3;Não;Não;February;16/02/2025
137;C0716;41;F;Casado;Curitiba;Sul;16285;12;Site;Impressora;Informática;3;950;15;2422,5;Boleto;Sim;Sim;5;Não;Não;January;19/01/2025
138;C0216;31;F;Solteiro;São Paulo;Sudeste;15959;12;Site;Smartwatch;Wearables;2;1600;5;3040;Pix;Sim;Sim;4;Não;Não;March;30/03/2025
139;C0579;35;M;Solteiro;Recife;Nordeste;2700;4;Site;Cadeira Gamer;Móveis;3;1800;0;5400;Pix;Não;Sim;4;Não;Não;June;22/06/2025
140;C0395;38;M;Divorciado;Rio de Janeiro;Sudeste;17186;3;Site;Smartwatch;Wearables;2;1600;0;3200;Pix;Não;Sim;5;Não;Não;December;29/12/2025
141;C0438;64;M;Casado;Manaus;Norte;4117;2;Loja;Mouse;Informática;4;120;0;480;Cartão;Não;Não;5;Não;Não;July;04/07/2025
142;C0650;52;M;Casado;Manaus;Norte;2716;14;Site;Mouse;Informática;1;120;15;102;Pix;Sim;Sim;5;Não;Não;April;17/04/2025
143;C0244;22;M;Casado;Manaus;Norte;10248;0;Site;Smartphone;Telefonia;4;2800;10;10080;Boleto;Sim;Não;5;Não;Não;June;19/06/2025
144;C0659;67;M;Solteiro;Manaus;Norte;4106;1;Loja;Mouse;Informática;3;120;15;306;Pix;Sim;Não;4;Não;Não;July;07/07/2025
145;C0105;40;M;Casado;Rio de Janeiro;Sudeste;6188;2;Loja;Teclado;Informática;3;220;0;660;Pix;Não;Não;5;Não;Não;November;18/11/2025
146;C0625;69;F;Divorciado;Belém;Norte;19825;1;Loja;Cadeira Gamer;Móveis;3;1800;10;4860;Cartão;Sim;Não;2;Sim;Não;April;02/04/2025
147;C0227;49;F;Solteiro;Brasília;Centro-Oeste;20355;14;Site;Mouse;Informática;4;120;5;456;Cartão;Sim;Não;4;Não;Não;August;25/08/2025
148;C0311;34;F;Casado;Curitiba;Sul;21670;1;App;Smartphone;Telefonia;3;2800;10;7560;Cartão;Sim;Não;4;Não;Não;March;12/03/2025
149;C0774;38;F;Divorciado;Curitiba;Sul;12388;13;Loja;Headset;Informática;4;380;10;1368;Cartão;Sim;Sim;5;Não;Não;February;11/02/2025
150;C0222;41;M;Casado;Manaus;Norte;15241;9;Loja;Headset;Informática;1;380;5;361;Cartão;Sim;Sim;3;Não;Não;November;10/11/2025
151;C0084;35;F;Divorciado;Manaus;Norte;17917;8;Site;Headset;Informática;4;380;0;1520;Boleto;Não;Não;4;Não;Não;July;26/07/2025
152;C0669;54;F;Divorciado;Manaus;Norte;11902;8;Loja;Headset;Informática;1;380;15;323;Cartão;Sim;Sim;5;Não;Não;January;24/01/2025
153;C0437;57;M;Casado;Rio de Janeiro;Sudeste;5231;8;Loja;Cadeira Gamer;Móveis;3;1800;20;4320;Pix;Sim;Não;5;Não;Não;September;19/09/2025
154;C0062;64;M;Casado;Brasília;Centro-Oeste;16161;3;App;Teclado;Informática;3;220;10;594;Pix;Sim;Sim;2;Sim;Não;January;07/01/2025
155;C0190;50;M;Divorciado;Recife;Nordeste;6004;10;App;Notebook;Informática;2;4500;10;8100;Boleto;Sim;Não;4;Não;Não;December;13/12/2025
156;C0455;52;F;Casado;Brasília;Centro-Oeste;18736;15;Site;Cadeira Gamer;Móveis;4;1800;10;6480;Boleto;Sim;Sim;4;Não;Não;November;28/11/2025
157;C0354;38;M;Casado;Brasília;Centro-Oeste;15854;0;App;Smartphone;Telefonia;3;2800;10;7560;Boleto;Sim;Não;3;Não;Não;December;07/12/2025
158;C0718;61;M;Casado;Manaus;Norte;19517;15;Site;Smartphone;Telefonia;1;2800;0;2800;Boleto;Não;Sim;5;Não;Não;August;22/08/2025
159;C0070;49;M;Casado;Rio de Janeiro;Sudeste;15142;8;Loja;Monitor;Informática;2;1100;0;2200;Pix;Não;Sim;4;Não;Não;November;12/11/2025
160;C0056;31;M;Casado;Recife;Nordeste;2826;10;Site;Webcam;Informática;4;260;5;988;Boleto;Sim;Não;5;Sim;Não;June;04/06/2025
161;C0362;48;F;Solteiro;Belém;Norte;14420;5;App;Monitor;Informática;2;1100;0;2200;Cartão;Não;Sim;4;Não;Não;June;10/06/2025
162;C0787;25;M;Solteiro;Recife;Nordeste;5711;3;Loja;Monitor;Informática;4;1100;5;4180;Cartão;Sim;Sim;4;Não;Não;December;23/12/2025
163;C0314;48;F;Casado;Fortaleza;Nordeste;8202;4;Loja;Teclado;Informática;3;220;0;660;Boleto;Não;Não;5;Não;Não;September;07/09/2025
164;C0491;25;F;Solteiro;Fortaleza;Nordeste;10666;8;App;Notebook;Informática;3;4500;0;13500;Cartão;Não;Sim;5;Não;Não;March;30/03/2025
165;C0533;28;M;Solteiro;Belém;Norte;11624;6;Loja;Cadeira Gamer;Móveis;1;1800;15;1530;Boleto;Sim;Sim;5;Não;Não;February;21/02/2025
166;C0653;36;M;Casado;Curitiba;Sul;11374;2;App;Smartphone;Telefonia;4;2800;0;11200;Cartão;Não;Não;5;Não;Não;February;08/02/2025
167;C0140;41;F;Solteiro;Curitiba;Sul;6477;12;Site;Mouse;Informática;1;120;10;108;Cartão;Sim;Sim;5;Não;Não;April;03/04/2025
168;C0404;70;M;Divorciado;Rio de Janeiro;Sudeste;13548;1;Loja;Mouse;Informática;1;120;20;96;Boleto;Sim;Não;4;Não;Não;July;23/07/2025
169;C0363;65;M;Casado;Manaus;Norte;12399;11;Loja;Smartphone;Telefonia;1;2800;0;2800;Pix;Não;Não;2;Sim;Não;June;09/06/2025
170;C0395;38;M;Casado;Fortaleza;Nordeste;7651;5;Loja;SSD 1TB;Armazenamento;2;650;0;1300;Boleto;Não;Não;3;Não;Não;June;25/06/2025
171;C0263;57;F;Divorciado;São Paulo;Sudeste;9004;7;Site;Monitor;Informática;2;1100;0;2200;Boleto;Não;Não;5;Não;Não;January;02/01/2025
172;C0711;45;F;Divorciado;São Paulo;Sudeste;6481;14;Site;Smartwatch;Wearables;3;1600;0;4800;Cartão;Não;Não;5;Não;Não;September;13/09/2025
173;C0276;37;M;Solteiro;Recife;Nordeste;13616;6;App;Teclado;Informática;1;220;5;209;Cartão;Sim;Não;3;Não;Não;February;16/02/2025
174;C0648;30;M;Solteiro;Manaus;Norte;9870;14;Site;Headset;Informática;1;380;0;380;Cartão;Não;Sim;4;Não;Não;February;28/02/2025
175;C0699;69;F;Divorciado;Fortaleza;Nordeste;15103;3;Loja;Monitor;Informática;2;1100;10;1980;Cartão;Sim;Sim;5;Não;Não;January;19/01/2025
176;C0745;65;M;Solteiro;Manaus;Norte;18207;0;Site;Headset;Informática;2;380;10;684;Cartão;Sim;Não;3;Não;Não;May;21/05/2025
177;C0285;38;F;Casado;Curitiba;Sul;9221;13;Site;Notebook;Informática;3;4500;0;13500;Pix;Não;Sim;5;Não;Sim;July;27/07/2025
178;C0092;35;F;Solteiro;Recife;Nordeste;5157;10;Loja;Mouse;Informática;4;120;20;384;Boleto;Sim;Sim;4;Não;Não;December;05/12/2025
179;C0158;44;F;Casado;Belém;Norte;18998;11;Site;Cadeira Gamer;Móveis;2;1800;5;3420;Boleto;Sim;Não;4;Não;Não;January;15/01/2025
180;C0458;48;F;Divorciado;Belém;Norte;9133;2;Site;Webcam;Informática;1;260;15;221;Pix;Sim;Não;5;Não;Não;March;03/03/2025
181;C0405;56;M;Casado;Brasília;Centro-Oeste;11774;8;App;Cadeira Gamer;Móveis;4;1800;15;6120;Boleto;Sim;Sim;4;Não;Não;December;07/12/2025
182;C0792;25;M;Divorciado;Fortaleza;Nordeste;15955;1;Loja;SSD 1TB;Armazenamento;2;650;10;1170;Boleto;Sim;Não;4;Não;Não;October;23/10/2025
183;C0429;62;M;Solteiro;São Paulo;Sudeste;16081;7;App;Monitor;Informática;3;1100;10;2970;Cartão;Sim;Sim;4;Não;Não;September;10/09/2025
184;C0488;60;F;Solteiro;Rio de Janeiro;Sudeste;16826;9;App;Monitor;Informática;4;1100;20;3520;Pix;Sim;Sim;5;Não;Não;June;06/06/2025
185;C0264;43;F;Divorciado;Belém;Norte;5749;7;Loja;Webcam;Informática;2;260;15;442;Boleto;Sim;Sim;1;Sim;Não;November;24/11/2025
186;C0318;54;F;Casado;Rio de Janeiro;Sudeste;7713;3;Site;Headset;Informática;4;380;0;1520;Cartão;Não;Sim;5;Não;Não;December;22/12/2025
187;C0679;30;F;Casado;Rio de Janeiro;Sudeste;15555;15;Site;Teclado;Informática;4;220;10;792;Boleto;Sim;Sim;4;Não;Não;December;14/12/2025
188;C0440;38;F;Casado;Curitiba;Sul;18132;4;App;Notebook;Informática;1;4500;15;3825;Pix;Sim;Sim;5;Não;Não;July;19/07/2025
189;C0399;29;M;Divorciado;Fortaleza;Nordeste;8623;13;Site;Smartwatch;Wearables;4;1600;15;5440;Cartão;Sim;Sim;2;Sim;Não;October;31/10/2025
190;C0673;48;F;Solteiro;Brasília;Centro-Oeste;10722;3;Site;Impressora;Informática;3;950;20;2280;Pix;Sim;Sim;5;Não;Não;August;30/08/2025
191;C0580;62;M;Casado;Brasília;Centro-Oeste;7068;4;Loja;Roteador;Redes;1;480;0;480;Boleto;Não;Sim;5;Não;Não;June;09/06/2025
192;C0661;65;F;Casado;São Paulo;Sudeste;15277;11;App;Smartphone;Telefonia;3;2800;0;8400;Cartão;Não;Não;4;Não;Não;June;02/06/2025
193;C0015;27;M;Solteiro;Belém;Norte;20448;13;Loja;Smartwatch;Wearables;2;1600;5;3040;Pix;Sim;Sim;3;Não;Não;December;21/12/2025
194;C0609;20;M;Casado;Manaus;Norte;19105;14;App;Notebook;Informática;2;4500;5;8550;Boleto;Sim;Sim;5;Não;Não;December;09/12/2025
195;C0589;49;F;Casado;São Paulo;Sudeste;6209;12;App;Monitor;Informática;2;1100;0;2200;Cartão;Não;Sim;5;Não;Não;October;10/10/2025
196;C0518;64;M;Casado;Recife;Nordeste;10437;4;Site;Roteador;Redes;3;480;10;1296;Boleto;Sim;Sim;3;Não;Não;June;25/06/2025
197;C0026;58;M;Solteiro;Recife;Nordeste;4564;14;Site;Notebook;Informática;3;4500;0;13500;Cartão;Não;Sim;2;Sim;Não;March;21/03/2025
198;C0086;43;F;Divorciado;Recife;Nordeste;14423;3;App;Smartwatch;Wearables;2;1600;0;3200;Pix;Não;Sim;4;Não;Não;May;01/05/2025
199;C0333;70;F;Casado;Fortaleza;Nordeste;18616;14;Site;Notebook;Informática;1;4500;0;4500;Cartão;Não;Sim;5;Não;Não;November;18/11/2025
200;C0749;47;M;Casado;Curitiba;Sul;18402;15;Site;Notebook;Informática;1;4500;0;4500;Pix;Não;Sim;3;Não;Não;March;10/03/2025
201;C0033;57;F;Solteiro;Brasília;Centro-Oeste;14078;8;App;Webcam;Informática;4;260;0;1040;Cartão;Não;Não;4;Não;Não;March;23/03/2025
202;C0547;63;M;Divorciado;São Paulo;Sudeste;2993;8;Site;Smartwatch;Wearables;2;1600;15;2720;Boleto;Sim;Sim;3;Não;Não;February;18/02/2025
203;C0270;67;M;Solteiro;Rio de Janeiro;Sudeste;16332;12;App;Notebook;Informática;1;4500;20;3600;Boleto;Sim;Não;2;Sim;Não;January;26/01/2025
204;C0712;42;M;Casado;Belém;Norte;6630;0;Site;Smartphone;Telefonia;2;2800;10;5040;Cartão;Sim;Não;4;Não;Não;January;11/01/2025
205;C0506;61;F;Solteiro;Curitiba;Sul;15208;11;Site;Mouse;Informática;2;120;20;192;Cartão;Sim;Sim;5;Não;Não;October;21/10/2025
206;C0092;30;F;Solteiro;Curitiba;Sul;14345;5;Loja;Teclado;Informática;3;220;10;594;Pix;Sim;Não;5;Não;Não;November;27/11/2025
207;C0140;48;F;Casado;Rio de Janeiro;Sudeste;8475;4;Site;Mouse;Informática;1;120;20;96;Boleto;Sim;Sim;4;Não;Não;April;05/04/2025
208;C0292;37;F;Solteiro;Curitiba;Sul;9890;3;App;Smartphone;Telefonia;4;2800;10;10080;Boleto;Sim;Sim;1;Sim;Não;May;05/05/2025
209;C0733;68;M;Casado;Brasília;Centro-Oeste;5785;10;Loja;Cadeira Gamer;Móveis;3;1800;0;5400;Pix;Não;Não;5;Não;Não;February;12/02/2025
210;C0798;25;M;Divorciado;Fortaleza;Nordeste;6389;10;Loja;Mouse;Informática;3;120;15;306;Cartão;Sim;Sim;3;Não;Não;February;26/02/2025
211;C0075;29;F;Divorciado;Belém;Norte;14712;8;Loja;Smartphone;Telefonia;3;2800;5;7980;Boleto;Sim;Sim;4;Não;Não;April;07/04/2025
212;C0281;70;F;Divorciado;Rio de Janeiro;Sudeste;21191;9;Loja;Cadeira Gamer;Móveis;3;1800;15;4590;Pix;Sim;Sim;5;Não;Não;October;30/10/2025
213;C0004;49;F;Solteiro;Curitiba;Sul;17489;8;Site;Cadeira Gamer;Móveis;2;1800;0;3600;Cartão;Não;Não;5;Não;Não;October;30/10/2025
214;C0065;51;F;Casado;Rio de Janeiro;Sudeste;12884;1;Loja;Mouse;Informática;4;120;10;432;Pix;Sim;Não;2;Sim;Não;November;25/11/2025
215;C0302;43;M;Solteiro;Manaus;Norte;8411;9;Loja;Headset;Informática;4;380;0;1520;Cartão;Não;Sim;4;Não;Não;August;21/08/2025
216;C0024;39;F;Solteiro;Brasília;Centro-Oeste;12596;12;Loja;Impressora;Informática;1;950;0;950;Cartão;Não;Não;1;Sim;Não;June;15/06/2025
217;C0231;20;M;Solteiro;Manaus;Norte;5521;11;App;Headset;Informática;1;380;0;380;Pix;Não;Sim;5;Não;Não;August;28/08/2025
218;C0173;26;M;Divorciado;Recife;Nordeste;20877;9;Site;Notebook;Informática;3;4500;0;13500;Pix;Não;Sim;3;Não;Não;February;16/02/2025
219;C0201;54;F;Solteiro;São Paulo;Sudeste;15801;8;App;Smartphone;Telefonia;1;2800;5;2660;Cartão;Sim;Sim;5;Não;Não;January;19/01/2025
220;C0390;43;F;Solteiro;São Paulo;Sudeste;10515;12;Site;SSD 1TB;Armazenamento;4;650;5;2470;Boleto;Sim;Sim;2;Sim;Não;May;21/05/2025
221;C0434;36;F;Solteiro;Belém;Norte;3120;15;App;Teclado;Informática;3;220;10;594;Boleto;Sim;Sim;4;Não;Não;January;24/01/2025
222;C0614;21;F;Divorciado;Rio de Janeiro;Sudeste;3018;6;Loja;SSD 1TB;Armazenamento;2;650;0;1300;Cartão;Não;Sim;5;Não;Não;January;22/01/2025
223;C0503;47;M;Solteiro;Curitiba;Sul;10812;0;Site;SSD 1TB;Armazenamento;2;650;10;1170;Cartão;Sim;Não;4;Não;Não;May;20/05/2025
224;C0718;65;F;Solteiro;Rio de Janeiro;Sudeste;10726;1;Site;Mouse;Informática;2;120;10;216;Boleto;Sim;Não;5;Não;Não;January;14/01/2025
225;C0541;64;M;Casado;Manaus;Norte;9553;12;App;Mouse;Informática;3;120;0;360;Boleto;Não;Não;5;Não;Não;June;22/06/2025
226;C0748;60;M;Solteiro;Belém;Norte;8639;1;Site;Smartwatch;Wearables;1;1600;10;1440;Cartão;Sim;Não;4;Não;Não;January;04/01/2025
227;C0346;63;F;Casado;Recife;Nordeste;4719;14;Loja;Monitor;Informática;4;1100;5;4180;Pix;Sim;Sim;4;Não;Não;September;23/09/2025
228;C0407;37;F;Solteiro;Fortaleza;Nordeste;15705;10;App;Roteador;Redes;2;480;0;960;Cartão;Não;Sim;4;Não;Não;July;20/07/2025
229;C0044;67;F;Casado;Brasília;Centro-Oeste;3010;5;Loja;Teclado;Informática;4;220;15;748;Boleto;Sim;Sim;3;Não;Não;June;10/06/2025
230;C0649;49;F;Solteiro;Curitiba;Sul;7311;8;Site;Headset;Informática;3;380;5;1083;Boleto;Sim;Sim;5;Não;Não;December;12/12/2025
231;C0760;26;M;Solteiro;Recife;Nordeste;20923;6;App;Teclado;Informática;2;220;15;374;Pix;Sim;Sim;3;Não;Não;November;11/11/2025
232;C0349;24;F;Casado;Manaus;Norte;6347;14;Site;Mouse;Informática;2;120;0;240;Cartão;Não;Sim;3;Não;Não;May;15/05/2025
233;C0742;44;F;Solteiro;Curitiba;Sul;8962;10;App;Smartwatch;Wearables;3;1600;20;3840;Pix;Sim;Não;4;Não;Não;July;04/07/2025
234;C0333;35;M;Divorciado;Brasília;Centro-Oeste;10546;4;Loja;Impressora;Informática;4;950;0;3800;Boleto;Não;Sim;3;Não;Não;October;21/10/2025
235;C0390;64;M;Casado;Recife;Nordeste;2167;14;App;Mouse;Informática;2;120;0;240;Pix;Não;Não;4;Não;Não;July;18/07/2025
236;C0560;43;F;Casado;Fortaleza;Nordeste;19628;1;Loja;SSD 1TB;Armazenamento;1;650;10;585;Cartão;Sim;Não;5;Não;Não;October;17/10/2025
237;C0441;37;M;Solteiro;Brasília;Centro-Oeste;19104;3;App;Headset;Informática;1;380;0;380;Pix;Não;Não;5;Não;Não;November;12/11/2025
238;C0490;23;F;Solteiro;Manaus;Norte;12546;4;App;Mouse;Informática;1;120;0;120;Boleto;Não;Sim;3;Não;Não;March;21/03/2025
239;C0616;33;F;Divorciado;São Paulo;Sudeste;11138;2;Loja;Smartphone;Telefonia;3;2800;0;8400;Cartão;Não;Não;4;Não;Não;June;01/06/2025
240;C0292;60;M;Solteiro;Fortaleza;Nordeste;4389;12;Loja;Webcam;Informática;2;260;0;520;Boleto;Não;Não;4;Não;Não;December;21/12/2025
241;C0741;62;F;Casado;Recife;Nordeste;9248;0;Loja;SSD 1TB;Armazenamento;3;650;10;1755;Pix;Sim;Não;3;Não;Não;August;29/08/2025
242;C0652;66;M;Solteiro;Recife;Nordeste;12245;8;Loja;Cadeira Gamer;Móveis;2;1800;10;3240;Cartão;Sim;Sim;5;Não;Não;August;04/08/2025
243;C0547;49;F;Solteiro;Belém;Norte;6152;10;Loja;Smartphone;Telefonia;4;2800;20;8960;Boleto;Sim;Sim;4;Não;Não;December;13/12/2025
244;C0265;50;M;Casado;Manaus;Norte;7587;12;Site;Headset;Informática;3;380;20;912;Cartão;Sim;Sim;5;Não;Não;November;07/11/2025
245;C0440;55;F;Solteiro;Manaus;Norte;17075;8;Site;Notebook;Informática;4;4500;5;17100;Cartão;Sim;Sim;1;Sim;Não;May;24/05/2025
246;C0422;38;M;Casado;Curitiba;Sul;14609;2;Site;Webcam;Informática;2;260;10;468;Pix;Sim;Não;4;Não;Não;March;14/03/2025
247;C0473;51;M;Solteiro;Belém;Norte;7259;12;App;SSD 1TB;Armazenamento;4;650;0;2600;Cartão;Não;Sim;4;Não;Não;January;31/01/2025
248;C0736;59;F;Casado;Brasília;Centro-Oeste;4592;5;Loja;Mouse;Informática;3;120;10;324;Boleto;Sim;Sim;3;Não;Não;December;29/12/2025
249;C0692;55;F;Solteiro;São Paulo;Sudeste;18010;1;Site;Smartwatch;Wearables;3;1600;10;4320;Pix;Sim;Não;4;Não;Não;March;30/03/2025
250;C0511;23;F;Casado;São Paulo;Sudeste;10356;7;App;Smartwatch;Wearables;4;1600;10;5760;Cartão;Sim;Sim;4;Não;Não;January;19/01/2025
251;C0241;59;M;Casado;São Paulo;Sudeste;17493;1;Site;Monitor;Informática;3;1100;10;2970;Boleto;Sim;Não;4;Não;Não;December;21/12/2025
252;C0347;18;M;Solteiro;São Paulo;Sudeste;20437;4;Loja;Smartphone;Telefonia;1;2800;0;2800;Boleto;Não;Sim;5;Não;Não;January;25/01/2025
253;C0740;40;M;Casado;Fortaleza;Nordeste;5201;13;App;Headset;Informática;2;380;0;760;Cartão;Não;Sim;5;Não;Não;January;02/01/2025
254;C0626;31;M;Divorciado;São Paulo;Sudeste;8869;0;Loja;Monitor;Informática;3;1100;10;2970;Boleto;Sim;Não;4;Não;Não;April;26/04/2025
255;C0368;57;F;Divorciado;Curitiba;Sul;15608;6;Loja;Mouse;Informática;2;120;5;228;Cartão;Sim;Não;4;Não;Não;March;31/03/2025
256;C0495;21;F;Solteiro;Fortaleza;Nordeste;17355;8;Loja;Smartphone;Telefonia;1;2800;0;2800;Boleto;Não;Sim;3;Não;Não;September;08/09/2025
257;C0640;21;F;Casado;Rio de Janeiro;Sudeste;14482;5;Loja;SSD 1TB;Armazenamento;1;650;15;552,5;Cartão;Sim;Não;5;Não;Não;May;13/05/2025
258;C0528;62;M;Solteiro;Manaus;Norte;6703;5;App;Smartphone;Telefonia;2;2800;0;5600;Cartão;Não;Sim;4;Não;Não;June;16/06/2025
259;C0004;38;M;Solteiro;Curitiba;Sul;11831;4;Loja;Mouse;Informática;2;120;0;240;Boleto;Não;Não;5;Não;Não;February;25/02/2025
260;C0145;55;M;Solteiro;São Paulo;Sudeste;4811;9;Loja;SSD 1TB;Armazenamento;3;650;0;1950;Boleto;Não;Sim;5;Não;Não;March;15/03/2025
261;C0212;58;F;Divorciado;Rio de Janeiro;Sudeste;17804;15;Loja;Headset;Informática;3;380;0;1140;Pix;Não;Sim;3;Não;Não;March;13/03/2025
262;C0172;50;M;Divorciado;Manaus;Norte;16788;6;Loja;Headset;Informática;3;380;0;1140;Cartão;Não;Sim;5;Não;Não;October;21/10/2025
263;C0013;66;M;Casado;Curitiba;Sul;16265;1;App;SSD 1TB;Armazenamento;3;650;10;1755;Boleto;Sim;Não;3;Não;Não;May;02/05/2025
264;C0616;55;F;Divorciado;Curitiba;Sul;5054;13;Loja;SSD 1TB;Armazenamento;1;650;10;585;Cartão;Sim;Não;1;Sim;Não;July;11/07/2025
265;C0656;33;M;Casado;Brasília;Centro-Oeste;3407;9;Site;Cadeira Gamer;Móveis;4;1800;15;6120;Cartão;Sim;Sim;5;Não;Não;January;20/01/2025
266;C0273;23;M;Casado;Manaus;Norte;15338;11;Loja;Headset;Informática;1;380;10;342;Cartão;Sim;Sim;3;Não;Não;February;18/02/2025
267;C0769;46;M;Divorciado;Belém;Norte;5741;10;Loja;Smartwatch;Wearables;1;1600;0;1600;Pix;Não;Não;3;Não;Não;February;25/02/2025
268;C0268;40;M;Divorciado;Curitiba;Sul;12450;15;Loja;Mouse;Informática;4;120;0;480;Boleto;Não;Não;3;Não;Não;July;23/07/2025
269;C0627;34;F;Solteiro;Curitiba;Sul;10249;8;Site;Impressora;Informática;2;950;5;1805;Cartão;Sim;Sim;1;Sim;Não;March;20/03/2025
270;C0001;24;F;Divorciado;Belém;Norte;11968;3;Loja;Monitor;Informática;2;1100;5;2090;Cartão;Sim;Não;2;Sim;Não;September;23/09/2025
271;C0244;59;F;Casado;Rio de Janeiro;Sudeste;8137;12;Site;Webcam;Informática;4;260;10;936;Pix;Sim;Não;5;Não;Não;August;30/08/2025
272;C0410;64;F;Solteiro;Curitiba;Sul;7009;0;Site;Webcam;Informática;3;260;10;702;Cartão;Sim;Não;4;Não;Não;September;12/09/2025
273;C0133;50;M;Casado;Fortaleza;Nordeste;14691;13;Site;Webcam;Informática;4;260;10;936;Boleto;Sim;Sim;5;Não;Não;October;14/10/2025
274;C0125;19;F;Divorciado;Rio de Janeiro;Sudeste;20487;7;Loja;Impressora;Informática;1;950;5;902,5;Cartão;Sim;Sim;4;Não;Não;June;05/06/2025
275;C0292;45;M;Casado;Rio de Janeiro;Sudeste;8444;5;Site;Roteador;Redes;2;480;10;864;Cartão;Sim;Sim;3;Não;Não;March;03/03/2025
276;C0787;49;F;Casado;Fortaleza;Nordeste;7046;0;App;Mouse;Informática;1;120;10;108;Cartão;Sim;Não;5;Não;Não;March;29/03/2025
277;C0501;18;F;Solteiro;Curitiba;Sul;14245;2;App;Roteador;Redes;4;480;0;1920;Cartão;Não;Não;4;Não;Não;June;28/06/2025
278;C0780;66;F;Divorciado;Brasília;Centro-Oeste;8354;10;Loja;Teclado;Informática;4;220;0;880;Pix;Não;Sim;5;Não;Não;February;24/02/2025
279;C0679;38;M;Casado;Fortaleza;Nordeste;5025;4;Site;Impressora;Informática;3;950;0;2850;Pix;Não;Não;3;Não;Não;January;18/01/2025
280;C0164;26;M;Divorciado;Recife;Nordeste;4652;0;Site;Teclado;Informática;2;220;10;396;Boleto;Sim;Não;4;Não;Não;May;09/05/2025
281;C0695;52;F;Divorciado;Recife;Nordeste;11427;3;Loja;Impressora;Informática;3;950;0;2850;Cartão;Não;Não;3;Não;Não;May;01/05/2025
282;C0445;32;F;Divorciado;Curitiba;Sul;17292;12;App;Impressora;Informática;3;950;0;2850;Boleto;Não;Sim;4;Não;Não;September;25/09/2025
283;C0707;23;F;Divorciado;Manaus;Norte;14822;7;App;Headset;Informática;1;380;0;380;Cartão;Não;Sim;5;Não;Não;March;16/03/2025
284;C0379;42;M;Divorciado;Rio de Janeiro;Sudeste;8070;11;App;Smartphone;Telefonia;3;2800;5;7980;Cartão;Sim;Sim;1;Sim;Não;April;15/04/2025
285;C0201;46;M;Casado;São Paulo;Sudeste;15724;1;Loja;Smartwatch;Wearables;2;1600;20;2560;Boleto;Sim;Não;4;Não;Não;June;20/06/2025
286;C0119;38;F;Casado;São Paulo;Sudeste;18584;13;Loja;SSD 1TB;Armazenamento;3;650;10;1755;Boleto;Sim;Sim;5;Não;Não;June;08/06/2025
287;C0188;55;M;Solteiro;Rio de Janeiro;Sudeste;20101;6;Site;Teclado;Informática;1;220;15;187;Boleto;Sim;Sim;3;Não;Não;January;18/01/2025
288;C0037;61;F;Divorciado;Fortaleza;Nordeste;20089;2;Loja;Webcam;Informática;3;260;0;780;Pix;Não;Não;4;Não;Não;January;08/01/2025
289;C0778;30;M;Casado;Recife;Nordeste;21019;15;Loja;Roteador;Redes;2;480;10;864;Pix;Sim;Sim;5;Não;Não;December;05/12/2025
290;C0113;60;M;Solteiro;Recife;Nordeste;19652;9;App;Smartwatch;Wearables;2;1600;15;2720;Cartão;Sim;Sim;5;Não;Não;January;07/01/2025
291;C0691;44;F;Divorciado;Fortaleza;Nordeste;6538;11;Loja;Notebook;Informática;4;4500;10;16200;Pix;Sim;Sim;5;Não;Sim;October;07/10/2025
292;C0268;39;F;Divorciado;Belém;Norte;2210;11;Site;Mouse;Informática;2;120;0;240;Pix;Não;Sim;3;Não;Não;April;22/04/2025
293;C0429;66;F;Casado;Rio de Janeiro;Sudeste;6344;15;Site;Notebook;Informática;2;4500;0;9000;Cartão;Não;Sim;5;Não;Não;August;14/08/2025
294;C0403;70;F;Solteiro;Fortaleza;Nordeste;13840;11;App;Headset;Informática;4;380;0;1520;Pix;Não;Sim;5;Não;Não;May;21/05/2025
295;C0758;23;F;Solteiro;Curitiba;Sul;18424;6;App;SSD 1TB;Armazenamento;1;650;5;617,5;Pix;Sim;Sim;3;Não;Não;June;07/06/2025
296;C0098;40;M;Casado;São Paulo;Sudeste;16264;5;Site;Monitor;Informática;1;1100;0;1100;Cartão;Não;Sim;4;Não;Não;January;11/01/2025
297;C0688;18;F;Casado;Manaus;Norte;21493;9;Site;Notebook;Informática;4;4500;0;18000;Cartão;Não;Sim;4;Não;Não;February;05/02/2025
298;C0328;67;F;Divorciado;Recife;Nordeste;2233;3;Site;Mouse;Informática;3;120;0;360;Boleto;Não;Sim;4;Não;Não;December;09/12/2025
299;C0582;68;F;Solteiro;Curitiba;Sul;10304;9;Loja;Smartphone;Telefonia;2;2800;10;5040;Cartão;Sim;Sim;4;Não;Não;March;02/03/2025
300;C0427;52;F;Divorciado;Fortaleza;Nordeste;3674;7;Site;Smartwatch;Wearables;3;1600;5;4560;Pix;Sim;Não;4;Não;Não;October;06/10/2025
301;C0330;62;M;Solteiro;Recife;Nordeste;19185;9;App;Webcam;Informática;1;260;10;234;Cartão;Sim;Não;4;Não;Não;May;07/05/2025
302;C0755;26;M;Casado;Belém;Norte;13945;11;Site;Smartwatch;Wearables;1;1600;0;1600;Pix;Não;Não;4;Não;Não;December;15/12/2025
303;C0501;46;M;Solteiro;Recife;Nordeste;4163;15;App;Webcam;Informática;2;260;5;494;Boleto;Sim;Sim;5;Não;Não;April;25/04/2025
304;C0151;27;M;Divorciado;Recife;Nordeste;5636;7;Loja;Headset;Informática;3;380;5;1083;Boleto;Sim;Não;5;Não;Não;August;23/08/2025
305;C0247;60;F;Divorciado;Recife;Nordeste;13263;7;Loja;Mouse;Informática;2;120;10;216;Boleto;Sim;Sim;5;Não;Não;January;24/01/2025
306;C0181;66;F;Solteiro;Fortaleza;Nordeste;18130;14;Site;Smartwatch;Wearables;3;1600;0;4800;Cartão;Não;Não;5;Não;Não;August;23/08/2025
307;C0719;28;F;Divorciado;Recife;Nordeste;15994;14;Loja;Headset;Informática;4;380;5;1444;Pix;Sim;Não;5;Não;Não;March;08/03/2025
308;C0381;68;F;Solteiro;Rio de Janeiro;Sudeste;8324;10;Loja;Webcam;Informática;4;260;5;988;Cartão;Sim;Sim;5;Não;Não;June;18/06/2025
309;C0651;66;F;Solteiro;Belém;Norte;19130;11;Loja;Webcam;Informática;4;260;5;988;Boleto;Sim;Sim;2;Sim;Não;February;27/02/2025
310;C0582;23;F;Divorciado;São Paulo;Sudeste;17063;6;Loja;Monitor;Informática;2;1100;0;2200;Cartão;Não;Sim;2;Sim;Não;February;25/02/2025
311;C0484;52;M;Casado;Brasília;Centro-Oeste;5567;1;Loja;Smartwatch;Wearables;4;1600;10;5760;Pix;Sim;Não;5;Não;Não;May;25/05/2025
312;C0322;39;F;Solteiro;Fortaleza;Nordeste;6952;1;Loja;Teclado;Informática;2;220;10;396;Pix;Sim;Não;5;Não;Não;September;23/09/2025
313;C0462;70;M;Solteiro;Fortaleza;Nordeste;10023;0;Site;Roteador;Redes;4;480;10;1728;Boleto;Sim;Não;3;Não;Não;June;13/06/2025
314;C0464;27;F;Divorciado;Fortaleza;Nordeste;8659;7;Loja;Mouse;Informática;4;120;15;408;Cartão;Sim;Sim;3;Não;Não;July;02/07/2025
315;C0502;43;M;Casado;Recife;Nordeste;10594;15;Loja;Smartwatch;Wearables;4;1600;0;6400;Boleto;Não;Sim;4;Não;Não;May;09/05/2025
316;C0115;52;F;Solteiro;Rio de Janeiro;Sudeste;11944;14;App;Impressora;Informática;2;950;10;1710;Pix;Sim;Sim;4;Não;Não;June;26/06/2025
317;C0098;48;M;Solteiro;Fortaleza;Nordeste;12451;14;Loja;Smartwatch;Wearables;2;1600;15;2720;Boleto;Sim;Sim;4;Não;Não;July;25/07/2025
318;C0480;34;M;Solteiro;Fortaleza;Nordeste;2871;13;Site;Headset;Informática;2;380;0;760;Cartão;Não;Sim;4;Não;Não;September;11/09/2025
319;C0423;62;F;Solteiro;Fortaleza;Nordeste;6790;8;Site;Smartwatch;Wearables;2;1600;5;3040;Cartão;Sim;Sim;4;Não;Não;December;28/12/2025
320;C0534;58;M;Solteiro;Manaus;Norte;10293;5;Site;Smartphone;Telefonia;1;2800;5;2660;Cartão;Sim;Não;3;Não;Não;May;20/05/2025
321;C0101;18;F;Divorciado;Recife;Nordeste;4760;15;App;SSD 1TB;Armazenamento;2;650;0;1300;Pix;Não;Sim;3;Não;Não;January;09/01/2025
322;C0558;18;F;Divorciado;Belém;Norte;6503;11;App;Notebook;Informática;1;4500;0;4500;Boleto;Não;Sim;5;Não;Não;March;07/03/2025
323;C0548;18;M;Casado;São Paulo;Sudeste;5885;3;App;Smartwatch;Wearables;4;1600;15;5440;Cartão;Sim;Não;5;Não;Não;March;29/03/2025
324;C0755;33;F;Divorciado;Manaus;Norte;14907;8;App;Headset;Informática;2;380;5;722;Cartão;Sim;Sim;4;Não;Não;August;04/08/2025
325;C0432;47;M;Solteiro;Recife;Nordeste;20257;1;Site;Webcam;Informática;4;260;10;936;Cartão;Sim;Não;2;Sim;Não;September;01/09/2025
326;C0500;42;F;Divorciado;Belém;Norte;5488;11;Site;Mouse;Informática;2;120;15;204;Boleto;Sim;Sim;5;Não;Não;May;14/05/2025
327;C0418;39;F;Solteiro;Fortaleza;Nordeste;21630;11;Loja;Cadeira Gamer;Móveis;1;1800;15;1530;Cartão;Sim;Sim;4;Não;Não;March;07/03/2025
328;C0570;50;M;Solteiro;Manaus;Norte;14757;5;Loja;Smartphone;Telefonia;3;2800;0;8400;Pix;Não;Sim;3;Não;Não;March;04/03/2025
329;C0655;22;F;Casado;Fortaleza;Nordeste;9634;12;Loja;Roteador;Redes;2;480;15;816;Pix;Sim;Sim;4;Não;Não;February;15/02/2025
330;C0150;18;F;Divorciado;Rio de Janeiro;Sudeste;8624;7;App;Monitor;Informática;1;1100;5;1045;Cartão;Sim;Sim;4;Não;Não;November;28/11/2025
331;C0285;34;F;Solteiro;Fortaleza;Nordeste;19560;10;Site;Notebook;Informática;2;4500;10;8100;Pix;Sim;Sim;5;Não;Não;January;12/01/2025
332;C0666;57;M;Divorciado;São Paulo;Sudeste;9224;14;App;SSD 1TB;Armazenamento;4;650;0;2600;Pix;Não;Sim;4;Não;Não;July;20/07/2025
333;C0284;53;M;Divorciado;São Paulo;Sudeste;18727;15;Site;Smartphone;Telefonia;3;2800;5;7980;Cartão;Sim;Não;4;Não;Não;January;09/01/2025
334;C0514;41;F;Divorciado;Recife;Nordeste;11724;3;App;Roteador;Redes;3;480;0;1440;Boleto;Não;Sim;3;Não;Não;December;03/12/2025
335;C0250;48;F;Solteiro;São Paulo;Sudeste;9789;7;Loja;SSD 1TB;Armazenamento;1;650;10;585;Cartão;Sim;Não;4;Não;Não;November;23/11/2025
336;C0267;47;F;Casado;Brasília;Centro-Oeste;2751;6;Site;Roteador;Redes;1;480;0;480;Boleto;Não;Sim;1;Sim;Não;November;26/11/2025
337;C0066;58;F;Solteiro;Recife;Nordeste;18930;4;Site;Smartphone;Telefonia;1;2800;10;2520;Boleto;Sim;Sim;5;Não;Não;April;30/04/2025
338;C0741;57;M;Solteiro;Recife;Nordeste;14278;14;App;Smartwatch;Wearables;3;1600;5;4560;Cartão;Sim;Não;5;Não;Não;January;24/01/2025
339;C0748;60;F;Casado;Belém;Norte;15009;3;App;Roteador;Redes;3;480;10;1296;Pix;Sim;Sim;5;Não;Não;June;19/06/2025
340;C0542;41;M;Solteiro;Recife;Nordeste;7541;4;Site;Webcam;Informática;1;260;0;260;Cartão;Não;Não;2;Sim;Não;December;15/12/2025
341;C0728;60;M;Casado;Recife;Nordeste;11739;3;Loja;Cadeira Gamer;Móveis;3;1800;0;5400;Pix;Não;Sim;5;Não;Não;January;28/01/2025
342;C0254;30;F;Divorciado;Rio de Janeiro;Sudeste;6929;6;Loja;Roteador;Redes;4;480;10;1728;Boleto;Sim;Sim;4;Não;Não;September;13/09/2025
343;C0643;33;M;Divorciado;Belém;Norte;5630;4;Loja;Smartphone;Telefonia;2;2800;0;5600;Cartão;Não;Sim;5;Não;Não;July;01/07/2025
344;C0394;58;M;Casado;Curitiba;Sul;20420;3;App;Impressora;Informática;4;950;5;3610;Pix;Sim;Sim;4;Não;Não;September;06/09/2025
345;C0347;45;M;Divorciado;São Paulo;Sudeste;5918;8;App;Monitor;Informática;1;1100;5;1045;Pix;Sim;Sim;5;Não;Não;April;06/04/2025
346;C0060;53;F;Solteiro;Belém;Norte;11095;1;Loja;Teclado;Informática;2;220;10;396;Pix;Sim;Não;4;Não;Não;November;28/11/2025
347;C0402;62;M;Casado;Fortaleza;Nordeste;4475;10;Loja;Monitor;Informática;2;1100;5;2090;Cartão;Sim;Sim;3;Não;Não;September;08/09/2025
348;C0515;45;F;Divorciado;Curitiba;Sul;14937;5;Site;Webcam;Informática;2;260;0;520;Boleto;Não;Não;4;Não;Não;September;18/09/2025
349;C0418;22;M;Solteiro;Brasília;Centro-Oeste;5360;14;Loja;SSD 1TB;Armazenamento;4;650;10;2340;Cartão;Sim;Sim;2;Sim;Não;November;28/11/2025
350;C0733;55;F;Solteiro;Belém;Norte;7697;11;Site;Impressora;Informática;2;950;10;1710;Boleto;Sim;Sim;5;Não;Não;January;18/01/2025
351;C0091;28;M;Divorciado;Rio de Janeiro;Sudeste;11636;10;Loja;Impressora;Informática;1;950;5;902,5;Boleto;Sim;Sim;4;Não;Não;November;16/11/2025
352;C0362;60;M;Divorciado;Manaus;Norte;7867;3;Loja;Headset;Informática;3;380;5;1083;Pix;Sim;Sim;5;Não;Não;June;12/06/2025
353;C0363;41;M;Casado;Curitiba;Sul;14376;9;App;Teclado;Informática;3;220;0;660;Boleto;Não;Não;4;Não;Não;March;09/03/2025
354;C0720;41;F;Casado;Recife;Nordeste;17947;7;Loja;SSD 1TB;Armazenamento;4;650;15;2210;Pix;Sim;Não;4;Não;Não;April;26/04/2025
355;C0040;52;M;Solteiro;São Paulo;Sudeste;4728;2;App;Smartphone;Telefonia;4;2800;0;11200;Boleto;Não;Não;4;Não;Não;October;17/10/2025
356;C0581;51;F;Solteiro;Brasília;Centro-Oeste;20548;8;App;Monitor;Informática;3;1100;0;3300;Cartão;Não;Sim;5;Não;Não;January;08/01/2025
357;C0375;21;F;Solteiro;Brasília;Centro-Oeste;13152;7;Loja;Notebook;Informática;3;4500;0;13500;Cartão;Não;Sim;5;Não;Não;July;20/07/2025
358;C0671;38;M;Solteiro;Recife;Nordeste;12253;8;Site;Smartwatch;Wearables;2;1600;0;3200;Boleto;Não;Sim;4;Não;Não;December;31/12/2025
359;C0222;38;F;Divorciado;Manaus;Norte;13185;10;Loja;Mouse;Informática;2;120;10;216;Cartão;Sim;Sim;3;Não;Não;July;20/07/2025
360;C0488;24;F;Casado;São Paulo;Sudeste;4587;0;Site;Smartwatch;Wearables;4;1600;10;5760;Cartão;Sim;Não;5;Não;Não;April;16/04/2025
361;C0533;34;M;Solteiro;Curitiba;Sul;13091;15;Site;Smartwatch;Wearables;1;1600;5;1520;Pix;Sim;Sim;5;Não;Não;December;30/12/2025
362;C0130;65;F;Casado;Recife;Nordeste;6015;13;Site;Notebook;Informática;3;4500;0;13500;Boleto;Não;Sim;3;Não;Não;April;22/04/2025
363;C0491;25;M;Divorciado;Curitiba;Sul;4364;6;Loja;Smartphone;Telefonia;3;2800;0;8400;Pix;Não;Não;3;Não;Não;October;17/10/2025
364;C0218;35;F;Casado;Recife;Nordeste;4075;5;App;Teclado;Informática;1;220;0;220;Boleto;Não;Não;5;Não;Não;October;19/10/2025
365;C0765;46;F;Casado;Fortaleza;Nordeste;9907;12;App;Smartphone;Telefonia;4;2800;0;11200;Boleto;Não;Sim;5;Não;Não;September;04/09/2025
366;C0684;24;F;Casado;São Paulo;Sudeste;14035;0;Loja;Smartphone;Telefonia;1;2800;10;2520;Pix;Sim;Não;5;Não;Não;February;14/02/2025
367;C0635;46;F;Solteiro;Belém;Norte;8478;9;Loja;Teclado;Informática;2;220;5;418;Cartão;Sim;Sim;5;Não;Não;March;05/03/2025
368;C0496;22;M;Divorciado;Belém;Norte;16167;0;App;Notebook;Informática;3;4500;10;12150;Cartão;Sim;Não;5;Não;Não;May;30/05/2025
369;C0354;55;M;Solteiro;Brasília;Centro-Oeste;3914;1;Site;Headset;Informática;1;380;10;342;Pix;Sim;Não;4;Não;Não;March;15/03/2025
370;C0412;40;M;Solteiro;Curitiba;Sul;3891;7;App;Cadeira Gamer;Móveis;2;1800;15;3060;Cartão;Sim;Sim;4;Não;Não;April;08/04/2025
371;C0388;41;F;Casado;Rio de Janeiro;Sudeste;11175;12;App;Impressora;Informática;2;950;15;1615;Pix;Sim;Sim;5;Não;Não;July;28/07/2025
372;C0161;48;M;Solteiro;Manaus;Norte;20363;3;Site;Headset;Informática;1;380;5;361;Cartão;Sim;Não;2;Sim;Não;October;28/10/2025
373;C0763;61;M;Divorciado;Brasília;Centro-Oeste;3553;14;Loja;SSD 1TB;Armazenamento;1;650;10;585;Boleto;Sim;Sim;5;Não;Não;January;08/01/2025
374;C0562;33;M;Solteiro;São Paulo;Sudeste;13640;5;App;SSD 1TB;Armazenamento;3;650;0;1950;Pix;Não;Sim;5;Não;Não;March;04/03/2025
375;C0796;46;F;Solteiro;Recife;Nordeste;7332;10;Site;Mouse;Informática;3;120;10;324;Boleto;Sim;Não;5;Não;Não;January;31/01/2025
376;C0368;54;M;Divorciado;Manaus;Norte;10662;6;Loja;Headset;Informática;4;380;0;1520;Boleto;Não;Sim;4;Não;Não;May;02/05/2025
377;C0312;48;F;Solteiro;Manaus;Norte;8257;12;Loja;Headset;Informática;3;380;10;1026;Cartão;Sim;Sim;5;Não;Não;April;23/04/2025
378;C0519;62;M;Divorciado;Brasília;Centro-Oeste;9561;8;App;Teclado;Informática;3;220;0;660;Cartão;Não;Sim;5;Não;Não;February;15/02/2025
379;C0582;18;F;Solteiro;Brasília;Centro-Oeste;16714;4;Loja;Smartphone;Telefonia;2;2800;0;5600;Boleto;Não;Sim;4;Não;Não;August;01/08/2025
380;C0371;25;F;Divorciado;Recife;Nordeste;18461;1;App;Headset;Informática;3;380;10;1026;Boleto;Sim;Não;1;Sim;Não;July;07/07/2025
381;C0017;57;F;Casado;Curitiba;Sul;11186;9;Site;Teclado;Informática;1;220;10;198;Pix;Sim;Não;4;Não;Não;March;12/03/2025
382;C0247;36;F;Casado;São Paulo;Sudeste;15431;7;Loja;Smartphone;Telefonia;1;2800;0;2800;Boleto;Não;Sim;4;Não;Não;November;30/11/2025
383;C0677;58;M;Divorciado;São Paulo;Sudeste;18556;15;App;SSD 1TB;Armazenamento;1;650;5;617,5;Pix;Sim;Sim;3;Não;Não;February;02/02/2025
384;C0005;40;F;Divorciado;Manaus;Norte;21261;7;App;Notebook;Informática;2;4500;10;8100;Boleto;Sim;Sim;2;Sim;Não;April;29/04/2025
385;C0223;45;F;Solteiro;Rio de Janeiro;Sudeste;6229;11;App;Monitor;Informática;3;1100;15;2805;Pix;Sim;Sim;4;Não;Não;May;06/05/2025
386;C0681;53;M;Casado;Belém;Norte;17260;14;Site;Roteador;Redes;3;480;15;1224;Cartão;Sim;Sim;3;Não;Não;June;14/06/2025
387;C0131;23;F;Casado;Recife;Nordeste;3102;0;Site;Headset;Informática;3;380;10;1026;Cartão;Sim;Não;3;Não;Não;February;07/02/2025
388;C0282;54;M;Divorciado;São Paulo;Sudeste;5843;5;App;SSD 1TB;Armazenamento;2;650;5;1235;Pix;Sim;Sim;5;Não;Não;July;11/07/2025
389;C0080;52;M;Solteiro;São Paulo;Sudeste;9839;7;App;Smartwatch;Wearables;2;1600;0;3200;Pix;Não;Sim;3;Não;Não;September;12/09/2025
390;C0034;52;M;Solteiro;Brasília;Centro-Oeste;4582;7;App;Cadeira Gamer;Móveis;2;1800;10;3240;Pix;Sim;Sim;4;Não;Não;August;14/08/2025
391;C0219;34;M;Solteiro;Recife;Nordeste;7501;1;App;Impressora;Informática;1;950;10;855;Cartão;Sim;Não;5;Não;Não;January;27/01/2025
392;C0066;35;F;Solteiro;Belém;Norte;2612;7;Loja;Cadeira Gamer;Móveis;3;1800;0;5400;Boleto;Não;Sim;4;Não;Não;September;20/09/2025
393;C0459;35;F;Casado;Brasília;Centro-Oeste;3788;9;App;Notebook;Informática;4;4500;5;17100;Pix;Sim;Sim;5;Não;Sim;July;26/07/2025
394;C0279;52;M;Casado;Manaus;Norte;7342;0;Site;Mouse;Informática;2;120;10;216;Boleto;Sim;Não;3;Não;Não;June;16/06/2025
395;C0109;57;F;Divorciado;São Paulo;Sudeste;15851;3;Loja;Monitor;Informática;4;1100;0;4400;Cartão;Não;Sim;5;Não;Não;December;08/12/2025
396;C0028;46;M;Casado;São Paulo;Sudeste;3254;13;App;Smartwatch;Wearables;4;1600;15;5440;Pix;Sim;Não;3;Não;Não;December;18/12/2025
397;C0796;38;F;Casado;Manaus;Norte;5961;3;App;Headset;Informática;2;380;0;760;Boleto;Não;Sim;3;Não;Não;June;15/06/2025
398;C0491;40;M;Casado;Manaus;Norte;15847;3;App;Mouse;Informática;3;120;0;360;Boleto;Não;Sim;5;Não;Não;February;26/02/2025
399;C0674;23;F;Casado;Recife;Nordeste;16491;10;Loja;Notebook;Informática;4;4500;5;17100;Pix;Sim;Sim;2;Sim;Sim;February;05/02/2025
400;C0149;46;M;Solteiro;Recife;Nordeste;11157;9;Loja;Smartwatch;Wearables;2;1600;10;2880;Boleto;Sim;Sim;5;Não;Não;November;13/11/2025
401;C0637;22;F;Casado;Belém;Norte;4186;15;App;Teclado;Informática;2;220;0;440;Boleto;Não;Sim;5;Não;Não;November;01/11/2025
402;C0419;64;F;Solteiro;Brasília;Centro-Oeste;13055;1;App;Smartwatch;Wearables;1;1600;20;1280;Pix;Sim;Não;5;Não;Não;January;29/01/2025
403;C0456;45;M;Solteiro;Fortaleza;Nordeste;8008;6;App;Mouse;Informática;3;120;0;360;Pix;Não;Sim;3;Não;Não;August;24/08/2025
404;C0303;43;M;Casado;Recife;Nordeste;4197;9;Loja;Monitor;Informática;4;1100;0;4400;Cartão;Não;Não;5;Não;Não;September;27/09/2025
405;C0555;29;M;Divorciado;Brasília;Centro-Oeste;15464;12;Loja;Smartwatch;Wearables;3;1600;10;4320;Boleto;Sim;Não;4;Não;Não;December;20/12/2025
406;C0034;48;F;Casado;Fortaleza;Nordeste;11311;3;App;Monitor;Informática;3;1100;0;3300;Boleto;Não;Sim;4;Não;Não;September;07/09/2025
407;C0652;58;F;Solteiro;Brasília;Centro-Oeste;6719;14;App;Teclado;Informática;4;220;15;748;Pix;Sim;Não;5;Não;Não;June;03/06/2025
408;C0663;70;M;Casado;Recife;Nordeste;3380;13;App;Smartphone;Telefonia;1;2800;0;2800;Cartão;Não;Sim;4;Não;Não;September;26/09/2025
409;C0281;68;M;Casado;São Paulo;Sudeste;8950;3;App;Smartwatch;Wearables;2;1600;0;3200;Pix;Não;Sim;3;Não;Não;January;15/01/2025
410;C0345;62;F;Divorciado;Fortaleza;Nordeste;13580;11;Loja;Teclado;Informática;2;220;0;440;Pix;Não;Sim;5;Não;Não;December;27/12/2025
411;C0401;26;F;Divorciado;Rio de Janeiro;Sudeste;2804;9;App;Teclado;Informática;4;220;0;880;Cartão;Não;Sim;4;Não;Não;August;17/08/2025
412;C0484;70;F;Casado;Brasília;Centro-Oeste;14754;5;Loja;Headset;Informática;4;380;15;1292;Boleto;Sim;Não;5;Não;Não;January;07/01/2025
413;C0167;26;F;Divorciado;Fortaleza;Nordeste;10318;14;App;Mouse;Informática;4;120;5;456;Cartão;Sim;Sim;4;Não;Não;January;16/01/2025
414;C0504;57;M;Solteiro;Fortaleza;Nordeste;12247;13;Loja;Smartphone;Telefonia;1;2800;0;2800;Cartão;Não;Não;5;Não;Não;February;06/02/2025
415;C0644;70;F;Solteiro;Recife;Nordeste;6249;5;Site;Mouse;Informática;1;120;10;108;Pix;Sim;Sim;5;Não;Não;July;03/07/2025
416;C0432;58;F;Divorciado;Rio de Janeiro;Sudeste;12126;6;App;Teclado;Informática;3;220;0;660;Cartão;Não;Não;4;Não;Não;September;03/09/2025
417;C0150;58;F;Solteiro;Recife;Nordeste;16457;4;Loja;Teclado;Informática;3;220;0;660;Cartão;Não;Não;5;Não;Não;November;04/11/2025
418;C0592;39;M;Divorciado;Fortaleza;Nordeste;11370;5;Loja;Roteador;Redes;1;480;15;408;Boleto;Sim;Sim;5;Não;Não;August;14/08/2025
419;C0725;35;F;Casado;São Paulo;Sudeste;12516;11;App;Monitor;Informática;2;1100;5;2090;Cartão;Sim;Não;4;Não;Não;January;19/01/2025
420;C0458;23;F;Divorciado;Manaus;Norte;15972;5;Loja;Mouse;Informática;2;120;0;240;Boleto;Não;Sim;3;Não;Não;December;15/12/2025
421;C0769;35;M;Solteiro;Curitiba;Sul;21326;7;Site;Webcam;Informática;2;260;0;520;Boleto;Não;Sim;3;Não;Não;February;20/02/2025
422;C0057;60;M;Divorciado;Curitiba;Sul;13934;12;Loja;Monitor;Informática;4;1100;0;4400;Pix;Não;Sim;5;Não;Não;November;25/11/2025
423;C0432;33;F;Casado;Recife;Nordeste;5623;0;App;Webcam;Informática;3;260;10;702;Pix;Sim;Não;4;Não;Não;October;18/10/2025
424;C0454;18;M;Casado;Recife;Nordeste;13673;13;Loja;Notebook;Informática;3;4500;0;13500;Cartão;Não;Não;2;Sim;Não;May;18/05/2025
425;C0080;22;F;Divorciado;Belém;Norte;8335;4;Site;Headset;Informática;3;380;5;1083;Cartão;Sim;Sim;5;Não;Não;November;28/11/2025
426;C0114;24;M;Solteiro;Curitiba;Sul;18268;5;Site;Smartwatch;Wearables;4;1600;15;5440;Pix;Sim;Sim;3;Não;Não;July;09/07/2025
427;C0372;32;M;Casado;Fortaleza;Nordeste;11399;0;Site;Teclado;Informática;2;220;15;374;Boleto;Sim;Não;3;Não;Não;December;22/12/2025
428;C0232;62;F;Solteiro;São Paulo;Sudeste;7379;5;App;Smartphone;Telefonia;2;2800;5;5320;Pix;Sim;Não;2;Sim;Não;November;25/11/2025
429;C0584;59;F;Solteiro;Brasília;Centro-Oeste;9580;14;Site;Teclado;Informática;2;220;15;374;Pix;Sim;Não;4;Não;Não;April;25/04/2025
430;C0154;26;M;Solteiro;São Paulo;Sudeste;9370;3;Site;Smartphone;Telefonia;4;2800;10;10080;Cartão;Sim;Não;2;Sim;Não;October;25/10/2025
431;C0198;30;F;Casado;Manaus;Norte;15270;12;Site;Notebook;Informática;3;4500;0;13500;Boleto;Não;Sim;4;Não;Não;June;02/06/2025
432;C0207;64;F;Casado;São Paulo;Sudeste;19809;2;App;Smartphone;Telefonia;4;2800;10;10080;Cartão;Sim;Não;4;Não;Não;February;19/02/2025
433;C0047;55;M;Casado;Fortaleza;Nordeste;18946;9;Loja;Mouse;Informática;3;120;0;360;Pix;Não;Sim;3;Não;Não;August;19/08/2025
434;C0583;69;M;Casado;Manaus;Norte;14927;3;Loja;Mouse;Informática;3;120;10;324;Pix;Sim;Não;5;Não;Não;March;30/03/2025
435;C0434;64;M;Divorciado;Recife;Nordeste;12395;9;Loja;SSD 1TB;Armazenamento;3;650;5;1852,5;Pix;Sim;Sim;4;Não;Não;June;15/06/2025
436;C0768;65;M;Divorciado;Rio de Janeiro;Sudeste;11712;4;Site;Impressora;Informática;3;950;0;2850;Cartão;Não;Sim;5;Não;Não;October;18/10/2025
437;C0394;23;M;Solteiro;Manaus;Norte;10188;13;Loja;Notebook;Informática;2;4500;0;9000;Cartão;Não;Não;5;Não;Não;March;22/03/2025
438;C0795;23;F;Casado;Recife;Nordeste;5793;6;App;Smartphone;Telefonia;1;2800;0;2800;Pix;Não;Não;3;Não;Não;June;25/06/2025
439;C0155;18;M;Casado;Brasília;Centro-Oeste;17740;15;App;Headset;Informática;3;380;10;1026;Boleto;Sim;Sim;5;Não;Não;January;19/01/2025
440;C0357;37;F;Divorciado;Belém;Norte;9405;6;Site;SSD 1TB;Armazenamento;2;650;20;1040;Cartão;Sim;Não;4;Não;Não;April;29/04/2025
441;C0673;68;F;Divorciado;São Paulo;Sudeste;3955;3;Loja;Smartwatch;Wearables;1;1600;0;1600;Pix;Não;Não;4;Não;Não;February;17/02/2025
442;C0600;32;M;Casado;Brasília;Centro-Oeste;19751;1;Loja;Monitor;Informática;4;1100;10;3960;Boleto;Sim;Não;4;Não;Não;September;18/09/2025
443;C0291;68;F;Divorciado;Belém;Norte;10734;15;Site;Teclado;Informática;1;220;0;220;Pix;Não;Sim;5;Não;Não;March;03/03/2025
444;C0297;30;F;Divorciado;Curitiba;Sul;15391;5;Loja;Teclado;Informática;3;220;0;660;Cartão;Não;Sim;3;Não;Não;August;18/08/2025
445;C0098;69;M;Divorciado;Rio de Janeiro;Sudeste;15632;11;App;Monitor;Informática;3;1100;0;3300;Boleto;Não;Sim;3;Não;Não;May;21/05/2025
446;C0512;63;F;Solteiro;Belém;Norte;15369;6;Loja;Teclado;Informática;4;220;0;880;Pix;Não;Sim;4;Não;Não;May;17/05/2025
447;C0655;24;M;Divorciado;Belém;Norte;5376;9;Site;Teclado;Informática;2;220;0;440;Pix;Não;Sim;4;Não;Não;June;22/06/2025
448;C0765;40;F;Divorciado;São Paulo;Sudeste;5052;5;Site;Smartwatch;Wearables;4;1600;0;6400;Pix;Não;Sim;4;Não;Não;December;27/12/2025
449;C0062;22;F;Divorciado;Curitiba;Sul;18211;10;App;Monitor;Informática;3;1100;0;3300;Boleto;Não;Sim;5;Não;Não;June;05/06/2025
450;C0512;45;F;Divorciado;Brasília;Centro-Oeste;14450;7;Loja;Teclado;Informática;1;220;20;176;Cartão;Sim;Sim;3;Não;Não;July;13/07/2025
451;C0319;25;F;Solteiro;Curitiba;Sul;13299;7;App;Mouse;Informática;2;120;20;192;Cartão;Sim;Sim;4;Não;Não;November;06/11/2025
452;C0660;43;F;Solteiro;Belém;Norte;15508;12;App;Mouse;Informática;1;120;10;108;Boleto;Sim;Não;2;Sim;Não;October;04/10/2025
453;C0185;70;M;Casado;Brasília;Centro-Oeste;15656;0;Site;Smartphone;Telefonia;1;2800;10;2520;Boleto;Sim;Não;5;Não;Não;May;31/05/2025
454;C0581;55;F;Solteiro;Brasília;Centro-Oeste;11404;10;Site;Roteador;Redes;1;480;0;480;Cartão;Não;Sim;5;Não;Não;September;23/09/2025
455;C0719;55;M;Solteiro;Fortaleza;Nordeste;9134;5;Loja;Impressora;Informática;3;950;10;2565;Pix;Sim;Não;5;Não;Não;July;12/07/2025
456;C0697;32;M;Solteiro;São Paulo;Sudeste;16332;10;Loja;Smartphone;Telefonia;2;2800;5;5320;Pix;Sim;Sim;2;Sim;Não;March;07/03/2025
457;C0620;45;M;Solteiro;Rio de Janeiro;Sudeste;20935;9;App;Impressora;Informática;3;950;0;2850;Boleto;Não;Sim;4;Não;Não;June;14/06/2025
458;C0465;59;F;Divorciado;Manaus;Norte;14262;4;Loja;Smartphone;Telefonia;2;2800;15;4760;Boleto;Sim;Sim;5;Não;Não;August;10/08/2025
459;C0545;23;M;Solteiro;Manaus;Norte;13682;1;Site;Notebook;Informática;3;4500;10;12150;Cartão;Sim;Não;3;Não;Não;September;09/09/2025
460;C0511;65;F;Casado;Fortaleza;Nordeste;13106;13;Loja;Roteador;Redes;1;480;20;384;Boleto;Sim;Sim;5;Não;Não;November;04/11/2025
461;C0300;21;F;Divorciado;Recife;Nordeste;7988;5;App;SSD 1TB;Armazenamento;3;650;0;1950;Pix;Não;Sim;3;Não;Não;December;15/12/2025
462;C0746;63;M;Casado;São Paulo;Sudeste;4837;2;Site;Monitor;Informática;4;1100;0;4400;Cartão;Não;Não;5;Não;Não;December;04/12/2025
463;C0257;42;M;Solteiro;Fortaleza;Nordeste;15441;12;Site;Webcam;Informática;4;260;5;988;Cartão;Sim;Sim;3;Não;Não;June;01/06/2025
464;C0728;39;M;Solteiro;Brasília;Centro-Oeste;8586;8;Site;Cadeira Gamer;Móveis;2;1800;5;3420;Pix;Sim;Não;5;Não;Não;December;19/12/2025
465;C0559;20;F;Solteiro;Curitiba;Sul;2389;1;Site;Mouse;Informática;3;120;10;324;Cartão;Sim;Não;3;Sim;Não;September;19/09/2025
466;C0714;19;M;Solteiro;Recife;Nordeste;6681;3;Site;Smartphone;Telefonia;4;2800;10;10080;Boleto;Sim;Sim;1;Sim;Não;September;09/09/2025
467;C0289;38;F;Casado;Brasília;Centro-Oeste;7514;13;Loja;Smartphone;Telefonia;2;2800;0;5600;Pix;Não;Sim;4;Não;Não;December;12/12/2025
468;C0221;20;M;Solteiro;Brasília;Centro-Oeste;6634;13;Loja;Mouse;Informática;2;120;0;240;Pix;Não;Não;4;Não;Não;November;02/11/2025
469;C0464;66;M;Divorciado;Recife;Nordeste;17121;6;App;Teclado;Informática;1;220;0;220;Pix;Não;Sim;5;Não;Não;May;06/05/2025
470;C0271;19;M;Casado;Manaus;Norte;19418;14;App;Headset;Informática;4;380;10;1368;Boleto;Sim;Não;3;Não;Não;March;02/03/2025
471;C0567;47;F;Solteiro;Brasília;Centro-Oeste;6971;9;Loja;Impressora;Informática;2;950;10;1710;Pix;Sim;Sim;5;Não;Não;July;02/07/2025
472;C0655;26;F;Casado;Belém;Norte;7145;12;Site;Roteador;Redes;4;480;5;1824;Boleto;Sim;Sim;5;Não;Não;March;10/03/2025
473;C0741;63;F;Casado;Brasília;Centro-Oeste;21142;3;App;Smartphone;Telefonia;4;2800;0;11200;Pix;Não;Não;4;Não;Sim;August;17/08/2025
474;C0005;41;M;Solteiro;Manaus;Norte;7226;6;Site;Notebook;Informática;4;4500;0;18000;Pix;Não;Não;5;Não;Não;January;20/01/2025
475;C0149;65;F;Divorciado;Manaus;Norte;15751;0;Loja;Headset;Informática;3;380;20;912;Boleto;Sim;Não;5;Não;Não;October;18/10/2025
476;C0673;65;F;Divorciado;Rio de Janeiro;Sudeste;5349;13;Site;SSD 1TB;Armazenamento;2;650;10;1170;Pix;Sim;Não;5;Não;Não;March;09/03/2025
477;C0734;55;M;Casado;Recife;Nordeste;2232;15;App;Smartwatch;Wearables;3;1600;0;4800;Pix;Não;Sim;4;Não;Não;January;20/01/2025
478;C0460;29;F;Divorciado;Curitiba;Sul;21802;10;Loja;Smartphone;Telefonia;3;2800;15;7140;Cartão;Sim;Não;3;Não;Não;February;04/02/2025
479;C0299;53;M;Solteiro;Recife;Nordeste;13234;8;App;Roteador;Redes;1;480;5;456;Cartão;Sim;Sim;4;Não;Não;September;02/09/2025
480;C0449;29;F;Casado;Belém;Norte;15746;10;App;SSD 1TB;Armazenamento;4;650;5;2470;Cartão;Sim;Não;2;Sim;Não;October;26/10/2025
481;C0466;60;F;Casado;Fortaleza;Nordeste;6242;11;Site;Roteador;Redes;4;480;0;1920;Cartão;Não;Sim;4;Não;Não;September;21/09/2025
482;C0553;35;F;Solteiro;Fortaleza;Nordeste;20918;0;Loja;SSD 1TB;Armazenamento;4;650;10;2340;Pix;Sim;Não;5;Não;Não;March;10/03/2025
483;C0392;27;M;Divorciado;Curitiba;Sul;10557;14;Site;Mouse;Informática;4;120;0;480;Cartão;Não;Não;5;Não;Não;November;19/11/2025
484;C0441;33;F;Casado;Curitiba;Sul;11561;10;App;Monitor;Informática;2;1100;0;2200;Boleto;Não;Sim;4;Não;Não;June;28/06/2025
485;C0294;40;M;Casado;São Paulo;Sudeste;2227;4;Site;SSD 1TB;Armazenamento;2;650;10;1170;Pix;Sim;Sim;4;Não;Não;October;19/10/2025
486;C0294;30;M;Solteiro;São Paulo;Sudeste;11516;0;Loja;Smartphone;Telefonia;2;2800;15;4760;Cartão;Sim;Não;5;Não;Não;August;19/08/2025
487;C0578;69;F;Solteiro;Rio de Janeiro;Sudeste;14021;3;App;Monitor;Informática;4;1100;10;3960;Pix;Sim;Não;4;Não;Não;April;10/04/2025
488;C0322;46;F;Divorciado;Rio de Janeiro;Sudeste;17025;11;Site;Cadeira Gamer;Móveis;4;1800;0;7200;Boleto;Não;Não;3;Não;Não;April;21/04/2025
489;C0166;48;F;Divorciado;Manaus;Norte;11655;7;Loja;Smartphone;Telefonia;2;2800;0;5600;Boleto;Não;Sim;5;Não;Não;April;22/04/2025
490;C0780;18;F;Casado;Curitiba;Sul;14531;10;Loja;Smartphone;Telefonia;3;2800;0;8400;Boleto;Não;Não;5;Não;Não;August;31/08/2025
491;C0533;66;F;Divorciado;Brasília;Centro-Oeste;19568;13;App;Smartphone;Telefonia;4;2800;5;10640;Boleto;Sim;Não;4;Não;Não;August;19/08/2025
492;C0591;52;F;Solteiro;Manaus;Norte;20515;1;Loja;Mouse;Informática;1;120;10;108;Cartão;Sim;Não;5;Não;Não;June;27/06/2025
493;C0688;55;F;Solteiro;Brasília;Centro-Oeste;21236;6;App;Notebook;Informática;3;4500;5;12825;Pix;Sim;Sim;4;Não;Não;July;30/07/2025
494;C0259;58;F;Solteiro;Belém;Norte;14298;9;Loja;Webcam;Informática;4;260;10;936;Pix;Sim;Não;3;Não;Não;November;21/11/2025
495;C0326;34;F;Solteiro;Manaus;Norte;6201;6;App;Notebook;Informática;3;4500;10;12150;Cartão;Sim;Sim;5;Não;Não;June;10/06/2025
496;C0731;60;M;Casado;São Paulo;Sudeste;3280;15;Site;Monitor;Informática;4;1100;0;4400;Pix;Não;Sim;2;Sim;Não;June;03/06/2025
497;C0083;21;F;Divorciado;Rio de Janeiro;Sudeste;8043;11;App;Teclado;Informática;1;220;15;187;Boleto;Sim;Sim;4;Não;Não;March;19/03/2025
498;C0078;46;M;Solteiro;Manaus;Norte;15796;7;Loja;Notebook;Informática;2;4500;10;8100;Cartão;Sim;Não;4;Não;Não;January;10/01/2025
499;C0390;44;F;Casado;Brasília;Centro-Oeste;20080;7;Loja;Roteador;Redes;2;480;5;912;Cartão;Sim;Sim;5;Não;Não;April;22/04/2025
500;C0554;51;M;Casado;Brasília;Centro-Oeste;20220;9;Loja;Teclado;Informática;2;220;0;440;Cartão;Não;Não;3;Não;Não;November;03/11/2025
501;C0571;62;F;Casado;Rio de Janeiro;Sudeste;7792;10;Loja;Notebook;Informática;1;4500;0;4500;Cartão;Não;Sim;5;Não;Não;December;17/12/2025
502;C0532;59;F;Casado;Recife;Nordeste;13276;14;App;SSD 1TB;Armazenamento;4;650;0;2600;Boleto;Não;Sim;4;Não;Não;May;26/05/2025
503;C0363;70;M;Casado;Belém;Norte;18657;1;Loja;Headset;Informática;3;380;15;969;Boleto;Sim;Não;4;Não;Não;March;24/03/2025
504;C0673;20;M;Casado;Fortaleza;Nordeste;6305;7;Loja;Headset;Informática;1;380;10;342;Boleto;Sim;Sim;4;Não;Não;April;13/04/2025
505;C0299;37;M;Divorciado;Belém;Norte;4076;5;Loja;Teclado;Informática;4;220;10;792;Pix;Sim;Não;3;Não;Não;December;10/12/2025
506;C0562;41;M;Casado;Manaus;Norte;16858;3;Site;Smartphone;Telefonia;3;2800;0;8400;Cartão;Não;Sim;3;Não;Não;December;01/12/2025
507;C0423;50;F;Solteiro;Curitiba;Sul;10899;7;Site;Impressora;Informática;4;950;5;3610;Cartão;Sim;Sim;4;Não;Não;November;03/11/2025
508;C0622;61;F;Casado;Fortaleza;Nordeste;12063;6;Site;Webcam;Informática;1;260;0;260;Boleto;Não;Sim;2;Sim;Não;February;02/02/2025
509;C0167;40;M;Casado;Manaus;Norte;20098;1;Loja;Headset;Informática;1;380;10;342;Cartão;Sim;Não;5;Não;Não;September;17/09/2025
510;C0531;53;F;Solteiro;Curitiba;Sul;20746;1;App;SSD 1TB;Armazenamento;1;650;10;585;Boleto;Sim;Não;3;Não;Não;January;12/01/2025
511;C0588;45;M;Divorciado;Manaus;Norte;14792;0;Site;Mouse;Informática;2;120;10;216;Boleto;Sim;Não;5;Não;Não;March;28/03/2025
512;C0002;27;F;Solteiro;Manaus;Norte;4597;15;Loja;Mouse;Informática;4;120;20;384;Boleto;Sim;Sim;4;Não;Não;May;09/05/2025
513;C0003;40;M;Casado;São Paulo;Sudeste;16230;15;Site;Monitor;Informática;4;1100;0;4400;Cartão;Não;Sim;5;Não;Não;December;04/12/2025
514;C0697;61;M;Casado;Rio de Janeiro;Sudeste;9771;3;Loja;Notebook;Informática;2;4500;0;9000;Pix;Não;Não;5;Não;Não;December;06/12/2025
515;C0797;61;M;Casado;Manaus;Norte;7253;3;Loja;Headset;Informática;1;380;15;323;Cartão;Sim;Não;4;Não;Não;March;30/03/2025
516;C0019;34;F;Solteiro;Belém;Norte;21235;7;Loja;Smartphone;Telefonia;3;2800;10;7560;Pix;Sim;Sim;5;Não;Não;October;09/10/2025
517;C0366;54;F;Casado;Recife;Nordeste;19194;13;App;Mouse;Informática;1;120;0;120;Cartão;Não;Não;5;Não;Não;October;17/10/2025
518;C0034;55;M;Casado;Manaus;Norte;14470;4;Loja;Mouse;Informática;4;120;5;456;Cartão;Sim;Sim;3;Não;Não;October;30/10/2025
519;C0741;25;M;Divorciado;São Paulo;Sudeste;14976;0;App;SSD 1TB;Armazenamento;3;650;15;1657,5;Cartão;Sim;Não;3;Não;Não;February;05/02/2025
520;C0276;32;M;Divorciado;Manaus;Norte;2451;0;Site;Mouse;Informática;1;120;20;96;Pix;Sim;Não;5;Sim;Não;August;17/08/2025
521;C0012;29;M;Casado;Brasília;Centro-Oeste;15865;6;Loja;Impressora;Informática;1;950;10;855;Boleto;Sim;Não;5;Não;Não;August;13/08/2025
522;C0119;31;M;Casado;Manaus;Norte;20548;2;App;Notebook;Informática;3;4500;15;11475;Pix;Sim;Não;4;Não;Sim;August;24/08/2025
523;C0416;68;F;Casado;Recife;Nordeste;12926;2;Loja;Mouse;Informática;2;120;0;240;Cartão;Não;Não;4;Não;Não;March;27/03/2025
524;C0398;18;F;Casado;Recife;Nordeste;18626;6;App;Smartphone;Telefonia;2;2800;10;5040;Pix;Sim;Sim;5;Não;Não;April;22/04/2025
525;C0538;64;M;Casado;Belém;Norte;20262;9;Site;Mouse;Informática;3;120;5;342;Pix;Sim;Não;4;Não;Não;July;14/07/2025
526;C0472;42;F;Solteiro;Belém;Norte;6701;6;Loja;Webcam;Informática;3;260;0;780;Cartão;Não;Sim;4;Não;Não;September;28/09/2025
527;C0229;60;M;Solteiro;São Paulo;Sudeste;13253;14;App;Smartwatch;Wearables;3;1600;0;4800;Boleto;Não;Não;3;Não;Não;September;24/09/2025
528;C0692;35;M;Casado;Fortaleza;Nordeste;5319;9;Site;Impressora;Informática;3;950;5;2707,5;Pix;Sim;Sim;4;Não;Não;September;09/09/2025
529;C0681;23;F;Casado;Recife;Nordeste;12178;15;Site;Notebook;Informática;3;4500;10;12150;Pix;Sim;Não;5;Não;Não;May;03/05/2025
530;C0170;44;F;Solteiro;Belém;Norte;4604;10;Loja;Cadeira Gamer;Móveis;2;1800;0;3600;Boleto;Não;Sim;4;Não;Não;November;21/11/2025
531;C0316;20;F;Casado;Curitiba;Sul;14442;14;Loja;Smartphone;Telefonia;3;2800;10;7560;Boleto;Sim;Sim;5;Não;Não;April;15/04/2025
532;C0529;65;M;Divorciado;São Paulo;Sudeste;16635;10;Loja;SSD 1TB;Armazenamento;2;650;0;1300;Cartão;Não;Não;4;Não;Não;February;27/02/2025
533;C0784;67;F;Solteiro;Manaus;Norte;21244;4;App;Smartphone;Telefonia;3;2800;10;7560;Cartão;Sim;Não;3;Não;Não;August;11/08/2025
534;C0255;55;F;Solteiro;Manaus;Norte;17388;15;Loja;Mouse;Informática;1;120;0;120;Pix;Não;Sim;4;Não;Não;November;05/11/2025
535;C0524;63;F;Casado;Belém;Norte;14968;1;Loja;Smartphone;Telefonia;2;2800;10;5040;Cartão;Sim;Não;3;Não;Não;April;26/04/2025
536;C0041;29;M;Casado;Belém;Norte;12363;12;Loja;Monitor;Informática;2;1100;10;1980;Pix;Sim;Sim;5;Não;Não;May;11/05/2025
537;C0042;35;F;Solteiro;Brasília;Centro-Oeste;5448;7;App;Impressora;Informática;4;950;5;3610;Cartão;Sim;Não;5;Não;Não;September;14/09/2025
538;C0445;45;F;Solteiro;Brasília;Centro-Oeste;15302;4;Loja;Webcam;Informática;3;260;0;780;Pix;Não;Não;5;Não;Não;February;02/02/2025
539;C0695;49;M;Solteiro;Brasília;Centro-Oeste;3704;8;Loja;Webcam;Informática;3;260;0;780;Cartão;Não;Sim;3;Não;Não;August;01/08/2025
540;C0271;18;F;Casado;Brasília;Centro-Oeste;11893;3;App;SSD 1TB;Armazenamento;2;650;0;1300;Cartão;Não;Sim;4;Não;Não;May;31/05/2025
541;C0456;34;F;Divorciado;Belém;Norte;15550;11;App;Cadeira Gamer;Móveis;2;1800;5;3420;Cartão;Sim;Sim;4;Não;Não;March;08/03/2025
542;C0489;62;M;Divorciado;Brasília;Centro-Oeste;21976;12;Site;Webcam;Informática;4;260;5;988;Cartão;Sim;Não;3;Não;Não;November;30/11/2025
543;C0581;58;F;Solteiro;Fortaleza;Nordeste;20446;13;Loja;Headset;Informática;2;380;5;722;Pix;Sim;Não;4;Não;Não;November;18/11/2025
544;C0287;60;F;Casado;Fortaleza;Nordeste;5320;6;App;Smartwatch;Wearables;1;1600;15;1360;Boleto;Sim;Sim;4;Não;Não;February;04/02/2025
545;C0569;30;M;Casado;Recife;Nordeste;18394;15;Site;Teclado;Informática;1;220;15;187;Pix;Sim;Sim;4;Não;Não;June;25/06/2025
546;C0617;45;M;Solteiro;Fortaleza;Nordeste;17099;4;Site;Webcam;Informática;4;260;0;1040;Cartão;Não;Sim;2;Sim;Não;September;04/09/2025
547;C0461;49;M;Casado;Manaus;Norte;9507;4;Site;Headset;Informática;4;380;0;1520;Boleto;Não;Sim;4;Não;Não;October;16/10/2025
548;C0328;58;M;Divorciado;Recife;Nordeste;21601;4;Loja;Cadeira Gamer;Móveis;3;1800;0;5400;Pix;Não;Sim;4;Não;Não;September;26/09/2025
549;C0225;31;F;Solteiro;Belém;Norte;11976;9;Loja;Headset;Informática;2;380;0;760;Pix;Não;Sim;5;Não;Não;November;03/11/2025
550;C0535;29;F;Solteiro;Rio de Janeiro;Sudeste;21851;2;Site;Teclado;Informática;4;220;0;880;Cartão;Não;Não;5;Não;Não;April;23/04/2025
551;C0381;30;M;Casado;São Paulo;Sudeste;9966;4;Loja;Monitor;Informática;1;1100;0;1100;Cartão;Não;Não;5;Não;Não;May;04/05/2025
552;C0218;28;M;Divorciado;Brasília;Centro-Oeste;10502;10;App;Notebook;Informática;4;4500;0;18000;Cartão;Não;Sim;5;Não;Não;January;19/01/2025
553;C0083;29;F;Solteiro;São Paulo;Sudeste;9143;3;App;Smartphone;Telefonia;4;2800;10;10080;Pix;Sim;Não;5;Não;Não;November;01/11/2025
554;C0431;49;F;Divorciado;Rio de Janeiro;Sudeste;20237;11;Site;SSD 1TB;Armazenamento;3;650;10;1755;Boleto;Sim;Não;3;Não;Não;March;14/03/2025
555;C0645;21;M;Solteiro;Belém;Norte;17218;0;Loja;SSD 1TB;Armazenamento;3;650;10;1755;Boleto;Sim;Não;3;Não;Não;November;18/11/2025
556;C0204;45;F;Solteiro;Rio de Janeiro;Sudeste;16285;0;Site;Impressora;Informática;3;950;10;2565;Pix;Sim;Não;4;Não;Não;April;10/04/2025
557;C0608;52;F;Solteiro;Brasília;Centro-Oeste;15318;12;Loja;SSD 1TB;Armazenamento;4;650;15;2210;Pix;Sim;Sim;3;Não;Não;May;01/05/2025
558;C0109;46;M;Casado;Belém;Norte;6647;11;App;Smartwatch;Wearables;1;1600;10;1440;Cartão;Sim;Sim;2;Sim;Não;November;10/11/2025
559;C0299;32;M;Casado;Manaus;Norte;21031;2;Site;Headset;Informática;3;380;0;1140;Cartão;Não;Não;5;Não;Não;June;10/06/2025
560;C0219;53;F;Divorciado;Rio de Janeiro;Sudeste;3081;14;Loja;Smartwatch;Wearables;4;1600;5;6080;Boleto;Sim;Sim;4;Não;Não;July;05/07/2025
561;C0773;60;F;Divorciado;Fortaleza;Nordeste;16940;6;Site;Impressora;Informática;3;950;15;2422,5;Pix;Sim;Não;5;Não;Não;July;20/07/2025
562;C0050;36;M;Casado;Rio de Janeiro;Sudeste;21180;5;Loja;Webcam;Informática;3;260;10;702;Cartão;Sim;Sim;5;Não;Não;December;16/12/2025
563;C0109;44;F;Solteiro;Fortaleza;Nordeste;9318;2;Site;Impressora;Informática;3;950;0;2850;Pix;Não;Não;4;Não;Não;September;01/09/2025
564;C0314;33;M;Solteiro;Fortaleza;Nordeste;10796;11;App;Roteador;Redes;1;480;0;480;Boleto;Não;Não;1;Sim;Não;November;22/11/2025
565;C0694;26;M;Solteiro;Recife;Nordeste;2536;13;App;Smartphone;Telefonia;1;2800;10;2520;Boleto;Sim;Sim;4;Não;Não;January;20/01/2025
566;C0178;65;F;Casado;Curitiba;Sul;6137;7;Site;Smartwatch;Wearables;2;1600;15;2720;Pix;Sim;Sim;5;Não;Não;January;26/01/2025
567;C0400;49;M;Casado;Brasília;Centro-Oeste;12196;11;Loja;Webcam;Informática;3;260;10;702;Boleto;Sim;Sim;4;Não;Não;August;24/08/2025
568;C0769;51;M;Solteiro;Fortaleza;Nordeste;5137;12;Loja;SSD 1TB;Armazenamento;2;650;0;1300;Boleto;Não;Não;4;Não;Não;January;14/01/2025
569;C0395;46;F;Divorciado;Rio de Janeiro;Sudeste;9078;5;App;SSD 1TB;Armazenamento;4;650;10;2340;Cartão;Sim;Sim;5;Não;Não;June;13/06/2025
570;C0130;57;M;Divorciado;Manaus;Norte;4394;2;App;Notebook;Informática;3;4500;10;12150;Pix;Sim;Não;4;Não;Sim;September;24/09/2025
571;C0485;21;F;Divorciado;Recife;Nordeste;9835;14;App;Cadeira Gamer;Móveis;1;1800;0;1800;Boleto;Não;Não;4;Não;Não;January;19/01/2025
572;C0062;25;M;Divorciado;São Paulo;Sudeste;6169;7;Site;SSD 1TB;Armazenamento;2;650;0;1300;Cartão;Não;Não;4;Não;Não;December;17/12/2025
573;C0326;58;M;Casado;Curitiba;Sul;8654;14;App;Mouse;Informática;3;120;15;306;Cartão;Sim;Sim;5;Não;Não;February;21/02/2025
574;C0185;28;M;Solteiro;Brasília;Centro-Oeste;3911;5;Loja;Roteador;Redes;3;480;10;1296;Boleto;Sim;Sim;5;Não;Não;June;27/06/2025
575;C0191;40;M;Solteiro;Brasília;Centro-Oeste;21035;15;Site;Mouse;Informática;3;120;0;360;Pix;Não;Sim;3;Não;Não;January;31/01/2025
576;C0717;59;F;Solteiro;Curitiba;Sul;18960;3;App;Headset;Informática;1;380;10;342;Boleto;Sim;Sim;4;Não;Não;November;26/11/2025
577;C0347;33;M;Casado;Fortaleza;Nordeste;17809;8;Loja;Teclado;Informática;2;220;0;440;Boleto;Não;Sim;1;Sim;Não;July;22/07/2025
578;C0671;62;F;Casado;Belém;Norte;8985;8;Loja;Webcam;Informática;4;260;10;936;Cartão;Sim;Sim;1;Sim;Não;April;05/04/2025
579;C0650;52;M;Solteiro;Manaus;Norte;17069;15;App;Mouse;Informática;3;120;5;342;Cartão;Sim;Não;3;Não;Não;July;26/07/2025
580;C0685;36;F;Solteiro;Fortaleza;Nordeste;15081;1;App;Smartphone;Telefonia;3;2800;10;7560;Boleto;Sim;Não;5;Não;Não;May;25/05/2025
581;C0105;62;M;Divorciado;Belém;Norte;6405;7;Site;Cadeira Gamer;Móveis;1;1800;15;1530;Boleto;Sim;Sim;5;Não;Não;November;06/11/2025
582;C0532;64;M;Solteiro;Brasília;Centro-Oeste;15147;1;Loja;Impressora;Informática;3;950;15;2422,5;Boleto;Sim;Não;5;Não;Não;May;09/05/2025
583;C0670;19;M;Divorciado;Rio de Janeiro;Sudeste;4609;7;App;Teclado;Informática;4;220;0;880;Cartão;Não;Não;1;Sim;Não;April;15/04/2025
584;C0172;52;M;Casado;Belém;Norte;18656;9;Site;Headset;Informática;3;380;15;969;Pix;Sim;Sim;2;Sim;Não;January;07/01/2025
585;C0555;44;F;Solteiro;Recife;Nordeste;20390;4;App;Headset;Informática;2;380;0;760;Cartão;Não;Sim;4;Não;Não;June;25/06/2025
586;C0369;27;F;Divorciado;Recife;Nordeste;4006;9;Site;Teclado;Informática;4;220;0;880;Cartão;Não;Sim;5;Não;Não;June;30/06/2025
587;C0326;65;F;Divorciado;Rio de Janeiro;Sudeste;17297;3;Site;Teclado;Informática;4;220;5;836;Boleto;Sim;Sim;5;Não;Não;November;08/11/2025
588;C0109;60;M;Divorciado;Fortaleza;Nordeste;16165;7;Site;Teclado;Informática;1;220;10;198;Cartão;Sim;Sim;4;Não;Não;July;19/07/2025
589;C0458;36;F;Casado;Rio de Janeiro;Sudeste;3209;8;App;Headset;Informática;3;380;0;1140;Pix;Não;Não;3;Não;Não;June;26/06/2025
590;C0631;66;F;Solteiro;Fortaleza;Nordeste;12569;6;App;Monitor;Informática;1;1100;0;1100;Cartão;Não;Sim;4;Não;Não;April;10/04/2025
591;C0062;20;F;Divorciado;Curitiba;Sul;14382;12;Site;Smartphone;Telefonia;1;2800;15;2380;Pix;Sim;Não;5;Não;Não;April;02/04/2025
592;C0496;21;F;Divorciado;Fortaleza;Nordeste;8825;6;Site;Smartwatch;Wearables;2;1600;10;2880;Pix;Sim;Sim;4;Não;Não;January;13/01/2025
593;C0485;47;F;Solteiro;Belém;Norte;20366;2;App;Impressora;Informática;3;950;5;2707,5;Cartão;Sim;Não;5;Não;Não;May;25/05/2025
594;C0670;29;F;Divorciado;Rio de Janeiro;Sudeste;21431;14;App;Headset;Informática;3;380;0;1140;Cartão;Não;Sim;5;Não;Não;May;27/05/2025
595;C0334;28;M;Casado;Manaus;Norte;17145;1;Site;Notebook;Informática;2;4500;10;8100;Pix;Sim;Não;5;Não;Não;December;31/12/2025
596;C0547;67;M;Divorciado;Rio de Janeiro;Sudeste;13055;7;App;Cadeira Gamer;Móveis;3;1800;0;5400;Boleto;Não;Sim;3;Não;Não;March;22/03/2025
597;C0653;28;M;Solteiro;Curitiba;Sul;12149;15;App;Mouse;Informática;3;120;5;342;Cartão;Sim;Sim;4;Não;Não;January;14/01/2025
598;C0309;58;M;Divorciado;Recife;Nordeste;11583;14;Loja;Headset;Informática;4;380;0;1520;Cartão;Não;Sim;5;Não;Não;January;22/01/2025
599;C0435;52;F;Casado;Manaus;Norte;2961;13;Site;Smartphone;Telefonia;1;2800;20;2240;Cartão;Sim;Sim;5;Não;Não;April;22/04/2025
600;C0798;40;M;Casado;Recife;Nordeste;15755;15;App;Smartwatch;Wearables;1;1600;15;1360;Boleto;Sim;Sim;4;Não;Não;February;14/02/2025
601;C0190;67;F;Divorciado;Rio de Janeiro;Sudeste;20986;3;Loja;Smartwatch;Wearables;3;1600;0;4800;Pix;Não;Sim;3;Não;Não;October;07/10/2025
602;C0771;49;F;Casado;Rio de Janeiro;Sudeste;21828;15;Loja;Monitor;Informática;4;1100;0;4400;Boleto;Não;Não;3;Não;Não;October;19/10/2025
603;C0362;57;F;Solteiro;Manaus;Norte;15753;9;Loja;Mouse;Informática;1;120;10;108;Cartão;Sim;Sim;5;Não;Não;September;30/09/2025
604;C0163;23;F;Solteiro;Manaus;Norte;3608;8;App;Headset;Informática;4;380;5;1444;Pix;Sim;Sim;2;Sim;Não;May;30/05/2025
605;C0458;42;F;Solteiro;Belém;Norte;17372;0;Loja;Impressora;Informática;2;950;10;1710;Cartão;Sim;Não;2;Sim;Não;April;17/04/2025
606;C0198;51;F;Casado;Manaus;Norte;3085;2;Loja;Notebook;Informática;2;4500;20;7200;Pix;Sim;Não;2;Sim;Não;December;11/12/2025
607;C0289;52;F;Casado;Recife;Nordeste;9920;8;Site;Roteador;Redes;2;480;10;864;Cartão;Sim;Sim;2;Sim;Não;April;06/04/2025
608;C0588;56;F;Divorciado;Brasília;Centro-Oeste;10785;2;Loja;Webcam;Informática;4;260;15;884;Cartão;Sim;Não;4;Não;Não;June;04/06/2025
609;C0089;28;M;Divorciado;Manaus;Norte;6124;13;App;Headset;Informática;4;380;0;1520;Pix;Não;Não;1;Sim;Não;July;01/07/2025
610;C0728;53;F;Divorciado;Fortaleza;Nordeste;1991;9;Site;Teclado;Informática;1;220;15;187;Boleto;Sim;Sim;3;Não;Não;May;13/05/2025
611;C0139;35;F;Divorciado;Rio de Janeiro;Sudeste;5290;13;Loja;Mouse;Informática;3;120;0;360;Cartão;Não;Sim;4;Não;Não;October;11/10/2025
612;C0287;67;F;Casado;Brasília;Centro-Oeste;10052;13;Site;Roteador;Redes;1;480;20;384;Pix;Sim;Sim;5;Não;Não;October;14/10/2025
613;C0503;37;M;Casado;Rio de Janeiro;Sudeste;21726;2;App;Cadeira Gamer;Móveis;1;1800;20;1440;Boleto;Sim;Não;5;Não;Não;June;22/06/2025
614;C0732;60;M;Divorciado;Curitiba;Sul;14936;15;Loja;Roteador;Redes;2;480;15;816;Cartão;Sim;Não;5;Não;Não;September;17/09/2025
615;C0180;39;F;Divorciado;Fortaleza;Nordeste;5781;4;Site;Notebook;Informática;1;4500;0;4500;Cartão;Não;Sim;3;Não;Não;December;13/12/2025
616;C0516;57;F;Solteiro;Belém;Norte;10322;9;App;Headset;Informática;1;380;15;323;Boleto;Sim;Sim;3;Não;Não;January;22/01/2025
617;C0491;62;M;Casado;Manaus;Norte;12837;15;Loja;Smartphone;Telefonia;1;2800;5;2660;Pix;Sim;Sim;3;Não;Não;March;12/03/2025
618;C0266;56;F;Solteiro;Belém;Norte;19340;5;App;Headset;Informática;3;380;0;1140;Cartão;Não;Não;4;Não;Não;July;02/07/2025
619;C0108;43;M;Casado;Rio de Janeiro;Sudeste;17914;2;Loja;Mouse;Informática;3;120;0;360;Pix;Não;Não;3;Não;Não;April;17/04/2025
620;C0651;66;M;Casado;Belém;Norte;4186;12;App;Headset;Informática;2;380;5;722;Boleto;Sim;Sim;2;Sim;Não;April;17/04/2025
621;C0131;44;F;Divorciado;Belém;Norte;17759;4;Loja;Smartphone;Telefonia;3;2800;15;7140;Boleto;Sim;Sim;3;Não;Não;July;23/07/2025
622;C0394;50;F;Divorciado;São Paulo;Sudeste;14465;7;Loja;SSD 1TB;Armazenamento;3;650;5;1852,5;Pix;Sim;Sim;5;Não;Não;June;02/06/2025
623;C0367;28;F;Casado;Fortaleza;Nordeste;16352;12;Loja;Headset;Informática;2;380;0;760;Boleto;Não;Sim;5;Não;Não;June;11/06/2025
624;C0624;70;M;Solteiro;Curitiba;Sul;5489;7;Loja;Smartphone;Telefonia;3;2800;0;8400;Cartão;Não;Sim;5;Não;Não;October;17/10/2025
625;C0028;64;M;Solteiro;Fortaleza;Nordeste;14545;5;App;Smartwatch;Wearables;1;1600;5;1520;Boleto;Sim;Sim;4;Não;Não;January;19/01/2025
626;C0739;39;F;Casado;Curitiba;Sul;11303;9;App;Teclado;Informática;1;220;0;220;Pix;Não;Sim;4;Não;Não;September;21/09/2025
627;C0337;31;M;Divorciado;São Paulo;Sudeste;13123;4;Loja;SSD 1TB;Armazenamento;3;650;15;1657,5;Pix;Sim;Não;4;Não;Não;April;14/04/2025
628;C0424;22;F;Solteiro;Recife;Nordeste;6700;7;Loja;Webcam;Informática;1;260;15;221;Pix;Sim;Não;4;Não;Não;April;12/04/2025
629;C0247;58;M;Casado;São Paulo;Sudeste;12163;5;App;Smartphone;Telefonia;2;2800;5;5320;Pix;Sim;Sim;5;Não;Não;August;27/08/2025
630;C0311;20;F;Divorciado;Rio de Janeiro;Sudeste;20654;8;Loja;Webcam;Informática;4;260;0;1040;Boleto;Não;Sim;2;Sim;Não;June;18/06/2025
631;C0114;27;M;Solteiro;Recife;Nordeste;14868;5;App;Teclado;Informática;2;220;20;352;Pix;Sim;Não;5;Não;Não;January;25/01/2025
632;C0713;62;M;Divorciado;Fortaleza;Nordeste;9766;13;App;Smartphone;Telefonia;1;2800;5;2660;Pix;Sim;Não;3;Não;Não;July;30/07/2025
633;C0759;40;M;Casado;Rio de Janeiro;Sudeste;18417;12;Site;Monitor;Informática;2;1100;0;2200;Pix;Não;Não;3;Não;Não;April;13/04/2025
634;C0780;18;F;Casado;Brasília;Centro-Oeste;12826;5;App;Smartwatch;Wearables;2;1600;0;3200;Pix;Não;Sim;4;Não;Não;July;05/07/2025
635;C0731;59;F;Solteiro;São Paulo;Sudeste;14167;0;App;SSD 1TB;Armazenamento;4;650;10;2340;Cartão;Sim;Não;2;Sim;Não;October;10/10/2025
636;C0724;31;M;Divorciado;Brasília;Centro-Oeste;19891;0;App;Roteador;Redes;1;480;10;432;Pix;Sim;Não;4;Não;Não;March;18/03/2025
637;C0007;60;F;Divorciado;Recife;Nordeste;4118;9;App;Teclado;Informática;1;220;10;198;Pix;Sim;Não;4;Não;Não;May;26/05/2025
638;C0380;48;F;Divorciado;Brasília;Centro-Oeste;4688;8;Loja;Headset;Informática;4;380;5;1444;Cartão;Sim;Sim;4;Não;Não;June;22/06/2025
639;C0742;24;F;Solteiro;Belém;Norte;13282;9;App;Cadeira Gamer;Móveis;1;1800;5;1710;Cartão;Sim;Sim;3;Não;Não;February;05/02/2025
640;C0268;20;M;Divorciado;Recife;Nordeste;13753;7;Site;Webcam;Informática;3;260;0;780;Cartão;Não;Sim;5;Não;Não;December;03/12/2025
641;C0031;29;M;Casado;Manaus;Norte;3720;5;App;Headset;Informática;1;380;0;380;Pix;Não;Sim;4;Não;Não;April;12/04/2025
642;C0044;28;F;Casado;Belém;Norte;12505;11;App;Roteador;Redes;2;480;0;960;Pix;Não;Sim;2;Sim;Não;November;13/11/2025
643;C0434;57;F;Casado;Belém;Norte;10637;12;Loja;Monitor;Informática;1;1100;5;1045;Boleto;Sim;Sim;5;Não;Não;March;11/03/2025
644;C0577;23;M;Casado;São Paulo;Sudeste;8778;13;App;Smartphone;Telefonia;2;2800;10;5040;Pix;Sim;Sim;5;Não;Não;November;09/11/2025
645;C0375;67;M;Divorciado;Curitiba;Sul;8115;4;Site;Impressora;Informática;2;950;0;1900;Pix;Não;Sim;3;Não;Não;October;13/10/2025
646;C0345;52;M;Casado;Recife;Nordeste;15953;14;Loja;SSD 1TB;Armazenamento;4;650;10;2340;Boleto;Sim;Sim;4;Não;Não;September;17/09/2025
647;C0088;54;F;Divorciado;Fortaleza;Nordeste;14065;13;App;Smartphone;Telefonia;4;2800;0;11200;Boleto;Não;Sim;2;Sim;Não;August;19/08/2025
648;C0045;70;M;Casado;Curitiba;Sul;8170;0;App;Smartphone;Telefonia;1;2800;15;2380;Cartão;Sim;Não;5;Não;Não;March;23/03/2025
649;C0076;30;F;Casado;Belém;Norte;5641;15;Site;Headset;Informática;1;380;0;380;Cartão;Não;Sim;4;Não;Não;September;30/09/2025
650;C0682;31;F;Divorciado;Curitiba;Sul;11745;14;App;SSD 1TB;Armazenamento;3;650;0;1950;Pix;Não;Não;3;Não;Não;September;26/09/2025
651;C0678;47;F;Divorciado;Recife;Nordeste;4811;10;App;Headset;Informática;2;380;5;722;Cartão;Sim;Sim;4;Não;Não;April;26/04/2025
652;C0654;70;F;Solteiro;Recife;Nordeste;6370;7;Site;Mouse;Informática;4;120;0;480;Pix;Não;Não;5;Não;Não;October;03/10/2025
653;C0694;18;F;Solteiro;Rio de Janeiro;Sudeste;4418;14;Site;Cadeira Gamer;Móveis;4;1800;10;6480;Pix;Sim;Sim;2;Sim;Não;April;02/04/2025
654;C0017;48;M;Solteiro;Curitiba;Sul;10764;12;Site;Smartwatch;Wearables;3;1600;10;4320;Pix;Sim;Sim;5;Não;Não;June;05/06/2025
655;C0526;42;F;Casado;Manaus;Norte;5982;1;App;Mouse;Informática;1;120;10;108;Boleto;Sim;Não;4;Não;Não;January;12/01/2025
656;C0252;33;F;Casado;Recife;Nordeste;16426;7;Site;Smartwatch;Wearables;4;1600;20;5120;Boleto;Sim;Não;4;Não;Não;December;25/12/2025
657;C0525;60;F;Casado;Rio de Janeiro;Sudeste;4594;6;Loja;SSD 1TB;Armazenamento;4;650;20;2080;Cartão;Sim;Sim;4;Não;Não;March;17/03/2025
658;C0400;63;M;Casado;São Paulo;Sudeste;14247;13;App;SSD 1TB;Armazenamento;2;650;10;1170;Pix;Sim;Não;4;Não;Não;April;02/04/2025
659;C0142;21;F;Divorciado;São Paulo;Sudeste;14764;11;App;Monitor;Informática;4;1100;5;4180;Boleto;Sim;Sim;3;Não;Não;July;03/07/2025
660;C0415;54;M;Divorciado;Fortaleza;Nordeste;21501;4;Site;Impressora;Informática;1;950;0;950;Cartão;Não;Sim;3;Não;Não;April;21/04/2025
661;C0620;27;M;Divorciado;Curitiba;Sul;20329;1;App;Notebook;Informática;2;4500;20;7200;Pix;Sim;Não;4;Não;Não;July;09/07/2025
662;C0675;23;F;Casado;Brasília;Centro-Oeste;18009;10;Site;Roteador;Redes;3;480;10;1296;Pix;Sim;Sim;5;Não;Não;June;17/06/2025
663;C0689;65;F;Divorciado;São Paulo;Sudeste;13730;7;Loja;Monitor;Informática;3;1100;10;2970;Pix;Sim;Não;2;Sim;Não;August;28/08/2025
664;C0019;49;M;Divorciado;Belém;Norte;10989;0;Loja;Monitor;Informática;1;1100;20;880;Pix;Sim;Não;5;Não;Não;July;04/07/2025
665;C0607;20;F;Casado;Rio de Janeiro;Sudeste;11117;7;App;Teclado;Informática;1;220;0;220;Boleto;Não;Sim;4;Não;Não;June;19/06/2025
666;C0490;60;F;Casado;Brasília;Centro-Oeste;16889;6;App;Webcam;Informática;4;260;15;884;Boleto;Sim;Não;3;Não;Não;April;17/04/2025
667;C0268;50;F;Divorciado;Curitiba;Sul;8742;4;Site;SSD 1TB;Armazenamento;2;650;20;1040;Cartão;Sim;Sim;3;Não;Não;June;23/06/2025
668;C0575;27;M;Divorciado;São Paulo;Sudeste;3668;8;App;Smartphone;Telefonia;1;2800;0;2800;Pix;Não;Sim;4;Não;Não;December;04/12/2025
669;C0528;38;M;Casado;Manaus;Norte;9159;14;Loja;Headset;Informática;2;380;0;760;Cartão;Não;Não;2;Sim;Não;October;21/10/2025
670;C0064;54;M;Solteiro;São Paulo;Sudeste;21716;4;Loja;SSD 1TB;Armazenamento;2;650;0;1300;Pix;Não;Sim;5;Não;Não;September;17/09/2025
671;C0501;53;M;Casado;São Paulo;Sudeste;10892;12;Loja;Smartwatch;Wearables;4;1600;0;6400;Cartão;Não;Não;3;Não;Não;October;13/10/2025
672;C0432;64;F;Divorciado;Belém;Norte;6729;7;Site;Headset;Informática;4;380;0;1520;Cartão;Não;Sim;3;Não;Não;October;01/10/2025
673;C0678;62;M;Casado;Belém;Norte;15124;14;Loja;Teclado;Informática;3;220;5;627;Pix;Sim;Não;3;Não;Não;November;29/11/2025
674;C0598;25;F;Divorciado;Manaus;Norte;8713;8;Site;Smartphone;Telefonia;1;2800;10;2520;Boleto;Sim;Não;4;Não;Não;February;17/02/2025
675;C0112;35;F;Solteiro;Curitiba;Sul;8505;1;App;Impressora;Informática;2;950;10;1710;Cartão;Sim;Não;3;Não;Não;March;30/03/2025
676;C0024;49;F;Solteiro;Belém;Norte;15518;5;App;Cadeira Gamer;Móveis;2;1800;15;3060;Pix;Sim;Não;4;Não;Não;October;15/10/2025
677;C0194;57;F;Divorciado;Recife;Nordeste;20614;7;App;Smartwatch;Wearables;2;1600;10;2880;Pix;Sim;Sim;5;Não;Não;October;06/10/2025
678;C0564;69;M;Casado;Brasília;Centro-Oeste;18417;7;App;Mouse;Informática;2;120;0;240;Pix;Não;Sim;4;Não;Não;September;20/09/2025
679;C0481;44;F;Casado;Fortaleza;Nordeste;13404;15;Site;SSD 1TB;Armazenamento;3;650;20;1560;Boleto;Sim;Não;2;Sim;Não;June;13/06/2025
680;C0384;70;M;Solteiro;Curitiba;Sul;8630;4;App;Smartphone;Telefonia;1;2800;0;2800;Boleto;Não;Não;5;Não;Não;February;28/02/2025
681;C0393;68;M;Solteiro;Curitiba;Sul;12601;11;Site;Cadeira Gamer;Móveis;1;1800;0;1800;Boleto;Não;Sim;4;Não;Não;September;03/09/2025
682;C0683;49;M;Casado;Belém;Norte;3610;6;Site;Teclado;Informática;2;220;0;440;Pix;Não;Sim;3;Não;Não;July;04/07/2025
683;C0173;66;M;Solteiro;Rio de Janeiro;Sudeste;8670;8;Loja;Cadeira Gamer;Móveis;2;1800;0;3600;Pix;Não;Sim;5;Não;Não;August;27/08/2025
684;C0241;20;M;Divorciado;Brasília;Centro-Oeste;16600;5;Loja;Impressora;Informática;4;950;0;3800;Boleto;Não;Não;3;Não;Não;December;21/12/2025
685;C0695;22;F;Casado;São Paulo;Sudeste;13306;12;App;Monitor;Informática;3;1100;10;2970;Pix;Sim;Sim;4;Não;Não;October;14/10/2025
686;C0449;20;M;Solteiro;Fortaleza;Nordeste;12144;13;Loja;Cadeira Gamer;Móveis;2;1800;0;3600;Boleto;Não;Sim;4;Não;Não;October;27/10/2025
687;C0071;53;F;Solteiro;Manaus;Norte;15047;10;App;Mouse;Informática;1;120;0;120;Cartão;Não;Não;5;Não;Não;September;01/09/2025
688;C0523;32;F;Casado;Belém;Norte;14804;1;App;SSD 1TB;Armazenamento;1;650;10;585;Cartão;Sim;Não;5;Não;Não;June;24/06/2025
689;C0219;21;M;Casado;Rio de Janeiro;Sudeste;12354;13;Site;Roteador;Redes;3;480;10;1296;Boleto;Sim;Sim;4;Não;Não;December;04/12/2025
690;C0223;18;F;Casado;São Paulo;Sudeste;15478;6;App;SSD 1TB;Armazenamento;2;650;5;1235;Boleto;Sim;Sim;3;Não;Não;August;31/08/2025
691;C0759;65;M;Casado;Fortaleza;Nordeste;19539;13;Site;Smartwatch;Wearables;1;1600;0;1600;Cartão;Não;Sim;4;Não;Não;May;20/05/2025
692;C0171;29;F;Casado;São Paulo;Sudeste;4268;14;Loja;Smartphone;Telefonia;4;2800;20;8960;Pix;Sim;Sim;5;Não;Não;September;30/09/2025
693;C0723;44;M;Divorciado;Fortaleza;Nordeste;21794;11;App;Monitor;Informática;4;1100;0;4400;Cartão;Não;Sim;1;Sim;Não;January;23/01/2025
694;C0723;22;M;Solteiro;São Paulo;Sudeste;4253;6;App;Smartwatch;Wearables;2;1600;5;3040;Cartão;Sim;Sim;4;Não;Não;May;08/05/2025
695;C0714;48;M;Divorciado;Belém;Norte;20084;6;App;Notebook;Informática;4;4500;0;18000;Cartão;Não;Não;4;Não;Não;July;19/07/2025
696;C0236;36;M;Casado;Manaus;Norte;3348;0;Site;Smartphone;Telefonia;1;2800;15;2380;Cartão;Sim;Não;5;Não;Não;April;23/04/2025
697;C0347;33;F;Solteiro;Rio de Janeiro;Sudeste;8025;4;Loja;SSD 1TB;Armazenamento;2;650;5;1235;Pix;Sim;Sim;4;Não;Não;January;04/01/2025
698;C0456;22;F;Solteiro;Belém;Norte;14585;1;App;Cadeira Gamer;Móveis;4;1800;20;5760;Pix;Sim;Não;3;Não;Sim;August;04/08/2025
699;C0218;57;F;Solteiro;São Paulo;Sudeste;16232;0;Site;Smartphone;Telefonia;1;2800;15;2380;Cartão;Sim;Não;3;Não;Não;June;26/06/2025
700;C0125;44;M;Divorciado;Belém;Norte;14241;4;Loja;Teclado;Informática;4;220;0;880;Pix;Não;Sim;4;Não;Não;February;12/02/2025
701;C0346;49;F;Casado;São Paulo;Sudeste;19225;12;Site;Monitor;Informática;1;1100;0;1100;Pix;Não;Sim;5;Não;Não;January;27/01/2025
702;C0094;20;F;Casado;Belém;Norte;17778;6;App;Monitor;Informática;3;1100;0;3300;Cartão;Não;Sim;3;Não;Não;August;19/08/2025
703;C0539;69;M;Solteiro;Belém;Norte;13489;12;Loja;SSD 1TB;Armazenamento;1;650;0;650;Boleto;Não;Sim;4;Não;Não;August;24/08/2025
704;C0183;33;M;Solteiro;Recife;Nordeste;3614;4;Loja;Headset;Informática;2;380;15;646;Cartão;Sim;Sim;4;Não;Não;April;23/04/2025
705;C0157;31;F;Casado;Fortaleza;Nordeste;19436;10;Loja;Smartphone;Telefonia;2;2800;15;4760;Cartão;Sim;Sim;5;Não;Não;December;15/12/2025
706;C0694;31;M;Divorciado;Curitiba;Sul;18373;15;Loja;Smartwatch;Wearables;4;1600;0;6400;Cartão;Não;Sim;4;Não;Não;August;19/08/2025
707;C0133;23;F;Solteiro;São Paulo;Sudeste;2012;0;App;Monitor;Informática;4;1100;10;3960;Pix;Sim;Não;3;Não;Não;August;18/08/2025
708;C0204;59;M;Divorciado;Fortaleza;Nordeste;21931;11;App;Notebook;Informática;4;4500;20;14400;Boleto;Sim;Sim;3;Não;Não;January;29/01/2025
709;C0597;43;M;Solteiro;Belém;Norte;3640;12;Site;Smartphone;Telefonia;1;2800;10;2520;Boleto;Sim;Sim;2;Sim;Não;December;15/12/2025
710;C0118;63;M;Divorciado;Manaus;Norte;12389;9;Site;Headset;Informática;4;380;10;1368;Boleto;Sim;Não;3;Não;Não;February;23/02/2025
711;C0652;44;F;Divorciado;Rio de Janeiro;Sudeste;21483;11;Loja;Smartwatch;Wearables;2;1600;5;3040;Boleto;Sim;Sim;5;Não;Não;December;10/12/2025
712;C0285;39;F;Solteiro;São Paulo;Sudeste;18131;6;App;Monitor;Informática;2;1100;15;1870;Boleto;Sim;Sim;5;Não;Não;October;02/10/2025
713;C0736;33;M;Divorciado;Curitiba;Sul;11722;10;Loja;Webcam;Informática;3;260;15;663;Cartão;Sim;Sim;5;Não;Não;August;17/08/2025
714;C0351;65;F;Solteiro;Recife;Nordeste;11847;9;Loja;Mouse;Informática;3;120;10;324;Boleto;Sim;Não;5;Não;Não;September;07/09/2025
715;C0229;42;M;Solteiro;Rio de Janeiro;Sudeste;9972;4;Site;Teclado;Informática;4;220;0;880;Cartão;Não;Sim;5;Não;Não;April;10/04/2025
716;C0090;59;F;Divorciado;São Paulo;Sudeste;13692;15;Loja;Smartwatch;Wearables;2;1600;5;3040;Pix;Sim;Sim;3;Não;Não;November;12/11/2025
717;C0035;31;F;Solteiro;Manaus;Norte;11789;13;Site;Smartphone;Telefonia;1;2800;0;2800;Boleto;Não;Não;5;Não;Não;April;04/04/2025
718;C0156;27;M;Divorciado;Brasília;Centro-Oeste;5193;14;App;Roteador;Redes;2;480;0;960;Boleto;Não;Não;4;Não;Não;November;09/11/2025
719;C0218;41;F;Divorciado;Brasília;Centro-Oeste;16697;8;App;Monitor;Informática;1;1100;0;1100;Pix;Não;Não;3;Não;Não;November;26/11/2025
720;C0155;56;F;Solteiro;Belém;Norte;21987;6;App;Webcam;Informática;1;260;0;260;Boleto;Não;Sim;3;Não;Não;December;08/12/2025
721;C0537;45;F;Divorciado;Fortaleza;Nordeste;12262;11;App;Headset;Informática;1;380;5;361;Cartão;Sim;Sim;4;Não;Não;February;04/02/2025
722;C0231;29;F;Divorciado;Rio de Janeiro;Sudeste;12113;8;Loja;Webcam;Informática;2;260;5;494;Boleto;Sim;Sim;2;Sim;Não;January;15/01/2025
723;C0348;59;M;Solteiro;Brasília;Centro-Oeste;11518;6;Site;Smartphone;Telefonia;4;2800;0;11200;Boleto;Não;Sim;4;Não;Não;October;06/10/2025
724;C0778;51;M;Divorciado;Brasília;Centro-Oeste;14112;9;App;Cadeira Gamer;Móveis;2;1800;5;3420;Cartão;Sim;Sim;4;Não;Não;July;23/07/2025
725;C0646;20;F;Casado;Curitiba;Sul;13943;0;App;Webcam;Informática;4;260;20;832;Boleto;Sim;Não;5;Não;Não;October;30/10/2025
726;C0732;44;M;Divorciado;Belém;Norte;16393;15;App;Smartwatch;Wearables;4;1600;0;6400;Boleto;Não;Sim;5;Não;Não;September;10/09/2025
727;C0063;66;F;Divorciado;Fortaleza;Nordeste;17864;8;App;Monitor;Informática;4;1100;15;3740;Boleto;Sim;Sim;4;Não;Não;April;05/04/2025
728;C0057;28;F;Casado;Rio de Janeiro;Sudeste;18691;3;App;Teclado;Informática;2;220;0;440;Pix;Não;Sim;5;Não;Não;January;07/01/2025
729;C0272;65;M;Divorciado;Fortaleza;Nordeste;3139;7;App;Smartwatch;Wearables;3;1600;10;4320;Boleto;Sim;Não;5;Não;Não;March;30/03/2025
730;C0625;44;M;Casado;Fortaleza;Nordeste;21590;9;Loja;Roteador;Redes;4;480;0;1920;Cartão;Não;Sim;5;Não;Não;December;31/12/2025
731;C0088;34;M;Divorciado;Brasília;Centro-Oeste;20808;14;Loja;Cadeira Gamer;Móveis;2;1800;10;3240;Cartão;Sim;Sim;4;Não;Não;May;06/05/2025
732;C0334;35;F;Divorciado;Brasília;Centro-Oeste;12263;3;App;Cadeira Gamer;Móveis;4;1800;0;7200;Cartão;Não;Sim;2;Sim;Não;March;09/03/2025
733;C0420;62;F;Casado;Brasília;Centro-Oeste;1848;0;Loja;SSD 1TB;Armazenamento;1;650;10;585;Cartão;Sim;Não;3;Não;Não;September;12/09/2025
734;C0177;63;M;Solteiro;Brasília;Centro-Oeste;21254;4;Loja;Monitor;Informática;4;1100;0;4400;Pix;Não;Sim;2;Sim;Não;August;03/08/2025
735;C0774;47;F;Divorciado;Curitiba;Sul;16150;14;App;Monitor;Informática;1;1100;10;990;Cartão;Sim;Sim;3;Não;Não;February;02/02/2025
736;C0306;70;F;Casado;Rio de Janeiro;Sudeste;21113;2;Site;SSD 1TB;Armazenamento;1;650;5;617,5;Cartão;Sim;Não;2;Sim;Não;October;07/10/2025
737;C0208;27;M;Divorciado;Recife;Nordeste;13104;13;App;Monitor;Informática;4;1100;10;3960;Pix;Sim;Sim;5;Não;Não;March;11/03/2025
738;C0658;65;F;Casado;São Paulo;Sudeste;15137;6;App;SSD 1TB;Armazenamento;4;650;10;2340;Cartão;Sim;Sim;3;Não;Não;October;10/10/2025
739;C0725;42;M;Casado;Rio de Janeiro;Sudeste;8605;9;App;Smartwatch;Wearables;4;1600;10;5760;Boleto;Sim;Não;4;Não;Não;January;10/01/2025
740;C0072;35;M;Solteiro;Brasília;Centro-Oeste;21742;15;App;Notebook;Informática;1;4500;10;4050;Cartão;Sim;Não;3;Não;Não;November;23/11/2025
741;C0527;25;M;Divorciado;Recife;Nordeste;21701;8;Loja;Smartphone;Telefonia;3;2800;15;7140;Cartão;Sim;Sim;5;Não;Não;December;31/12/2025
742;C0144;70;F;Divorciado;São Paulo;Sudeste;5822;15;Loja;SSD 1TB;Armazenamento;4;650;15;2210;Boleto;Sim;Sim;4;Não;Não;July;21/07/2025
743;C0570;34;M;Solteiro;Manaus;Norte;10678;4;App;Notebook;Informática;2;4500;0;9000;Cartão;Não;Sim;5;Não;Não;December;01/12/2025
744;C0611;20;F;Divorciado;Belém;Norte;14907;2;App;SSD 1TB;Armazenamento;3;650;0;1950;Cartão;Não;Não;5;Não;Não;February;23/02/2025
745;C0003;52;F;Divorciado;Rio de Janeiro;Sudeste;8813;9;App;Headset;Informática;3;380;5;1083;Pix;Sim;Sim;2;Sim;Não;February;04/02/2025
746;C0290;21;F;Divorciado;Rio de Janeiro;Sudeste;14622;2;Site;Notebook;Informática;2;4500;10;8100;Cartão;Sim;Não;4;Não;Não;July;11/07/2025
747;C0253;63;M;Solteiro;Rio de Janeiro;Sudeste;17510;15;Site;Webcam;Informática;3;260;0;780;Cartão;Não;Sim;3;Não;Não;October;04/10/2025
748;C0294;48;M;Solteiro;São Paulo;Sudeste;3273;6;Loja;Monitor;Informática;3;1100;0;3300;Boleto;Não;Sim;5;Não;Não;August;24/08/2025
749;C0459;59;M;Divorciado;São Paulo;Sudeste;11156;13;Loja;Smartwatch;Wearables;1;1600;5;1520;Cartão;Sim;Sim;4;Não;Não;May;18/05/2025
750;C0632;40;F;Solteiro;Curitiba;Sul;7422;0;App;Monitor;Informática;3;1100;10;2970;Cartão;Sim;Não;4;Não;Não;February;01/02/2025
751;C0044;49;F;Divorciado;Rio de Janeiro;Sudeste;10558;10;App;Webcam;Informática;3;260;10;702;Boleto;Sim;Sim;4;Não;Não;February;10/02/2025
752;C0430;20;M;Divorciado;Belém;Norte;16703;3;Loja;Smartwatch;Wearables;2;1600;10;2880;Cartão;Sim;Sim;5;Não;Não;February;12/02/2025
753;C0082;28;M;Divorciado;Manaus;Norte;20366;4;Site;Headset;Informática;2;380;10;684;Boleto;Sim;Sim;3;Não;Não;July;29/07/2025
754;C0078;70;M;Divorciado;Manaus;Norte;7335;4;Loja;Notebook;Informática;3;4500;10;12150;Pix;Sim;Sim;5;Não;Não;December;18/12/2025
755;C0659;69;M;Solteiro;São Paulo;Sudeste;4756;11;Site;Smartwatch;Wearables;3;1600;10;4320;Pix;Sim;Não;4;Não;Não;January;15/01/2025
756;C0283;18;F;Solteiro;Curitiba;Sul;11313;2;Site;Teclado;Informática;1;220;15;187;Boleto;Sim;Não;5;Não;Não;February;03/02/2025
757;C0563;45;F;Divorciado;Curitiba;Sul;11640;10;Loja;Roteador;Redes;1;480;0;480;Pix;Não;Não;5;Não;Não;January;15/01/2025
758;C0150;33;F;Divorciado;Recife;Nordeste;3914;6;App;Impressora;Informática;3;950;5;2707,5;Pix;Sim;Não;5;Não;Não;January;05/01/2025
759;C0130;38;F;Solteiro;Curitiba;Sul;21448;15;Loja;Headset;Informática;2;380;0;760;Pix;Não;Não;5;Não;Não;October;31/10/2025
760;C0554;29;M;Solteiro;São Paulo;Sudeste;16865;11;Loja;SSD 1TB;Armazenamento;1;650;0;650;Pix;Não;Sim;5;Não;Não;February;08/02/2025
761;C0132;68;M;Solteiro;Fortaleza;Nordeste;9400;12;App;Monitor;Informática;3;1100;15;2805;Cartão;Sim;Não;4;Não;Não;May;08/05/2025
762;C0049;25;F;Casado;Recife;Nordeste;7234;14;Loja;Smartphone;Telefonia;2;2800;0;5600;Pix;Não;Não;4;Não;Não;November;17/11/2025
763;C0783;68;M;Divorciado;Rio de Janeiro;Sudeste;10202;15;Loja;Cadeira Gamer;Móveis;3;1800;0;5400;Boleto;Não;Sim;2;Sim;Não;August;30/08/2025
764;C0559;22;M;Divorciado;Recife;Nordeste;11251;8;Site;Impressora;Informática;4;950;0;3800;Pix;Não;Sim;4;Não;Não;December;19/12/2025
765;C0530;60;M;Solteiro;São Paulo;Sudeste;11550;9;App;Monitor;Informática;4;1100;0;4400;Boleto;Não;Não;4;Não;Não;February;04/02/2025
766;C0322;40;F;Casado;Brasília;Centro-Oeste;9932;10;Loja;Cadeira Gamer;Móveis;1;1800;5;1710;Cartão;Sim;Sim;5;Não;Não;September;25/09/2025
767;C0535;43;F;Casado;Brasília;Centro-Oeste;12685;14;App;Webcam;Informática;4;260;0;1040;Pix;Não;Sim;5;Não;Não;April;11/04/2025
768;C0388;65;M;Solteiro;São Paulo;Sudeste;16032;13;Loja;Monitor;Informática;1;1100;10;990;Boleto;Sim;Não;5;Não;Não;April;25/04/2025
769;C0350;70;M;Casado;São Paulo;Sudeste;12880;11;Site;Monitor;Informática;4;1100;5;4180;Cartão;Sim;Sim;5;Não;Não;February;04/02/2025
770;C0514;29;F;Solteiro;Brasília;Centro-Oeste;4040;3;Site;Cadeira Gamer;Móveis;2;1800;10;3240;Boleto;Sim;Sim;4;Não;Não;February;17/02/2025
771;C0164;45;F;Casado;Curitiba;Sul;10586;6;Loja;Mouse;Informática;2;120;15;204;Pix;Sim;Sim;5;Não;Não;May;15/05/2025
772;C0116;59;F;Casado;Curitiba;Sul;5763;13;Loja;Smartphone;Telefonia;2;2800;5;5320;Boleto;Sim;Não;5;Não;Não;May;11/05/2025
773;C0496;60;M;Casado;Recife;Nordeste;18273;10;App;SSD 1TB;Armazenamento;2;650;10;1170;Cartão;Sim;Sim;5;Não;Não;March;23/03/2025
774;C0464;21;M;Divorciado;Brasília;Centro-Oeste;21879;10;Loja;Cadeira Gamer;Móveis;1;1800;5;1710;Pix;Sim;Não;5;Não;Não;April;23/04/2025
775;C0647;62;F;Casado;Manaus;Norte;18882;12;Loja;Notebook;Informática;2;4500;5;8550;Boleto;Sim;Sim;5;Não;Não;May;03/05/2025
776;C0306;61;F;Solteiro;Rio de Janeiro;Sudeste;2751;11;Loja;Smartwatch;Wearables;2;1600;10;2880;Cartão;Sim;Sim;5;Não;Não;June;29/06/2025
777;C0094;42;F;Solteiro;Brasília;Centro-Oeste;13447;8;Site;Monitor;Informática;4;1100;0;4400;Cartão;Não;Sim;3;Não;Não;July;13/07/2025
778;C0448;37;M;Casado;Recife;Nordeste;9874;4;Loja;Monitor;Informática;3;1100;15;2805;Pix;Sim;Sim;5;Não;Não;June;22/06/2025
779;C0108;25;F;Divorciado;Brasília;Centro-Oeste;18818;6;App;Monitor;Informática;2;1100;15;1870;Boleto;Sim;Sim;5;Não;Não;May;27/05/2025
780;C0504;58;M;Solteiro;Manaus;Norte;21931;3;Loja;Headset;Informática;1;380;0;380;Cartão;Não;Sim;5;Não;Não;June;10/06/2025
781;C0263;40;M;Casado;Brasília;Centro-Oeste;21063;14;Site;Headset;Informática;3;380;0;1140;Cartão;Não;Sim;4;Não;Não;January;01/01/2025
782;C0787;44;M;Casado;Belém;Norte;15294;15;Loja;Smartwatch;Wearables;4;1600;10;5760;Boleto;Sim;Sim;2;Sim;Não;September;22/09/2025
783;C0583;30;M;Divorciado;São Paulo;Sudeste;6515;0;Site;Monitor;Informática;3;1100;10;2970;Cartão;Sim;Não;3;Não;Não;July;17/07/2025
784;C0012;28;F;Solteiro;Rio de Janeiro;Sudeste;17246;2;App;Smartwatch;Wearables;1;1600;10;1440;Cartão;Sim;Não;4;Não;Não;August;02/08/2025
785;C0322;39;M;Solteiro;Brasília;Centro-Oeste;11928;3;Loja;Webcam;Informática;3;260;0;780;Pix;Não;Sim;4;Não;Não;September;21/09/2025
786;C0204;53;M;Divorciado;São Paulo;Sudeste;9352;7;App;Smartphone;Telefonia;3;2800;15;7140;Pix;Sim;Não;3;Não;Não;June;30/06/2025
787;C0180;39;M;Divorciado;Belém;Norte;13904;8;App;Teclado;Informática;4;220;0;880;Cartão;Não;Sim;3;Não;Não;January;09/01/2025
788;C0655;32;F;Divorciado;Brasília;Centro-Oeste;9488;4;Loja;Headset;Informática;4;380;0;1520;Pix;Não;Não;3;Não;Não;July;17/07/2025
789;C0201;66;M;Solteiro;Rio de Janeiro;Sudeste;9146;6;Loja;Smartphone;Telefonia;4;2800;5;10640;Cartão;Sim;Sim;5;Não;Não;October;01/10/2025
790;C0187;24;F;Casado;Fortaleza;Nordeste;16224;7;App;Monitor;Informática;4;1100;15;3740;Boleto;Sim;Sim;5;Não;Não;September;30/09/2025
791;C0709;39;F;Solteiro;Manaus;Norte;14981;0;Site;Smartphone;Telefonia;1;2800;15;2380;Cartão;Sim;Não;4;Não;Não;February;14/02/2025
792;C0748;21;F;Solteiro;Manaus;Norte;11370;9;App;Headset;Informática;2;380;0;760;Pix;Não;Sim;5;Não;Não;August;15/08/2025
793;C0596;35;M;Solteiro;Brasília;Centro-Oeste;4451;4;App;Cadeira Gamer;Móveis;3;1800;10;4860;Boleto;Sim;Sim;5;Não;Não;June;11/06/2025
794;C0336;49;F;Divorciado;Brasília;Centro-Oeste;13649;5;Site;SSD 1TB;Armazenamento;3;650;0;1950;Pix;Não;Sim;5;Não;Não;August;15/08/2025
795;C0724;43;M;Casado;Fortaleza;Nordeste;20604;13;Site;Monitor;Informática;2;1100;0;2200;Boleto;Não;Sim;3;Não;Não;March;24/03/2025
796;C0645;18;F;Divorciado;São Paulo;Sudeste;10409;3;Site;Smartphone;Telefonia;2;2800;10;5040;Boleto;Sim;Sim;4;Não;Não;February;24/02/2025
797;C0709;27;M;Solteiro;Recife;Nordeste;16538;8;Loja;Cadeira Gamer;Móveis;3;1800;0;5400;Cartão;Não;Não;3;Não;Não;November;13/11/2025
798;C0412;28;M;Divorciado;Curitiba;Sul;17588;5;App;Mouse;Informática;3;120;15;306;Cartão;Sim;Sim;3;Não;Não;August;06/08/2025
799;C0165;37;F;Solteiro;Manaus;Norte;5120;14;App;Headset;Informática;1;380;15;323;Cartão;Sim;Sim;3;Não;Não;August;27/08/2025
800;C0007;49;M;Divorciado;Manaus;Norte;17325;13;App;Smartphone;Telefonia;4;2800;0;11200;Cartão;Não;Sim;5;Não;Não;July;06/07/2025
801;C0009;28;M;Divorciado;São Paulo;Sudeste;5869;12;App;Monitor;Informática;2;1100;5;2090;Cartão;Sim;Sim;5;Não;Não;October;06/10/2025
802;C0318;26;F;Casado;Brasília;Centro-Oeste;1886;7;Site;Teclado;Informática;1;220;5;209;Boleto;Sim;Sim;5;Não;Não;November;19/11/2025
803;C0149;62;M;Solteiro;Curitiba;Sul;19688;7;Site;Cadeira Gamer;Móveis;4;1800;0;7200;Boleto;Não;Não;4;Não;Não;May;25/05/2025
804;C0501;22;M;Divorciado;Manaus;Norte;21724;14;Site;Notebook;Informática;2;4500;10;8100;Boleto;Sim;Sim;5;Não;Não;June;28/06/2025
805;C0076;34;M;Solteiro;São Paulo;Sudeste;10878;5;Loja;SSD 1TB;Armazenamento;4;650;0;2600;Boleto;Não;Não;4;Não;Não;December;06/12/2025
806;C0788;39;M;Solteiro;Manaus;Norte;11258;11;Loja;Smartphone;Telefonia;3;2800;5;7980;Pix;Sim;Sim;5;Não;Não;September;22/09/2025
807;C0313;66;F;Casado;Rio de Janeiro;Sudeste;15768;14;Loja;Smartphone;Telefonia;3;2800;5;7980;Pix;Sim;Sim;4;Não;Não;June;25/06/2025
808;C0168;70;F;Solteiro;Belém;Norte;8131;3;Site;Monitor;Informática;3;1100;10;2970;Boleto;Sim;Sim;4;Não;Não;June;07/06/2025
809;C0426;59;M;Divorciado;Recife;Nordeste;5142;15;Site;Notebook;Informática;3;4500;5;12825;Pix;Sim;Sim;5;Não;Sim;November;21/11/2025
810;C0772;22;M;Casado;São Paulo;Sudeste;3832;7;Loja;SSD 1TB;Armazenamento;2;650;0;1300;Pix;Não;Sim;5;Não;Não;November;17/11/2025
811;C0267;40;F;Solteiro;São Paulo;Sudeste;3796;14;Site;Monitor;Informática;2;1100;10;1980;Cartão;Sim;Sim;1;Sim;Não;March;12/03/2025
812;C0271;33;F;Casado;Rio de Janeiro;Sudeste;16272;9;App;Notebook;Informática;4;4500;10;16200;Cartão;Sim;Sim;5;Não;Não;November;07/11/2025
813;C0714;38;M;Casado;Fortaleza;Nordeste;11389;3;Loja;Impressora;Informática;1;950;0;950;Boleto;Não;Sim;5;Não;Não;January;05/01/2025
814;C0633;58;M;Casado;Brasília;Centro-Oeste;21781;1;Site;Impressora;Informática;2;950;10;1710;Pix;Sim;Não;4;Não;Não;July;08/07/2025
815;C0152;34;M;Solteiro;Manaus;Norte;12350;6;App;Smartphone;Telefonia;1;2800;10;2520;Cartão;Sim;Não;5;Não;Não;May;07/05/2025
816;C0622;35;F;Solteiro;Rio de Janeiro;Sudeste;13074;7;App;Smartphone;Telefonia;3;2800;15;7140;Cartão;Sim;Não;4;Não;Não;June;09/06/2025
817;C0019;26;F;Divorciado;Curitiba;Sul;21226;11;Loja;Webcam;Informática;3;260;10;702;Cartão;Sim;Sim;5;Não;Não;September;22/09/2025
818;C0714;42;M;Divorciado;Curitiba;Sul;5183;12;Site;Webcam;Informática;2;260;0;520;Pix;Não;Não;3;Não;Não;October;26/10/2025
819;C0617;22;M;Solteiro;Rio de Janeiro;Sudeste;14973;3;Loja;Teclado;Informática;4;220;0;880;Cartão;Não;Sim;5;Não;Não;September;07/09/2025
820;C0688;23;M;Solteiro;Belém;Norte;11238;13;Loja;Mouse;Informática;2;120;0;240;Pix;Não;Sim;2;Sim;Não;September;10/09/2025
821;C0596;56;M;Casado;Curitiba;Sul;16306;10;Loja;Smartphone;Telefonia;2;2800;10;5040;Boleto;Sim;Sim;4;Não;Não;July;10/07/2025
822;C0321;66;F;Solteiro;São Paulo;Sudeste;19589;15;Loja;Smartphone;Telefonia;1;2800;15;2380;Cartão;Sim;Não;5;Não;Não;March;21/03/2025
823;C0447;30;M;Casado;Brasília;Centro-Oeste;3052;15;Site;Smartphone;Telefonia;1;2800;15;2380;Cartão;Sim;Não;5;Não;Não;March;06/03/2025
824;C0411;69;M;Solteiro;São Paulo;Sudeste;8593;1;Site;SSD 1TB;Armazenamento;1;650;10;585;Pix;Sim;Não;5;Não;Não;August;27/08/2025
825;C0366;44;F;Divorciado;Belém;Norte;12260;3;App;Headset;Informática;1;380;15;323;Pix;Sim;Sim;3;Não;Não;July;18/07/2025
826;C0524;56;F;Solteiro;São Paulo;Sudeste;9941;14;Site;SSD 1TB;Armazenamento;4;650;0;2600;Pix;Não;Não;5;Não;Não;June;28/06/2025
827;C0568;30;M;Solteiro;Recife;Nordeste;16548;15;Site;Cadeira Gamer;Móveis;4;1800;5;6840;Cartão;Sim;Sim;5;Não;Não;May;19/05/2025
828;C0732;39;F;Casado;São Paulo;Sudeste;16318;9;Loja;Smartphone;Telefonia;4;2800;10;10080;Boleto;Sim;Sim;4;Não;Não;March;01/03/2025
829;C0734;49;F;Divorciado;Rio de Janeiro;Sudeste;14199;0;Loja;Notebook;Informática;2;4500;10;8100;Pix;Sim;Não;2;Sim;Não;February;26/02/2025
830;C0400;34;M;Solteiro;Manaus;Norte;7511;6;Site;Headset;Informática;2;380;0;760;Pix;Não;Sim;4;Não;Não;April;24/04/2025
831;C0596;47;M;Casado;Fortaleza;Nordeste;20350;7;Loja;Impressora;Informática;1;950;20;760;Cartão;Sim;Sim;3;Não;Não;November;09/11/2025
832;C0760;21;F;Casado;Manaus;Norte;11721;5;Loja;Mouse;Informática;1;120;5;114;Pix;Sim;Sim;5;Não;Não;August;26/08/2025
833;C0534;22;M;Solteiro;Manaus;Norte;21871;13;Loja;Notebook;Informática;4;4500;0;18000;Boleto;Não;Sim;3;Não;Não;September;02/09/2025
834;C0658;56;F;Divorciado;Rio de Janeiro;Sudeste;13496;9;App;Impressora;Informática;4;950;0;3800;Boleto;Não;Não;3;Não;Não;February;22/02/2025
835;C0346;60;M;Casado;Belém;Norte;16310;15;Site;Monitor;Informática;2;1100;0;2200;Cartão;Não;Sim;3;Não;Não;February;21/02/2025
836;C0664;43;M;Casado;Rio de Janeiro;Sudeste;10985;15;Loja;Teclado;Informática;2;220;0;440;Boleto;Não;Sim;5;Não;Não;August;19/08/2025
837;C0015;46;M;Casado;Rio de Janeiro;Sudeste;17613;4;Site;SSD 1TB;Armazenamento;4;650;15;2210;Boleto;Sim;Sim;3;Não;Não;June;29/06/2025
838;C0293;31;M;Divorciado;São Paulo;Sudeste;19340;11;Site;Monitor;Informática;3;1100;10;2970;Boleto;Sim;Sim;5;Não;Não;February;12/02/2025
839;C0111;37;M;Divorciado;Belém;Norte;8321;8;Loja;Notebook;Informática;2;4500;5;8550;Boleto;Sim;Sim;3;Não;Não;August;13/08/2025
840;C0714;54;F;Casado;Fortaleza;Nordeste;11410;13;App;Webcam;Informática;1;260;5;247;Boleto;Sim;Sim;3;Não;Não;October;27/10/2025
841;C0518;30;M;Casado;Manaus;Norte;14188;13;Loja;Headset;Informática;4;380;0;1520;Pix;Não;Sim;3;Não;Não;June;12/06/2025
842;C0742;63;F;Casado;Manaus;Norte;16116;9;Loja;Mouse;Informática;2;120;10;216;Pix;Sim;Sim;4;Não;Não;December;23/12/2025
843;C0724;51;M;Divorciado;Manaus;Norte;19922;15;Loja;Smartphone;Telefonia;3;2800;5;7980;Boleto;Sim;Não;4;Não;Não;July;07/07/2025
844;C0676;24;F;Casado;Manaus;Norte;21752;3;Site;Notebook;Informática;2;4500;0;9000;Pix;Não;Sim;5;Não;Não;January;10/01/2025
845;C0327;20;F;Casado;Brasília;Centro-Oeste;14707;14;Loja;Webcam;Informática;4;260;15;884;Boleto;Sim;Sim;5;Não;Não;July;26/07/2025
846;C0158;44;F;Solteiro;Rio de Janeiro;Sudeste;2107;5;Site;Webcam;Informática;1;260;0;260;Pix;Não;Sim;2;Sim;Não;November;30/11/2025
847;C0531;42;M;Solteiro;Recife;Nordeste;10924;8;Site;Smartwatch;Wearables;3;1600;0;4800;Pix;Não;Sim;2;Sim;Não;May;20/05/2025
848;C0707;52;F;Solteiro;Curitiba;Sul;17345;6;App;Cadeira Gamer;Móveis;1;1800;10;1620;Boleto;Sim;Sim;5;Não;Não;September;29/09/2025
849;C0668;69;F;Solteiro;Recife;Nordeste;19092;7;Site;Webcam;Informática;3;260;0;780;Boleto;Não;Não;5;Não;Não;April;23/04/2025
850;C0174;60;M;Divorciado;Recife;Nordeste;4391;6;App;SSD 1TB;Armazenamento;1;650;15;552,5;Boleto;Sim;Sim;4;Não;Não;November;21/11/2025
851;C0048;63;M;Divorciado;Fortaleza;Nordeste;5736;5;Loja;Smartphone;Telefonia;4;2800;10;10080;Boleto;Sim;Sim;4;Não;Não;October;29/10/2025
852;C0159;38;M;Solteiro;Belém;Norte;7324;7;Site;SSD 1TB;Armazenamento;1;650;5;617,5;Pix;Sim;Sim;4;Não;Não;March;11/03/2025
853;C0659;22;F;Divorciado;Recife;Nordeste;19472;7;Site;Webcam;Informática;1;260;20;208;Boleto;Sim;Sim;5;Não;Não;December;06/12/2025
854;C0087;45;F;Solteiro;Recife;Nordeste;14837;2;App;SSD 1TB;Armazenamento;1;650;0;650;Cartão;Não;Não;5;Não;Não;May;17/05/2025
855;C0255;18;F;Solteiro;Belém;Norte;21457;3;App;Smartwatch;Wearables;1;1600;10;1440;Cartão;Sim;Não;3;Não;Não;March;20/03/2025
856;C0780;68;M;Casado;Fortaleza;Nordeste;13817;4;Site;Mouse;Informática;1;120;5;114;Cartão;Sim;Sim;3;Não;Não;November;02/11/2025
857;C0467;44;M;Solteiro;Curitiba;Sul;10490;5;Loja;Cadeira Gamer;Móveis;1;1800;15;1530;Boleto;Sim;Sim;4;Não;Não;September;11/09/2025
858;C0690;52;F;Divorciado;Brasília;Centro-Oeste;13509;11;Loja;Headset;Informática;1;380;15;323;Pix;Sim;Não;2;Sim;Não;September;30/09/2025
859;C0010;28;M;Casado;São Paulo;Sudeste;21350;3;App;Monitor;Informática;2;1100;0;2200;Pix;Não;Sim;4;Não;Não;October;25/10/2025
860;C0279;27;F;Solteiro;Fortaleza;Nordeste;3976;10;Loja;Mouse;Informática;3;120;0;360;Cartão;Não;Não;4;Não;Não;June;26/06/2025
861;C0396;43;F;Casado;Recife;Nordeste;14587;7;App;Teclado;Informática;3;220;5;627;Pix;Sim;Sim;5;Não;Não;November;11/11/2025
862;C0750;28;M;Solteiro;Belém;Norte;14898;15;Loja;Monitor;Informática;1;1100;10;990;Boleto;Sim;Sim;4;Não;Não;November;20/11/2025
863;C0630;27;F;Solteiro;Recife;Nordeste;18847;4;App;Mouse;Informática;2;120;5;228;Pix;Sim;Sim;5;Não;Não;January;26/01/2025
864;C0552;36;M;Divorciado;Rio de Janeiro;Sudeste;20288;12;Site;Impressora;Informática;2;950;0;1900;Boleto;Não;Não;5;Não;Não;December;06/12/2025
865;C0656;34;M;Divorciado;Curitiba;Sul;7143;5;App;Cadeira Gamer;Móveis;3;1800;0;5400;Pix;Não;Sim;5;Não;Não;September;08/09/2025
866;C0442;26;M;Casado;Curitiba;Sul;11041;13;Loja;Impressora;Informática;2;950;20;1520;Cartão;Sim;Sim;4;Não;Não;May;11/05/2025
867;C0495;49;F;Divorciado;Belém;Norte;12199;11;Site;Smartwatch;Wearables;4;1600;0;6400;Boleto;Não;Sim;5;Não;Não;November;28/11/2025
868;C0650;57;M;Divorciado;Belém;Norte;19206;5;Site;Teclado;Informática;1;220;0;220;Pix;Não;Sim;5;Não;Não;November;27/11/2025
869;C0274;45;M;Divorciado;São Paulo;Sudeste;10611;9;Site;Smartphone;Telefonia;2;2800;10;5040;Cartão;Sim;Não;3;Não;Não;February;06/02/2025
870;C0251;67;M;Casado;Fortaleza;Nordeste;16548;9;Site;Roteador;Redes;2;480;5;912;Pix;Sim;Sim;4;Não;Não;July;06/07/2025
871;C0311;38;M;Divorciado;Manaus;Norte;9257;3;Loja;Notebook;Informática;3;4500;20;10800;Boleto;Sim;Sim;2;Sim;Não;January;23/01/2025
872;C0394;26;F;Solteiro;Recife;Nordeste;9877;13;Loja;Notebook;Informática;3;4500;0;13500;Pix;Não;Não;4;Não;Não;February;28/02/2025
873;C0384;30;F;Divorciado;Rio de Janeiro;Sudeste;9642;13;App;SSD 1TB;Armazenamento;4;650;0;2600;Cartão;Não;Sim;3;Não;Não;November;01/11/2025
874;C0083;68;F;Solteiro;Brasília;Centro-Oeste;14674;0;Site;Notebook;Informática;3;4500;10;12150;Cartão;Sim;Não;2;Sim;Não;February;15/02/2025
875;C0640;35;F;Divorciado;Curitiba;Sul;9572;13;Site;Teclado;Informática;2;220;10;396;Cartão;Sim;Sim;5;Não;Não;August;30/08/2025
876;C0500;43;M;Divorciado;Recife;Nordeste;13441;2;Loja;Monitor;Informática;1;1100;15;935;Boleto;Sim;Não;5;Não;Não;June;24/06/2025
877;C0056;29;F;Solteiro;Manaus;Norte;18656;2;Site;Smartphone;Telefonia;3;2800;0;8400;Boleto;Não;Não;4;Não;Não;January;20/01/2025
878;C0498;26;F;Solteiro;Curitiba;Sul;3442;3;Site;Cadeira Gamer;Móveis;1;1800;0;1800;Boleto;Não;Não;4;Não;Não;October;19/10/2025
879;C0655;28;F;Solteiro;Rio de Janeiro;Sudeste;3268;14;Loja;SSD 1TB;Armazenamento;1;650;0;650;Boleto;Não;Sim;2;Sim;Não;May;27/05/2025
880;C0598;44;F;Divorciado;São Paulo;Sudeste;16580;11;Loja;Smartwatch;Wearables;3;1600;10;4320;Pix;Sim;Não;2;Sim;Não;November;14/11/2025
881;C0606;62;M;Divorciado;Curitiba;Sul;12325;9;App;Monitor;Informática;1;1100;10;990;Cartão;Sim;Sim;4;Não;Não;August;21/08/2025
882;C0720;46;F;Divorciado;Curitiba;Sul;13265;0;Site;Webcam;Informática;2;260;10;468;Pix;Sim;Não;4;Não;Não;January;31/01/2025
883;C0133;45;F;Divorciado;Rio de Janeiro;Sudeste;20973;3;Site;SSD 1TB;Armazenamento;1;650;5;617,5;Boleto;Sim;Não;4;Não;Não;June;18/06/2025
884;C0704;26;M;Casado;Fortaleza;Nordeste;5809;13;Loja;Monitor;Informática;1;1100;0;1100;Pix;Não;Não;4;Não;Não;May;19/05/2025
885;C0247;26;F;Solteiro;Recife;Nordeste;12577;4;App;Teclado;Informática;1;220;15;187;Cartão;Sim;Sim;1;Sim;Não;May;26/05/2025
886;C0265;48;M;Solteiro;Curitiba;Sul;21971;15;App;Notebook;Informática;2;4500;0;9000;Pix;Não;Não;4;Não;Não;December;15/12/2025
887;C0235;36;F;Casado;Fortaleza;Nordeste;20606;3;App;Monitor;Informática;1;1100;15;935;Boleto;Sim;Sim;2;Sim;Não;March;03/03/2025
888;C0183;24;F;Solteiro;Recife;Nordeste;8708;10;Loja;Webcam;Informática;3;260;15;663;Cartão;Sim;Sim;5;Não;Não;February;11/02/2025
889;C0662;63;F;Divorciado;Belém;Norte;13670;5;Loja;Smartphone;Telefonia;4;2800;5;10640;Boleto;Sim;Sim;4;Não;Não;January;24/01/2025
890;C0358;45;M;Divorciado;Brasília;Centro-Oeste;4409;1;Loja;SSD 1TB;Armazenamento;1;650;15;552,5;Pix;Sim;Não;5;Não;Não;October;25/10/2025
891;C0504;34;M;Solteiro;São Paulo;Sudeste;6149;3;App;Monitor;Informática;4;1100;0;4400;Boleto;Não;Sim;3;Não;Não;September;08/09/2025
892;C0327;52;F;Solteiro;Recife;Nordeste;9352;3;Site;Mouse;Informática;3;120;0;360;Boleto;Não;Sim;5;Não;Não;September;12/09/2025
893;C0443;49;F;Divorciado;São Paulo;Sudeste;12467;11;App;SSD 1TB;Armazenamento;1;650;20;520;Boleto;Sim;Sim;4;Não;Não;November;14/11/2025
894;C0384;65;F;Solteiro;Manaus;Norte;19564;10;App;Notebook;Informática;3;4500;10;12150;Pix;Sim;Sim;4;Não;Sim;January;11/01/2025
895;C0304;51;M;Divorciado;Curitiba;Sul;2985;1;Loja;Notebook;Informática;4;4500;10;16200;Cartão;Sim;Não;5;Não;Não;October;12/10/2025
896;C0011;70;M;Solteiro;Belém;Norte;2257;2;App;Headset;Informática;3;380;15;969;Pix;Sim;Não;5;Não;Não;April;01/04/2025
897;C0338;66;F;Divorciado;São Paulo;Sudeste;10743;13;Loja;Smartphone;Telefonia;2;2800;0;5600;Pix;Não;Sim;3;Não;Não;April;10/04/2025
898;C0313;48;F;Solteiro;São Paulo;Sudeste;7973;15;Loja;Smartwatch;Wearables;1;1600;0;1600;Pix;Não;Sim;4;Não;Não;May;22/05/2025
899;C0009;55;F;Solteiro;São Paulo;Sudeste;20574;15;App;Monitor;Informática;4;1100;10;3960;Boleto;Sim;Sim;5;Não;Não;December;28/12/2025
900;C0026;27;F;Casado;Brasília;Centro-Oeste;11073;1;Loja;SSD 1TB;Armazenamento;3;650;10;1755;Boleto;Sim;Não;4;Não;Não;September;02/09/2025
901;C0585;37;F;Divorciado;São Paulo;Sudeste;7992;10;Loja;Smartwatch;Wearables;4;1600;5;6080;Cartão;Sim;Sim;2;Sim;Não;August;02/08/2025
902;C0705;52;M;Casado;Belém;Norte;3121;14;Loja;Headset;Informática;3;380;10;1026;Pix;Sim;Sim;5;Não;Não;April;10/04/2025
903;C0403;35;F;Casado;Curitiba;Sul;11174;12;App;Headset;Informática;2;380;10;684;Cartão;Sim;Sim;4;Não;Não;August;11/08/2025
904;C0760;33;F;Divorciado;Curitiba;Sul;13336;1;App;Smartwatch;Wearables;2;1600;10;2880;Pix;Sim;Não;1;Sim;Não;February;10/02/2025
905;C0263;37;M;Casado;Recife;Nordeste;12578;0;Site;Monitor;Informática;3;1100;15;2805;Pix;Sim;Não;2;Sim;Não;October;10/10/2025
906;C0534;24;M;Casado;Rio de Janeiro;Sudeste;19230;11;Site;Webcam;Informática;1;260;0;260;Boleto;Não;Sim;5;Não;Não;December;04/12/2025
907;C0509;25;M;Divorciado;Curitiba;Sul;15583;7;App;SSD 1TB;Armazenamento;4;650;0;2600;Cartão;Não;Não;2;Sim;Não;March;02/03/2025
908;C0550;61;M;Casado;Rio de Janeiro;Sudeste;18575;11;Loja;Roteador;Redes;4;480;0;1920;Cartão;Não;Sim;4;Não;Não;February;10/02/2025
909;C0669;34;M;Casado;Rio de Janeiro;Sudeste;11360;13;App;Teclado;Informática;4;220;15;748;Pix;Sim;Não;4;Não;Não;August;25/08/2025
910;C0765;21;M;Casado;Belém;Norte;14999;6;Loja;Notebook;Informática;3;4500;15;11475;Cartão;Sim;Sim;5;Não;Não;March;23/03/2025
911;C0046;61;F;Divorciado;Manaus;Norte;19846;4;App;Smartphone;Telefonia;3;2800;0;8400;Cartão;Não;Sim;5;Não;Não;October;26/10/2025
912;C0115;61;M;Divorciado;Fortaleza;Nordeste;16037;4;Site;Mouse;Informática;4;120;15;408;Pix;Sim;Não;5;Não;Não;September;08/09/2025
913;C0752;64;F;Casado;Brasília;Centro-Oeste;3417;14;Loja;Headset;Informática;4;380;0;1520;Boleto;Não;Sim;4;Não;Não;February;14/02/2025
914;C0741;19;M;Divorciado;São Paulo;Sudeste;9968;14;Site;Monitor;Informática;3;1100;0;3300;Pix;Não;Sim;5;Não;Não;June;17/06/2025
915;C0548;36;F;Casado;Brasília;Centro-Oeste;15712;15;Loja;Notebook;Informática;2;4500;0;9000;Boleto;Não;Não;3;Não;Não;June;21/06/2025
916;C0680;24;F;Casado;Brasília;Centro-Oeste;12865;13;App;Smartphone;Telefonia;2;2800;5;5320;Boleto;Sim;Não;1;Sim;Não;September;13/09/2025
917;C0455;41;M;Casado;Curitiba;Sul;2545;7;Site;Teclado;Informática;1;220;15;187;Pix;Sim;Sim;4;Não;Não;September;16/09/2025
918;C0292;27;M;Divorciado;Belém;Norte;4733;9;Site;Webcam;Informática;1;260;0;260;Boleto;Não;Sim;1;Sim;Não;May;22/05/2025
919;C0348;50;M;Casado;Curitiba;Sul;15340;12;Site;Roteador;Redes;3;480;0;1440;Pix;Não;Não;5;Não;Não;June;28/06/2025
920;C0120;27;F;Divorciado;Brasília;Centro-Oeste;18719;1;Site;Monitor;Informática;2;1100;10;1980;Boleto;Sim;Não;5;Não;Não;April;29/04/2025
921;C0513;47;F;Solteiro;Belém;Norte;15018;0;Site;Teclado;Informática;2;220;10;396;Cartão;Sim;Não;3;Não;Não;April;12/04/2025
922;C0703;66;M;Casado;Recife;Nordeste;6569;2;Site;Impressora;Informática;1;950;15;807,5;Cartão;Sim;Não;3;Não;Não;November;17/11/2025
923;C0634;53;F;Divorciado;São Paulo;Sudeste;5392;7;Site;Smartwatch;Wearables;3;1600;15;4080;Cartão;Sim;Não;5;Não;Não;May;05/05/2025
924;C0278;26;M;Casado;Manaus;Norte;9253;15;Site;Smartphone;Telefonia;3;2800;15;7140;Boleto;Sim;Não;4;Não;Não;September;21/09/2025
925;C0600;35;F;Solteiro;Recife;Nordeste;7867;7;Site;Webcam;Informática;1;260;5;247;Boleto;Sim;Não;5;Não;Não;May;13/05/2025
926;C0183;39;M;Solteiro;Brasília;Centro-Oeste;4945;5;Site;Cadeira Gamer;Móveis;3;1800;0;5400;Cartão;Não;Não;5;Não;Não;December;10/12/2025
927;C0362;47;F;Casado;Fortaleza;Nordeste;13862;8;Site;Impressora;Informática;3;950;0;2850;Boleto;Não;Sim;5;Não;Não;November;16/11/2025
928;C0357;50;F;Solteiro;Belém;Norte;19337;10;Loja;Monitor;Informática;4;1100;0;4400;Cartão;Não;Sim;4;Não;Não;December;29/12/2025
929;C0508;61;M;Solteiro;Curitiba;Sul;16819;9;Site;Smartwatch;Wearables;3;1600;0;4800;Pix;Não;Sim;5;Não;Não;March;23/03/2025
930;C0293;24;M;Casado;Belém;Norte;14739;12;Loja;SSD 1TB;Armazenamento;4;650;0;2600;Cartão;Não;Sim;4;Não;Não;June;11/06/2025
931;C0202;29;F;Solteiro;Manaus;Norte;21196;14;Site;Mouse;Informática;4;120;0;480;Cartão;Não;Sim;5;Não;Não;August;08/08/2025
932;C0156;70;F;Divorciado;Recife;Nordeste;2777;6;Loja;Smartphone;Telefonia;4;2800;10;10080;Cartão;Sim;Sim;4;Não;Não;August;09/08/2025
933;C0647;36;M;Casado;Rio de Janeiro;Sudeste;8093;8;Site;Smartphone;Telefonia;2;2800;0;5600;Cartão;Não;Não;3;Não;Não;July;31/07/2025
934;C0381;50;F;Divorciado;Curitiba;Sul;7033;8;App;Smartphone;Telefonia;1;2800;0;2800;Pix;Não;Não;5;Não;Não;September;02/09/2025
935;C0482;57;M;Casado;Rio de Janeiro;Sudeste;9579;5;Loja;Teclado;Informática;1;220;15;187;Pix;Sim;Sim;4;Não;Não;January;19/01/2025
936;C0378;55;M;Divorciado;Brasília;Centro-Oeste;18047;10;Site;Headset;Informática;3;380;15;969;Pix;Sim;Sim;5;Não;Não;December;05/12/2025
937;C0096;44;F;Solteiro;Curitiba;Sul;11658;5;Loja;SSD 1TB;Armazenamento;2;650;0;1300;Pix;Não;Sim;1;Sim;Não;April;09/04/2025
938;C0569;35;M;Solteiro;Brasília;Centro-Oeste;17741;11;Loja;Mouse;Informática;2;120;15;204;Boleto;Sim;Sim;3;Não;Não;August;25/08/2025
939;C0622;60;M;Casado;Manaus;Norte;8672;0;App;Headset;Informática;3;380;15;969;Boleto;Sim;Não;5;Não;Não;January;24/01/2025
940;C0264;67;F;Casado;Curitiba;Sul;2635;0;App;Roteador;Redes;4;480;10;1728;Pix;Sim;Não;5;Não;Não;March;16/03/2025
941;C0385;40;F;Solteiro;Fortaleza;Nordeste;4126;6;Site;SSD 1TB;Armazenamento;1;650;5;617,5;Pix;Sim;Não;4;Não;Não;December;03/12/2025
942;C0580;40;F;Divorciado;São Paulo;Sudeste;6623;7;App;SSD 1TB;Armazenamento;4;650;0;2600;Pix;Não;Sim;3;Não;Não;February;19/02/2025
943;C0656;44;F;Solteiro;Manaus;Norte;11167;0;App;Smartphone;Telefonia;1;2800;20;2240;Pix;Sim;Não;5;Não;Não;April;10/04/2025
944;C0114;18;M;Divorciado;Fortaleza;Nordeste;18761;6;Site;Webcam;Informática;2;260;0;520;Cartão;Não;Sim;5;Não;Não;August;25/08/2025
945;C0342;29;F;Divorciado;São Paulo;Sudeste;19236;6;Site;Monitor;Informática;1;1100;0;1100;Pix;Não;Não;4;Não;Não;May;03/05/2025
946;C0030;23;M;Casado;Rio de Janeiro;Sudeste;5589;4;Loja;Monitor;Informática;4;1100;0;4400;Boleto;Não;Sim;3;Não;Não;March;25/03/2025
947;C0120;69;F;Casado;São Paulo;Sudeste;11561;10;Loja;Smartwatch;Wearables;4;1600;0;6400;Pix;Não;Sim;2;Sim;Não;March;15/03/2025
948;C0041;52;M;Solteiro;Manaus;Norte;16700;8;Loja;Mouse;Informática;3;120;5;342;Pix;Sim;Sim;2;Sim;Não;April;16/04/2025
949;C0004;32;M;Casado;Fortaleza;Nordeste;14176;4;Loja;Smartphone;Telefonia;4;2800;0;11200;Cartão;Não;Não;4;Não;Não;December;23/12/2025
950;C0211;23;F;Casado;Rio de Janeiro;Sudeste;21880;1;Loja;Cadeira Gamer;Móveis;1;1800;10;1620;Cartão;Sim;Não;5;Não;Não;May;06/05/2025
951;C0716;65;F;Casado;Brasília;Centro-Oeste;17560;2;App;Smartphone;Telefonia;2;2800;0;5600;Boleto;Não;Não;3;Não;Não;April;11/04/2025
952;C0617;42;M;Casado;Rio de Janeiro;Sudeste;21511;12;App;Headset;Informática;4;380;0;1520;Cartão;Não;Sim;4;Não;Não;July;13/07/2025
953;C0150;31;F;Casado;Fortaleza;Nordeste;11837;10;Site;SSD 1TB;Armazenamento;4;650;0;2600;Cartão;Não;Sim;3;Não;Não;May;15/05/2025
954;C0329;52;F;Solteiro;Manaus;Norte;6890;3;Loja;Notebook;Informática;3;4500;15;11475;Boleto;Sim;Sim;3;Não;Não;January;30/01/2025
955;C0514;35;M;Casado;Belém;Norte;17385;7;Site;Roteador;Redes;2;480;10;864;Pix;Sim;Não;3;Não;Não;February;19/02/2025
956;C0623;55;M;Divorciado;Rio de Janeiro;Sudeste;8802;3;App;Webcam;Informática;4;260;0;1040;Boleto;Não;Sim;2;Sim;Não;February;21/02/2025
957;C0442;43;M;Solteiro;Rio de Janeiro;Sudeste;21708;4;Loja;Webcam;Informática;3;260;0;780;Pix;Não;Sim;4;Não;Não;March;25/03/2025
958;C0232;68;M;Casado;Belém;Norte;2714;1;Site;SSD 1TB;Armazenamento;1;650;10;585;Boleto;Sim;Não;5;Sim;Não;November;25/11/2025
959;C0425;69;M;Casado;Belém;Norte;8212;11;Site;Smartwatch;Wearables;3;1600;20;3840;Boleto;Sim;Não;5;Não;Não;December;14/12/2025
960;C0107;43;M;Solteiro;Belém;Norte;6021;9;App;Impressora;Informática;4;950;0;3800;Boleto;Não;Não;4;Não;Não;October;17/10/2025
961;C0505;47;M;Solteiro;Curitiba;Sul;21134;13;App;Smartphone;Telefonia;3;2800;5;7980;Cartão;Sim;Não;4;Não;Não;August;11/08/2025
962;C0346;65;F;Divorciado;Rio de Janeiro;Sudeste;8722;7;Loja;Monitor;Informática;1;1100;10;990;Pix;Sim;Sim;5;Não;Não;February;13/02/2025
963;C0639;47;F;Casado;Fortaleza;Nordeste;14190;2;App;Headset;Informática;1;380;5;361;Boleto;Sim;Não;5;Não;Não;April;13/04/2025
964;C0632;69;M;Casado;Rio de Janeiro;Sudeste;5728;12;Site;Smartphone;Telefonia;3;2800;15;7140;Cartão;Sim;Sim;5;Não;Não;November;04/11/2025
965;C0328;62;M;Casado;Manaus;Norte;6641;10;Site;Mouse;Informática;1;120;15;102;Pix;Sim;Sim;3;Não;Não;November;06/11/2025
966;C0419;34;F;Solteiro;Brasília;Centro-Oeste;12851;9;Site;Teclado;Informática;2;220;5;418;Boleto;Sim;Sim;3;Não;Não;February;02/02/2025
967;C0489;51;F;Casado;Manaus;Norte;9550;14;Site;Headset;Informática;2;380;15;646;Pix;Sim;Sim;5;Não;Não;August;12/08/2025
968;C0294;67;F;Solteiro;Fortaleza;Nordeste;7366;9;Site;Webcam;Informática;4;260;0;1040;Cartão;Não;Sim;3;Não;Não;June;14/06/2025
969;C0283;19;M;Casado;São Paulo;Sudeste;6494;7;Loja;Monitor;Informática;2;1100;5;2090;Pix;Sim;Sim;3;Não;Não;February;22/02/2025
970;C0582;66;M;Casado;Brasília;Centro-Oeste;21865;1;App;Mouse;Informática;4;120;10;432;Cartão;Sim;Não;3;Não;Não;December;16/12/2025
971;C0422;21;F;Solteiro;Brasília;Centro-Oeste;21646;0;App;Cadeira Gamer;Móveis;1;1800;10;1620;Pix;Sim;Não;5;Não;Não;January;21/01/2025
972;C0070;24;M;Divorciado;Fortaleza;Nordeste;9719;4;Site;Mouse;Informática;1;120;15;102;Boleto;Sim;Sim;3;Não;Não;May;10/05/2025
973;C0248;41;F;Solteiro;Belém;Norte;8885;9;Site;Cadeira Gamer;Móveis;1;1800;15;1530;Pix;Sim;Não;5;Não;Não;November;28/11/2025
974;C0201;18;M;Solteiro;São Paulo;Sudeste;19409;7;Loja;Smartphone;Telefonia;2;2800;10;5040;Cartão;Sim;Sim;5;Não;Não;December;11/12/2025
975;C0721;42;M;Casado;Curitiba;Sul;20041;2;App;Mouse;Informática;2;120;10;216;Boleto;Sim;Não;5;Não;Não;June;30/06/2025
976;C0617;23;F;Solteiro;Rio de Janeiro;Sudeste;4618;7;App;Teclado;Informática;4;220;20;704;Cartão;Sim;Sim;5;Não;Não;July;04/07/2025
977;C0601;24;F;Casado;Brasília;Centro-Oeste;2897;14;Site;Monitor;Informática;3;1100;5;3135;Pix;Sim;Não;4;Sim;Não;August;06/08/2025
978;C0707;23;F;Solteiro;Recife;Nordeste;9237;6;Site;Roteador;Redes;3;480;0;1440;Pix;Não;Não;4;Não;Não;May;23/05/2025
979;C0693;69;F;Casado;Manaus;Norte;14323;7;Loja;Mouse;Informática;4;120;5;456;Boleto;Sim;Não;1;Sim;Não;March;22/03/2025
980;C0324;31;M;Casado;Curitiba;Sul;15976;15;Site;Mouse;Informática;4;120;0;480;Boleto;Não;Não;3;Não;Não;September;09/09/2025
981;C0638;38;M;Solteiro;São Paulo;Sudeste;20342;4;App;Monitor;Informática;2;1100;0;2200;Pix;Não;Sim;3;Não;Não;January;02/01/2025
982;C0642;44;M;Casado;Fortaleza;Nordeste;4992;12;Loja;Teclado;Informática;1;220;0;220;Cartão;Não;Sim;3;Não;Não;September;29/09/2025
983;C0507;66;F;Divorciado;Rio de Janeiro;Sudeste;2428;1;Site;Smartphone;Telefonia;3;2800;10;7560;Cartão;Sim;Não;5;Sim;Não;December;02/12/2025
984;C0232;46;M;Casado;Curitiba;Sul;8068;5;Loja;Notebook;Informática;4;4500;10;16200;Boleto;Sim;Sim;5;Não;Não;November;19/11/2025
985;C0133;39;F;Solteiro;Curitiba;Sul;5780;5;Loja;Monitor;Informática;4;1100;15;3740;Cartão;Sim;Sim;5;Não;Não;May;18/05/2025
986;C0117;24;M;Divorciado;Belém;Norte;17352;0;App;Smartwatch;Wearables;3;1600;15;4080;Pix;Sim;Não;1;Sim;Não;March;03/03/2025
987;C0603;39;M;Solteiro;Recife;Nordeste;16454;0;Loja;Smartphone;Telefonia;1;2800;10;2520;Boleto;Sim;Não;4;Não;Não;August;20/08/2025
988;C0053;28;F;Solteiro;Recife;Nordeste;16007;11;App;Webcam;Informática;2;260;10;468;Boleto;Sim;Sim;3;Não;Não;July;07/07/2025
989;C0517;24;F;Casado;Belém;Norte;12033;10;Site;Monitor;Informática;3;1100;20;2640;Boleto;Sim;Não;5;Não;Não;December;16/12/2025
990;C0284;63;F;Casado;Brasília;Centro-Oeste;10649;11;Loja;Teclado;Informática;1;220;0;220;Boleto;Não;Sim;3;Não;Não;February;14/02/2025
991;C0611;64;M;Divorciado;Recife;Nordeste;11499;15;Loja;Monitor;Informática;3;1100;0;3300;Boleto;Não;Não;3;Não;Não;September;03/09/2025
992;C0596;67;F;Divorciado;Brasília;Centro-Oeste;15221;3;Site;Smartwatch;Wearables;2;1600;0;3200;Cartão;Não;Sim;4;Não;Não;March;09/03/2025
993;C0037;54;F;Solteiro;Fortaleza;Nordeste;15354;6;App;Monitor;Informática;4;1100;5;4180;Pix;Sim;Sim;4;Não;Não;September;30/09/2025
994;C0593;29;M;Solteiro;Belém;Norte;9993;6;Site;Cadeira Gamer;Móveis;3;1800;15;4590;Pix;Sim;Sim;5;Não;Não;October;21/10/2025
995;C0675;66;M;Casado;Manaus;Norte;12988;11;Loja;Smartphone;Telefonia;4;2800;0;11200;Cartão;Não;Não;2;Sim;Não;March;24/03/2025
996;C0611;42;M;Divorciado;Belém;Norte;18445;5;Site;Smartphone;Telefonia;4;2800;5;10640;Boleto;Sim;Sim;4;Não;Não;July;02/07/2025
997;C0776;43;M;Casado;Rio de Janeiro;Sudeste;20658;2;Site;Smartwatch;Wearables;2;1600;5;3040;Boleto;Sim;Não;3;Não;Não;January;08/01/2025
998;C0122;64;F;Casado;Belém;Norte;11267;2;App;SSD 1TB;Armazenamento;1;650;0;650;Cartão;Não;Não;5;Não;Não;October;03/10/2025
999;C0069;39;F;Solteiro;Manaus;Norte;6299;15;Loja;Notebook;Informática;4;4500;0;18000;Cartão;Não;Sim;5;Não;Não;March;10/03/2025
1000;C0186;62;M;Divorciado;Recife;Nordeste;18248;1;App;Webcam;Informática;3;260;10;702;Pix;Sim;Não;3;Não;Não;May;14/05/2025
1001;C0444;69;F;Divorciado;Manaus;Norte;10650;6;Site;Smartphone;Telefonia;3;2800;0;8400;Boleto;Não;Sim;4;Não;Não;February;17/02/2025
1002;C0325;49;M;Solteiro;Curitiba;Sul;2866;14;Loja;Impressora;Informática;2;950;0;1900;Boleto;Não;Não;4;Não;Não;August;27/08/2025
1003;C0734;63;M;Solteiro;Curitiba;Sul;16591;6;App;Mouse;Informática;4;120;0;480;Boleto;Não;Sim;4;Não;Não;October;02/10/2025
1004;C0616;52;F;Solteiro;Recife;Nordeste;14793;7;Site;Headset;Informática;2;380;5;722;Boleto;Sim;Sim;5;Não;Não;December;18/12/2025
1005;C0065;40;F;Casado;Rio de Janeiro;Sudeste;14036;10;App;Smartphone;Telefonia;2;2800;0;5600;Boleto;Não;Sim;2;Sim;Não;July;28/07/2025
1006;C0394;32;M;Divorciado;Curitiba;Sul;12829;7;App;Cadeira Gamer;Móveis;2;1800;5;3420;Cartão;Sim;Não;3;Não;Não;October;21/10/2025
1007;C0401;55;M;Divorciado;Recife;Nordeste;5985;1;Loja;Cadeira Gamer;Móveis;3;1800;10;4860;Boleto;Sim;Não;4;Não;Não;June;19/06/2025
1008;C0209;49;F;Solteiro;Manaus;Norte;8376;6;Loja;Notebook;Informática;3;4500;5;12825;Boleto;Sim;Sim;4;Não;Não;August;01/08/2025
1009;C0740;54;M;Divorciado;Fortaleza;Nordeste;14199;9;App;Monitor;Informática;3;1100;20;2640;Cartão;Sim;Sim;3;Não;Não;January;01/01/2025
1010;C0253;61;F;Solteiro;Belém;Norte;5259;10;App;Teclado;Informática;3;220;10;594;Pix;Sim;Sim;4;Não;Não;March;21/03/2025
1011;C0646;50;F;Solteiro;Recife;Nordeste;19093;13;App;Teclado;Informática;1;220;0;220;Pix;Não;Sim;4;Não;Não;January;09/01/2025
1012;C0400;48;M;Solteiro;Manaus;Norte;17236;3;App;Headset;Informática;2;380;10;684;Cartão;Sim;Não;5;Não;Não;October;12/10/2025
1013;C0285;69;F;Divorciado;São Paulo;Sudeste;18706;14;Loja;Smartwatch;Wearables;2;1600;0;3200;Boleto;Não;Sim;4;Não;Não;February;13/02/2025
1014;C0756;27;M;Divorciado;Belém;Norte;10723;1;App;Notebook;Informática;4;4500;10;16200;Pix;Sim;Não;4;Não;Sim;March;04/03/2025
1015;C0772;55;M;Divorciado;Rio de Janeiro;Sudeste;2843;5;App;Smartphone;Telefonia;3;2800;0;8400;Pix;Não;Não;3;Não;Não;January;31/01/2025
1016;C0103;39;M;Casado;Brasília;Centro-Oeste;16452;9;Loja;Smartwatch;Wearables;2;1600;5;3040;Cartão;Sim;Sim;3;Não;Não;May;18/05/2025
1017;C0309;24;F;Casado;Belém;Norte;9863;10;Loja;Cadeira Gamer;Móveis;3;1800;15;4590;Pix;Sim;Sim;4;Não;Não;August;05/08/2025
1018;C0701;32;F;Divorciado;Rio de Janeiro;Sudeste;10841;15;Loja;Smartphone;Telefonia;1;2800;0;2800;Boleto;Não;Não;5;Não;Não;July;15/07/2025
1019;C0014;42;F;Divorciado;São Paulo;Sudeste;3179;3;Loja;Monitor;Informática;2;1100;5;2090;Cartão;Sim;Não;4;Não;Não;January;05/01/2025
1020;C0067;60;F;Solteiro;Belém;Norte;8331;14;Loja;Roteador;Redes;1;480;15;408;Cartão;Sim;Sim;1;Sim;Não;October;11/10/2025
1021;C0362;26;F;Divorciado;São Paulo;Sudeste;12015;12;Site;Monitor;Informática;3;1100;5;3135;Boleto;Sim;Não;3;Não;Não;February;03/02/2025
1022;C0222;18;M;Solteiro;Curitiba;Sul;8938;7;App;Roteador;Redes;3;480;5;1368;Cartão;Sim;Sim;2;Sim;Não;May;11/05/2025
1023;C0724;18;F;Casado;Brasília;Centro-Oeste;17326;14;Loja;Notebook;Informática;4;4500;10;16200;Cartão;Sim;Sim;4;Não;Não;February;12/02/2025
1024;C0126;26;F;Solteiro;Rio de Janeiro;Sudeste;6800;11;Loja;Cadeira Gamer;Móveis;2;1800;0;3600;Cartão;Não;Sim;4;Não;Não;January;26/01/2025
1025;C0159;21;M;Casado;Belém;Norte;9764;0;Site;Roteador;Redes;4;480;10;1728;Cartão;Sim;Não;5;Não;Não;March;22/03/2025
1026;C0016;23;F;Casado;Brasília;Centro-Oeste;17770;11;Site;Mouse;Informática;3;120;0;360;Cartão;Não;Sim;5;Não;Não;September;12/09/2025
1027;C0520;40;F;Casado;Brasília;Centro-Oeste;2704;3;Loja;SSD 1TB;Armazenamento;1;650;0;650;Pix;Não;Sim;5;Não;Não;December;03/12/2025
1028;C0479;60;F;Casado;Recife;Nordeste;18680;5;Loja;SSD 1TB;Armazenamento;3;650;15;1657,5;Cartão;Sim;Sim;4;Não;Não;August;11/08/2025
1029;C0478;60;M;Casado;Belém;Norte;19497;12;App;Headset;Informática;3;380;0;1140;Cartão;Não;Sim;3;Não;Não;October;09/10/2025
1030;C0654;50;M;Casado;Brasília;Centro-Oeste;20202;10;Site;Smartwatch;Wearables;4;1600;15;5440;Boleto;Sim;Sim;3;Não;Não;September;05/09/2025
1031;C0038;34;M;Solteiro;Rio de Janeiro;Sudeste;13043;6;Site;Teclado;Informática;3;220;5;627;Pix;Sim;Sim;5;Não;Não;May;23/05/2025
1032;C0243;64;F;Casado;São Paulo;Sudeste;11863;6;Loja;Smartphone;Telefonia;2;2800;0;5600;Pix;Não;Sim;5;Não;Não;October;08/10/2025
1033;C0518;51;M;Solteiro;Manaus;Norte;10397;13;Site;Notebook;Informática;1;4500;0;4500;Boleto;Não;Sim;2;Sim;Não;September;16/09/2025
1034;C0685;66;F;Solteiro;São Paulo;Sudeste;14275;8;Loja;SSD 1TB;Armazenamento;2;650;5;1235;Pix;Sim;Sim;5;Não;Não;February;27/02/2025
1035;C0196;62;M;Casado;Curitiba;Sul;2746;9;App;Webcam;Informática;2;260;5;494;Pix;Sim;Não;4;Não;Não;November;03/11/2025
1036;C0148;38;F;Casado;Manaus;Norte;10417;2;Loja;Mouse;Informática;3;120;5;342;Boleto;Sim;Não;5;Não;Não;January;13/01/2025
1037;C0256;23;F;Divorciado;Rio de Janeiro;Sudeste;3672;11;App;Monitor;Informática;2;1100;5;2090;Cartão;Sim;Sim;5;Não;Não;October;18/10/2025
1038;C0125;48;F;Solteiro;Rio de Janeiro;Sudeste;14279;9;Loja;Notebook;Informática;2;4500;5;8550;Pix;Sim;Não;4;Não;Não;April;23/04/2025
1039;C0266;48;M;Solteiro;Rio de Janeiro;Sudeste;10943;0;App;Smartphone;Telefonia;1;2800;10;2520;Boleto;Sim;Não;1;Sim;Não;October;16/10/2025
1040;C0116;68;F;Solteiro;Curitiba;Sul;9721;1;Site;Teclado;Informática;1;220;10;198;Cartão;Sim;Não;5;Não;Não;September;27/09/2025
1041;C0049;56;M;Solteiro;Manaus;Norte;5382;5;App;Notebook;Informática;1;4500;15;3825;Pix;Sim;Não;3;Não;Não;October;31/10/2025
1042;C0478;22;F;Solteiro;Fortaleza;Nordeste;11051;7;Site;Headset;Informática;4;380;0;1520;Boleto;Não;Sim;5;Não;Não;July;15/07/2025
1043;C0182;24;M;Solteiro;Curitiba;Sul;10437;6;Site;Cadeira Gamer;Móveis;2;1800;5;3420;Boleto;Sim;Sim;3;Não;Não;June;23/06/2025
1044;C0743;22;M;Solteiro;Manaus;Norte;2215;4;Loja;Mouse;Informática;4;120;0;480;Cartão;Não;Sim;3;Não;Não;July;31/07/2025
1045;C0312;53;F;Solteiro;São Paulo;Sudeste;5966;2;Loja;Monitor;Informática;1;1100;5;1045;Pix;Sim;Não;5;Não;Não;March;12/03/2025
1046;C0753;48;F;Casado;Recife;Nordeste;2114;13;App;Smartwatch;Wearables;2;1600;10;2880;Cartão;Sim;Não;4;Não;Não;June;03/06/2025
1047;C0516;27;F;Divorciado;São Paulo;Sudeste;13446;2;App;Monitor;Informática;3;1100;10;2970;Pix;Sim;Não;2;Sim;Não;April;04/04/2025
1048;C0027;53;F;Solteiro;Brasília;Centro-Oeste;2367;8;App;Monitor;Informática;1;1100;15;935;Boleto;Sim;Sim;3;Não;Não;April;11/04/2025
1049;C0561;33;M;Casado;Belém;Norte;5644;7;Site;Monitor;Informática;3;1100;0;3300;Cartão;Não;Sim;5;Não;Não;August;27/08/2025
1050;C0441;47;M;Solteiro;Rio de Janeiro;Sudeste;7555;6;App;Roteador;Redes;1;480;15;408;Pix;Sim;Sim;4;Não;Não;March;04/03/2025
1051;C0768;29;M;Solteiro;Brasília;Centro-Oeste;10483;9;Site;Impressora;Informática;3;950;0;2850;Cartão;Não;Não;4;Não;Não;October;18/10/2025
1052;C0645;53;M;Solteiro;Brasília;Centro-Oeste;18630;10;Loja;Smartphone;Telefonia;4;2800;10;10080;Boleto;Sim;Sim;4;Não;Não;November;25/11/2025
1053;C0176;52;M;Solteiro;Recife;Nordeste;7421;11;App;Cadeira Gamer;Móveis;3;1800;0;5400;Pix;Não;Sim;3;Não;Não;June;16/06/2025
1054;C0594;29;M;Casado;Manaus;Norte;11400;8;Loja;Headset;Informática;2;380;10;684;Boleto;Sim;Sim;4;Não;Não;May;07/05/2025
1055;C0711;56;M;Solteiro;Recife;Nordeste;12477;6;Site;Cadeira Gamer;Móveis;4;1800;15;6120;Pix;Sim;Não;5;Não;Não;June;21/06/2025
1056;C0028;53;M;Casado;São Paulo;Sudeste;17151;0;App;Monitor;Informática;1;1100;15;935;Boleto;Sim;Não;5;Não;Não;December;06/12/2025
1057;C0045;59;M;Casado;São Paulo;Sudeste;18650;9;Loja;Smartphone;Telefonia;3;2800;0;8400;Pix;Não;Não;3;Não;Não;October;08/10/2025
1058;C0327;57;M;Casado;Rio de Janeiro;Sudeste;20417;9;Loja;Monitor;Informática;1;1100;15;935;Pix;Sim;Não;3;Não;Não;May;14/05/2025
1059;C0077;19;F;Divorciado;Fortaleza;Nordeste;20929;5;Site;Mouse;Informática;4;120;0;480;Pix;Não;Sim;4;Não;Não;April;30/04/2025
1060;C0474;70;F;Divorciado;Rio de Janeiro;Sudeste;10424;8;App;Mouse;Informática;1;120;0;120;Boleto;Não;Não;4;Não;Não;February;12/02/2025
1061;C0231;33;F;Divorciado;Recife;Nordeste;11176;11;Site;Impressora;Informática;1;950;20;760;Pix;Sim;Não;4;Não;Não;March;26/03/2025
1062;C0185;63;F;Casado;Fortaleza;Nordeste;18976;13;Site;Cadeira Gamer;Móveis;3;1800;20;4320;Pix;Sim;Sim;5;Não;Não;January;03/01/2025
1063;C0546;49;F;Divorciado;Brasília;Centro-Oeste;8344;5;Loja;Impressora;Informática;2;950;0;1900;Boleto;Não;Sim;4;Não;Não;April;17/04/2025
1064;C0512;53;M;Solteiro;Brasília;Centro-Oeste;10984;0;Loja;Notebook;Informática;2;4500;10;8100;Pix;Sim;Não;3;Não;Não;April;19/04/2025
1065;C0032;26;M;Casado;Brasília;Centro-Oeste;8647;0;App;Cadeira Gamer;Móveis;2;1800;10;3240;Cartão;Sim;Não;5;Não;Não;May;31/05/2025
1066;C0715;57;M;Casado;Manaus;Norte;10325;4;Site;Headset;Informática;4;380;0;1520;Pix;Não;Não;3;Não;Não;September;28/09/2025
1067;C0313;32;M;Solteiro;São Paulo;Sudeste;7093;1;Site;SSD 1TB;Armazenamento;4;650;10;2340;Pix;Sim;Não;4;Não;Não;February;10/02/2025
1068;C0057;40;F;Solteiro;Recife;Nordeste;4815;1;App;Impressora;Informática;2;950;20;1520;Boleto;Sim;Não;4;Não;Não;November;03/11/2025
1069;C0105;52;F;Solteiro;São Paulo;Sudeste;7341;5;App;Smartphone;Telefonia;3;2800;10;7560;Cartão;Sim;Sim;4;Não;Não;July;06/07/2025
1070;C0061;66;M;Divorciado;Manaus;Norte;11231;3;Site;Notebook;Informática;2;4500;0;9000;Cartão;Não;Sim;5;Não;Não;February;22/02/2025
1071;C0730;62;F;Casado;Manaus;Norte;19587;11;Site;Mouse;Informática;3;120;0;360;Pix;Não;Sim;3;Não;Não;September;10/09/2025
1072;C0359;56;F;Solteiro;Fortaleza;Nordeste;8659;11;Site;Smartphone;Telefonia;3;2800;15;7140;Cartão;Sim;Não;5;Não;Não;December;12/12/2025
1073;C0582;37;F;Solteiro;Curitiba;Sul;14935;1;App;Teclado;Informática;4;220;10;792;Cartão;Sim;Não;2;Sim;Não;May;14/05/2025
1074;C0238;39;M;Divorciado;Rio de Janeiro;Sudeste;10035;5;Loja;Cadeira Gamer;Móveis;1;1800;10;1620;Boleto;Sim;Sim;4;Não;Não;May;10/05/2025
1075;C0419;63;F;Solteiro;Curitiba;Sul;15934;5;Loja;Monitor;Informática;3;1100;5;3135;Boleto;Sim;Não;4;Não;Não;April;22/04/2025
1076;C0352;53;F;Casado;Belém;Norte;19031;13;App;Smartwatch;Wearables;3;1600;10;4320;Boleto;Sim;Sim;4;Não;Não;September;09/09/2025
1077;C0128;22;F;Solteiro;São Paulo;Sudeste;2962;13;Site;Smartphone;Telefonia;3;2800;5;7980;Pix;Sim;Sim;2;Sim;Não;January;02/01/2025
1078;C0735;69;M;Divorciado;Manaus;Norte;8194;10;App;Notebook;Informática;1;4500;5;4275;Pix;Sim;Não;3;Não;Não;June;24/06/2025
1079;C0002;69;M;Divorciado;Belém;Norte;16079;0;Site;Headset;Informática;2;380;10;684;Pix;Sim;Não;3;Não;Não;March;07/03/2025
1080;C0734;55;M;Solteiro;Manaus;Norte;4500;0;App;Mouse;Informática;2;120;10;216;Boleto;Sim;Não;4;Não;Não;June;27/06/2025
1081;C0243;69;F;Casado;Brasília;Centro-Oeste;4495;13;Loja;Smartphone;Telefonia;2;2800;0;5600;Cartão;Não;Não;5;Não;Não;October;21/10/2025
1082;C0185;51;F;Divorciado;Belém;Norte;14867;0;App;Teclado;Informática;2;220;10;396;Boleto;Sim;Não;5;Não;Não;March;16/03/2025
1083;C0023;41;M;Divorciado;Manaus;Norte;11133;5;Site;Smartphone;Telefonia;4;2800;0;11200;Cartão;Não;Sim;5;Não;Não;November;17/11/2025
1084;C0513;52;M;Casado;São Paulo;Sudeste;18346;13;Site;Smartphone;Telefonia;2;2800;5;5320;Cartão;Sim;Sim;4;Não;Não;March;26/03/2025
1085;C0655;29;F;Divorciado;São Paulo;Sudeste;12196;14;Loja;Monitor;Informática;4;1100;10;3960;Boleto;Sim;Sim;3;Não;Não;May;19/05/2025
1086;C0444;20;M;Solteiro;São Paulo;Sudeste;19733;8;App;Smartphone;Telefonia;3;2800;5;7980;Pix;Sim;Sim;5;Não;Não;November;19/11/2025
1087;C0590;68;M;Divorciado;Belém;Norte;10540;9;Loja;Cadeira Gamer;Móveis;1;1800;0;1800;Cartão;Não;Sim;5;Não;Não;July;14/07/2025
1088;C0281;68;M;Solteiro;São Paulo;Sudeste;9682;4;Site;Smartwatch;Wearables;1;1600;10;1440;Boleto;Sim;Sim;4;Não;Não;September;22/09/2025
1089;C0347;33;F;Solteiro;Belém;Norte;8092;10;App;Notebook;Informática;4;4500;0;18000;Boleto;Não;Sim;3;Não;Não;November;14/11/2025
1090;C0784;42;F;Solteiro;Fortaleza;Nordeste;11755;10;Site;Smartwatch;Wearables;4;1600;0;6400;Boleto;Não;Não;5;Não;Não;September;15/09/2025
1091;C0545;44;M;Divorciado;Belém;Norte;19941;5;App;Roteador;Redes;3;480;0;1440;Pix;Não;Não;1;Sim;Não;May;15/05/2025
1092;C0469;34;M;Solteiro;São Paulo;Sudeste;5655;4;App;Smartphone;Telefonia;1;2800;0;2800;Pix;Não;Sim;4;Não;Não;February;21/02/2025
1093;C0106;18;M;Casado;Curitiba;Sul;9604;5;Site;Impressora;Informática;3;950;0;2850;Pix;Não;Sim;5;Não;Não;February;23/02/2025
1094;C0781;58;F;Casado;Recife;Nordeste;20949;8;App;SSD 1TB;Armazenamento;1;650;0;650;Pix;Não;Sim;5;Não;Não;August;30/08/2025
1095;C0187;59;M;Solteiro;Curitiba;Sul;18926;11;Loja;Cadeira Gamer;Móveis;4;1800;10;6480;Boleto;Sim;Sim;2;Sim;Não;March;09/03/2025
1096;C0135;68;F;Casado;São Paulo;Sudeste;9469;8;Loja;Monitor;Informática;3;1100;0;3300;Cartão;Não;Não;4;Não;Não;January;15/01/2025
1097;C0288;44;M;Solteiro;Recife;Nordeste;4564;15;Site;Roteador;Redes;2;480;15;816;Cartão;Sim;Não;4;Não;Não;July;19/07/2025
1098;C0084;34;M;Divorciado;Rio de Janeiro;Sudeste;15781;7;Site;Impressora;Informática;3;950;0;2850;Boleto;Não;Não;4;Não;Não;August;21/08/2025
1099;C0396;56;F;Casado;Curitiba;Sul;5718;1;App;Monitor;Informática;3;1100;10;2970;Pix;Sim;Não;5;Não;Não;September;04/09/2025
1100;C0218;67;F;Divorciado;Manaus;Norte;19304;12;Loja;Smartphone;Telefonia;1;2800;15;2380;Cartão;Sim;Sim;5;Não;Não;February;11/02/2025
1101;C0734;28;M;Solteiro;Manaus;Norte;3084;1;App;Headset;Informática;4;380;10;1368;Boleto;Sim;Não;2;Sim;Não;December;14/12/2025
1102;C0244;49;F;Divorciado;São Paulo;Sudeste;3245;12;App;Smartphone;Telefonia;2;2800;15;4760;Boleto;Sim;Sim;3;Não;Não;September;02/09/2025
1103;C0573;30;F;Divorciado;Manaus;Norte;8980;14;Site;Smartphone;Telefonia;3;2800;5;7980;Boleto;Sim;Não;5;Não;Não;January;29/01/2025
1104;C0438;38;F;Divorciado;Curitiba;Sul;19185;13;App;Cadeira Gamer;Móveis;1;1800;15;1530;Boleto;Sim;Sim;4;Não;Não;November;28/11/2025
1105;C0769;62;F;Casado;Brasília;Centro-Oeste;9550;9;Site;Webcam;Informática;1;260;0;260;Pix;Não;Sim;5;Não;Não;August;30/08/2025
1106;C0583;45;M;Casado;Manaus;Norte;20814;10;Loja;Notebook;Informática;3;4500;0;13500;Boleto;Não;Sim;3;Não;Não;December;24/12/2025
1107;C0760;25;F;Solteiro;São Paulo;Sudeste;5329;2;App;Monitor;Informática;3;1100;0;3300;Cartão;Não;Não;4;Não;Não;April;14/04/2025
1108;C0718;24;F;Divorciado;Curitiba;Sul;21909;14;App;Teclado;Informática;2;220;15;374;Boleto;Sim;Não;4;Não;Não;August;06/08/2025
1109;C0065;28;F;Divorciado;São Paulo;Sudeste;17637;13;App;SSD 1TB;Armazenamento;2;650;0;1300;Pix;Não;Sim;5;Não;Não;September;22/09/2025
1110;C0239;40;F;Solteiro;Recife;Nordeste;18204;11;Site;Mouse;Informática;4;120;0;480;Cartão;Não;Não;2;Sim;Não;April;26/04/2025
1111;C0296;65;F;Solteiro;Fortaleza;Nordeste;7211;15;Loja;Mouse;Informática;2;120;5;228;Boleto;Sim;Sim;4;Não;Não;March;31/03/2025
1112;C0355;28;F;Divorciado;Manaus;Norte;17321;11;Loja;Headset;Informática;1;380;15;323;Pix;Sim;Não;1;Sim;Não;June;11/06/2025
1113;C0013;43;F;Solteiro;Recife;Nordeste;18866;7;Loja;Webcam;Informática;1;260;0;260;Cartão;Não;Sim;4;Não;Não;April;19/04/2025
1114;C0670;40;F;Casado;Brasília;Centro-Oeste;17018;9;Loja;Notebook;Informática;3;4500;20;10800;Pix;Sim;Não;4;Não;Sim;January;25/01/2025
1115;C0798;46;F;Casado;Curitiba;Sul;17720;4;Loja;Impressora;Informática;4;950;15;3230;Cartão;Sim;Não;4;Não;Não;August;27/08/2025
1116;C0076;69;F;Casado;Rio de Janeiro;Sudeste;6990;4;Site;Roteador;Redes;1;480;0;480;Cartão;Não;Sim;5;Não;Não;March;08/03/2025
1117;C0674;21;M;Solteiro;Recife;Nordeste;9561;9;App;Notebook;Informática;2;4500;0;9000;Pix;Não;Sim;5;Não;Não;February;26/02/2025
1118;C0613;53;M;Solteiro;Curitiba;Sul;15342;11;Loja;Headset;Informática;4;380;0;1520;Boleto;Não;Sim;5;Não;Não;March;25/03/2025
1119;C0656;35;F;Solteiro;Recife;Nordeste;15115;1;Loja;Roteador;Redes;2;480;10;864;Boleto;Sim;Não;3;Não;Não;June;23/06/2025
1120;C0553;64;F;Solteiro;Manaus;Norte;19603;3;Site;Headset;Informática;4;380;15;1292;Cartão;Sim;Sim;5;Não;Não;September;23/09/2025
1121;C0413;63;M;Divorciado;Curitiba;Sul;16257;11;Site;Smartphone;Telefonia;2;2800;0;5600;Boleto;Não;Sim;2;Sim;Não;December;30/12/2025
1122;C0111;39;F;Divorciado;Rio de Janeiro;Sudeste;10275;9;Loja;Roteador;Redes;3;480;0;1440;Boleto;Não;Sim;4;Não;Não;September;26/09/2025
1123;C0182;28;F;Divorciado;Manaus;Norte;11051;1;App;Headset;Informática;4;380;10;1368;Cartão;Sim;Não;4;Não;Não;April;17/04/2025
1124;C0615;28;F;Divorciado;Fortaleza;Nordeste;17410;2;Loja;Mouse;Informática;1;120;0;120;Cartão;Não;Não;4;Não;Não;January;05/01/2025
1125;C0768;49;F;Solteiro;Curitiba;Sul;6783;9;Loja;Headset;Informática;2;380;5;722;Cartão;Sim;Sim;4;Não;Não;July;01/07/2025
1126;C0228;57;M;Divorciado;Manaus;Norte;20871;9;Site;Smartphone;Telefonia;3;2800;5;7980;Pix;Sim;Sim;3;Não;Não;November;17/11/2025
1127;C0258;20;M;Casado;Manaus;Norte;16986;0;Loja;Mouse;Informática;2;120;20;192;Boleto;Sim;Não;1;Sim;Não;March;18/03/2025
1128;C0214;21;F;Casado;Recife;Nordeste;5916;0;Site;Webcam;Informática;3;260;15;663;Boleto;Sim;Não;5;Não;Não;December;27/12/2025
1129;C0497;41;F;Casado;Recife;Nordeste;6942;6;Site;Notebook;Informática;1;4500;10;4050;Cartão;Sim;Sim;4;Não;Não;August;14/08/2025
1130;C0448;51;F;Divorciado;Rio de Janeiro;Sudeste;6606;2;Site;Mouse;Informática;3;120;0;360;Pix;Não;Não;4;Não;Não;August;02/08/2025
1131;C0062;47;F;Casado;Rio de Janeiro;Sudeste;15542;0;Loja;Smartphone;Telefonia;3;2800;10;7560;Boleto;Sim;Não;5;Não;Não;March;03/03/2025
1132;C0722;34;F;Casado;Rio de Janeiro;Sudeste;3254;13;Loja;Teclado;Informática;3;220;10;594;Cartão;Sim;Sim;4;Não;Não;October;20/10/2025
1133;C0446;40;M;Solteiro;Manaus;Norte;5889;12;Site;Headset;Informática;2;380;5;722;Boleto;Sim;Sim;4;Não;Não;July;30/07/2025
1134;C0348;63;M;Casado;Manaus;Norte;2684;9;Loja;Smartphone;Telefonia;2;2800;0;5600;Cartão;Não;Não;5;Não;Não;October;08/10/2025
1135;C0496;33;F;Casado;Brasília;Centro-Oeste;11917;2;Loja;Cadeira Gamer;Móveis;1;1800;0;1800;Boleto;Não;Não;4;Não;Não;December;24/12/2025
1136;C0157;40;F;Solteiro;São Paulo;Sudeste;3315;6;Site;Monitor;Informática;1;1100;10;990;Cartão;Sim;Não;5;Não;Não;November;11/11/2025
1137;C0559;30;M;Solteiro;Belém;Norte;5846;0;Loja;Teclado;Informática;3;220;10;594;Cartão;Sim;Não;5;Não;Não;March;13/03/2025
1138;C0362;56;M;Solteiro;Brasília;Centro-Oeste;2730;14;Site;Notebook;Informática;1;4500;0;4500;Cartão;Não;Sim;5;Não;Não;March;16/03/2025
1139;C0418;65;M;Divorciado;Brasília;Centro-Oeste;17746;3;Loja;Smartphone;Telefonia;3;2800;5;7980;Pix;Sim;Sim;3;Não;Não;September;08/09/2025
1140;C0420;29;M;Casado;Fortaleza;Nordeste;15078;13;Loja;SSD 1TB;Armazenamento;3;650;0;1950;Cartão;Não;Não;3;Não;Não;December;16/12/2025
1141;C0123;70;F;Casado;São Paulo;Sudeste;4251;5;Loja;Smartphone;Telefonia;1;2800;5;2660;Pix;Sim;Sim;5;Não;Não;July;15/07/2025
1142;C0500;29;M;Casado;Manaus;Norte;21221;5;Loja;Notebook;Informática;4;4500;0;18000;Boleto;Não;Sim;5;Não;Não;November;12/11/2025
1143;C0277;22;F;Casado;Manaus;Norte;18936;15;Loja;Smartphone;Telefonia;2;2800;0;5600;Cartão;Não;Sim;4;Não;Não;November;30/11/2025
1144;C0574;32;M;Casado;São Paulo;Sudeste;3621;9;App;Smartphone;Telefonia;1;2800;5;2660;Cartão;Sim;Sim;3;Não;Não;July;27/07/2025
1145;C0125;59;M;Casado;Fortaleza;Nordeste;10766;8;App;Mouse;Informática;2;120;0;240;Cartão;Não;Sim;3;Não;Não;October;14/10/2025
1146;C0587;70;F;Divorciado;Brasília;Centro-Oeste;11666;1;Loja;Headset;Informática;4;380;10;1368;Boleto;Sim;Não;4;Não;Não;December;31/12/2025
1147;C0082;56;F;Divorciado;Rio de Janeiro;Sudeste;13351;4;Site;Smartphone;Telefonia;3;2800;0;8400;Cartão;Não;Sim;2;Sim;Não;December;26/12/2025
1148;C0085;67;M;Solteiro;Belém;Norte;12467;10;App;Cadeira Gamer;Móveis;4;1800;10;6480;Cartão;Sim;Não;4;Não;Não;June;29/06/2025
1149;C0747;54;M;Casado;Brasília;Centro-Oeste;17080;14;App;Webcam;Informática;3;260;10;702;Pix;Sim;Sim;4;Não;Não;November;10/11/2025
1150;C0505;57;M;Casado;Recife;Nordeste;11129;12;Loja;Smartwatch;Wearables;3;1600;5;4560;Cartão;Sim;Sim;5;Não;Não;December;21/12/2025
1151;C0238;70;M;Divorciado;Brasília;Centro-Oeste;19892;8;Site;Smartwatch;Wearables;2;1600;5;3040;Cartão;Sim;Sim;3;Não;Não;December;05/12/2025
1152;C0183;61;M;Divorciado;Curitiba;Sul;18892;9;Site;Notebook;Informática;3;4500;10;12150;Pix;Sim;Sim;5;Não;Não;October;18/10/2025
1153;C0418;41;F;Solteiro;Manaus;Norte;11555;13;Loja;Smartphone;Telefonia;3;2800;20;6720;Cartão;Sim;Sim;5;Não;Não;August;05/08/2025
1154;C0017;28;F;Solteiro;Manaus;Norte;20916;10;Loja;Headset;Informática;3;380;5;1083;Cartão;Sim;Não;4;Não;Não;August;11/08/2025
1155;C0234;62;F;Casado;Curitiba;Sul;18951;10;Loja;Mouse;Informática;2;120;0;240;Pix;Não;Sim;4;Não;Não;July;14/07/2025
1156;C0655;38;M;Divorciado;Manaus;Norte;8240;14;Site;Headset;Informática;2;380;5;722;Cartão;Sim;Sim;4;Não;Não;April;15/04/2025
1157;C0136;65;F;Casado;Recife;Nordeste;10189;8;Loja;Smartphone;Telefonia;2;2800;0;5600;Cartão;Não;Não;5;Não;Não;August;20/08/2025
1158;C0160;62;M;Casado;Manaus;Norte;20528;7;App;Smartphone;Telefonia;1;2800;10;2520;Cartão;Sim;Não;5;Não;Não;October;22/10/2025
1159;C0620;41;M;Solteiro;Belém;Norte;12409;7;Site;Smartwatch;Wearables;4;1600;5;6080;Boleto;Sim;Sim;3;Não;Não;April;16/04/2025
1160;C0546;64;M;Solteiro;Recife;Nordeste;9948;0;App;Headset;Informática;1;380;20;304;Pix;Sim;Não;5;Não;Não;February;18/02/2025
1161;C0461;31;F;Solteiro;Fortaleza;Nordeste;5160;15;Site;Headset;Informática;3;380;5;1083;Cartão;Sim;Não;5;Não;Não;March;16/03/2025
1162;C0603;25;F;Casado;Rio de Janeiro;Sudeste;11372;10;Loja;Smartphone;Telefonia;2;2800;0;5600;Cartão;Não;Sim;3;Não;Não;June;20/06/2025
1163;C0270;40;M;Casado;Curitiba;Sul;19767;12;App;Mouse;Informática;1;120;5;114;Cartão;Sim;Sim;2;Sim;Não;February;14/02/2025
1164;C0697;33;F;Casado;São Paulo;Sudeste;9197;1;Site;SSD 1TB;Armazenamento;3;650;10;1755;Cartão;Sim;Não;4;Não;Não;October;22/10/2025
1165;C0446;58;F;Casado;Recife;Nordeste;7371;6;Loja;Mouse;Informática;3;120;0;360;Pix;Não;Não;5;Não;Não;June;22/06/2025
1166;C0172;26;M;Casado;Brasília;Centro-Oeste;11542;10;Loja;Smartwatch;Wearables;1;1600;15;1360;Pix;Sim;Não;2;Sim;Não;August;16/08/2025
1167;C0690;30;F;Solteiro;Recife;Nordeste;11456;15;Loja;Smartwatch;Wearables;2;1600;0;3200;Pix;Não;Não;4;Não;Não;April;10/04/2025
1168;C0238;55;M;Casado;Fortaleza;Nordeste;16086;4;App;SSD 1TB;Armazenamento;3;650;0;1950;Boleto;Não;Não;5;Não;Não;July;31/07/2025
1169;C0134;25;M;Solteiro;São Paulo;Sudeste;15921;2;Loja;Monitor;Informática;1;1100;5;1045;Pix;Sim;Não;4;Não;Não;August;23/08/2025
1170;C0490;25;F;Solteiro;Fortaleza;Nordeste;7180;11;Site;Notebook;Informática;1;4500;15;3825;Cartão;Sim;Sim;4;Não;Não;July;03/07/2025
1171;C0527;57;F;Casado;Belém;Norte;3388;9;Site;Mouse;Informática;2;120;15;204;Cartão;Sim;Sim;4;Não;Não;April;01/04/2025
1172;C0143;53;M;Solteiro;São Paulo;Sudeste;3424;14;Site;Monitor;Informática;4;1100;10;3960;Cartão;Sim;Não;2;Sim;Não;April;17/04/2025
1173;C0487;19;M;Divorciado;Belém;Norte;7528;2;App;Impressora;Informática;3;950;10;2565;Pix;Sim;Não;1;Sim;Não;April;09/04/2025
1174;C0014;38;M;Divorciado;Recife;Nordeste;10647;3;Loja;Roteador;Redes;4;480;0;1920;Boleto;Não;Não;5;Não;Não;October;20/10/2025
1175;C0314;52;M;Casado;Curitiba;Sul;13972;10;Site;Smartwatch;Wearables;3;1600;0;4800;Cartão;Não;Não;4;Não;Não;June;20/06/2025
1176;C0494;68;F;Casado;São Paulo;Sudeste;16289;5;Site;SSD 1TB;Armazenamento;3;650;10;1755;Pix;Sim;Sim;5;Não;Não;March;03/03/2025
1177;C0562;40;F;Divorciado;Curitiba;Sul;11886;15;App;Mouse;Informática;4;120;5;456;Cartão;Sim;Não;5;Não;Não;January;18/01/2025
1178;C0723;44;M;Divorciado;Belém;Norte;2328;1;Loja;Notebook;Informática;2;4500;10;8100;Cartão;Sim;Não;5;Não;Não;November;13/11/2025
1179;C0784;45;F;Divorciado;Curitiba;Sul;4901;1;Loja;Monitor;Informática;3;1100;10;2970;Pix;Sim;Não;5;Não;Não;August;01/08/2025
1180;C0179;45;M;Casado;Recife;Nordeste;15610;6;Site;Roteador;Redes;3;480;10;1296;Cartão;Sim;Sim;5;Não;Não;March;23/03/2025
1181;C0457;26;M;Casado;Belém;Norte;21103;12;Loja;Impressora;Informática;2;950;15;1615;Pix;Sim;Sim;2;Sim;Não;November;06/11/2025
1182;C0705;29;F;Solteiro;Fortaleza;Nordeste;18105;14;App;Roteador;Redes;2;480;0;960;Boleto;Não;Sim;4;Não;Não;December;15/12/2025
1183;C0701;25;M;Solteiro;São Paulo;Sudeste;4732;5;App;SSD 1TB;Armazenamento;4;650;15;2210;Cartão;Sim;Sim;4;Não;Não;March;16/03/2025
1184;C0405;24;M;Solteiro;Curitiba;Sul;7237;2;Loja;Monitor;Informática;2;1100;0;2200;Cartão;Não;Não;3;Não;Não;March;22/03/2025
1185;C0352;56;M;Divorciado;Curitiba;Sul;4320;2;Loja;Mouse;Informática;1;120;15;102;Pix;Sim;Não;5;Não;Não;April;11/04/2025
1186;C0717;38;M;Solteiro;Recife;Nordeste;6433;11;Site;Smartwatch;Wearables;4;1600;5;6080;Cartão;Sim;Sim;4;Não;Não;September;12/09/2025
1187;C0343;18;M;Divorciado;Rio de Janeiro;Sudeste;6510;5;App;Teclado;Informática;3;220;10;594;Pix;Sim;Sim;3;Não;Não;October;06/10/2025
1188;C0365;28;M;Casado;Curitiba;Sul;21986;9;Loja;Notebook;Informática;1;4500;0;4500;Boleto;Não;Não;1;Sim;Não;March;06/03/2025
1189;C0325;55;F;Divorciado;Rio de Janeiro;Sudeste;20943;3;App;Teclado;Informática;3;220;0;660;Pix;Não;Sim;3;Não;Não;May;01/05/2025
1190;C0029;37;F;Divorciado;Fortaleza;Nordeste;15425;7;Loja;Notebook;Informática;4;4500;0;18000;Cartão;Não;Não;5;Não;Não;May;25/05/2025
1191;C0448;37;F;Solteiro;Curitiba;Sul;9329;9;App;Impressora;Informática;3;950;10;2565;Boleto;Sim;Sim;4;Não;Não;November;01/11/2025
1192;C0567;28;F;Solteiro;Manaus;Norte;11550;10;Loja;Notebook;Informática;4;4500;10;16200;Cartão;Sim;Sim;2;Sim;Não;July;03/07/2025
1193;C0657;23;F;Solteiro;Belém;Norte;8909;2;App;Impressora;Informática;4;950;5;3610;Pix;Sim;Não;5;Não;Não;April;02/04/2025
1194;C0133;33;M;Solteiro;Fortaleza;Nordeste;21626;6;App;Smartphone;Telefonia;1;2800;5;2660;Cartão;Sim;Sim;4;Não;Não;October;03/10/2025
1195;C0351;51;M;Casado;Brasília;Centro-Oeste;9771;3;App;Monitor;Informática;1;1100;0;1100;Cartão;Não;Não;5;Não;Não;December;19/12/2025
1196;C0785;55;F;Divorciado;Curitiba;Sul;16463;11;Site;Cadeira Gamer;Móveis;2;1800;20;2880;Boleto;Sim;Sim;5;Não;Não;May;29/05/2025
1197;C0047;70;F;Solteiro;São Paulo;Sudeste;10269;1;Site;Smartwatch;Wearables;2;1600;10;2880;Pix;Sim;Não;4;Não;Não;October;14/10/2025
1198;C0081;43;M;Casado;Recife;Nordeste;7461;13;Site;Smartwatch;Wearables;4;1600;5;6080;Pix;Sim;Não;4;Não;Não;September;30/09/2025
1199;C0731;36;M;Divorciado;Manaus;Norte;9209;2;Site;Headset;Informática;1;380;0;380;Pix;Não;Não;5;Não;Não;October;03/10/2025
1200;C0586;56;M;Divorciado;Manaus;Norte;4225;10;Loja;Headset;Informática;2;380;10;684;Cartão;Sim;Sim;5;Não;Não;March;21/03/2025
1201;C0477;29;F;Divorciado;Rio de Janeiro;Sudeste;5967;1;App;Impressora;Informática;4;950;15;3230;Pix;Sim;Não;4;Não;Não;January;18/01/2025
1202;C0533;22;F;Solteiro;Belém;Norte;20489;11;Site;Smartwatch;Wearables;2;1600;5;3040;Cartão;Sim;Sim;5;Não;Não;October;20/10/2025
1203;C0334;48;M;Casado;Curitiba;Sul;20729;11;App;Smartwatch;Wearables;4;1600;15;5440;Pix;Sim;Sim;4;Não;Não;October;10/10/2025
1204;C0334;29;F;Divorciado;Fortaleza;Nordeste;11722;11;Site;Headset;Informática;4;380;0;1520;Pix;Não;Não;4;Não;Não;August;26/08/2025
1205;C0710;49;F;Solteiro;Curitiba;Sul;4312;1;Site;Teclado;Informática;3;220;10;594;Boleto;Sim;Não;4;Não;Não;June;02/06/2025
1206;C0369;69;M;Solteiro;Belém;Norte;4098;12;Loja;Smartphone;Telefonia;2;2800;0;5600;Pix;Não;Sim;4;Não;Não;January;26/01/2025
1207;C0771;52;F;Solteiro;Brasília;Centro-Oeste;7432;1;Site;Notebook;Informática;2;4500;10;8100;Pix;Sim;Não;4;Não;Não;June;27/06/2025
1208;C0591;67;F;Solteiro;São Paulo;Sudeste;6800;7;App;SSD 1TB;Armazenamento;1;650;5;617,5;Pix;Sim;Não;1;Sim;Não;July;15/07/2025
1209;C0464;25;F;Solteiro;São Paulo;Sudeste;18190;6;Loja;Smartphone;Telefonia;4;2800;20;8960;Boleto;Sim;Sim;3;Não;Não;June;24/06/2025
1210;C0191;30;F;Casado;Fortaleza;Nordeste;17717;5;Site;Headset;Informática;3;380;0;1140;Boleto;Não;Sim;4;Não;Não;October;31/10/2025
1211;C0662;22;M;Divorciado;Curitiba;Sul;16452;1;App;Mouse;Informática;4;120;10;432;Boleto;Sim;Não;5;Não;Não;March;03/03/2025
1212;C0545;41;F;Divorciado;Fortaleza;Nordeste;14065;12;Loja;Notebook;Informática;3;4500;0;13500;Boleto;Não;Sim;5;Não;Não;October;04/10/2025
1213;C0147;20;M;Divorciado;Brasília;Centro-Oeste;16066;11;Site;Headset;Informática;3;380;0;1140;Pix;Não;Sim;4;Não;Não;November;30/11/2025
1214;C0594;25;F;Casado;São Paulo;Sudeste;19370;4;Loja;SSD 1TB;Armazenamento;3;650;5;1852,5;Pix;Sim;Não;2;Sim;Não;September;11/09/2025
1215;C0414;58;M;Solteiro;Recife;Nordeste;21638;4;Site;Teclado;Informática;1;220;10;198;Boleto;Sim;Sim;5;Não;Não;March;31/03/2025
1216;C0791;24;M;Divorciado;Brasília;Centro-Oeste;4996;13;Site;SSD 1TB;Armazenamento;4;650;0;2600;Pix;Não;Não;4;Não;Não;October;22/10/2025
1217;C0458;55;M;Casado;Brasília;Centro-Oeste;18751;14;Loja;Cadeira Gamer;Móveis;4;1800;15;6120;Cartão;Sim;Sim;4;Não;Não;November;07/11/2025
1218;C0110;70;F;Divorciado;Curitiba;Sul;7558;7;Loja;Webcam;Informática;3;260;10;702;Boleto;Sim;Não;5;Não;Não;November;09/11/2025
1219;C0046;51;F;Casado;Rio de Janeiro;Sudeste;20218;7;App;Roteador;Redes;2;480;15;816;Pix;Sim;Não;4;Não;Não;April;13/04/2025
1220;C0501;35;M;Solteiro;Recife;Nordeste;17913;9;Site;Mouse;Informática;2;120;0;240;Boleto;Não;Sim;4;Não;Não;March;24/03/2025
1221;C0558;33;M;Casado;Manaus;Norte;14017;11;Site;Notebook;Informática;2;4500;20;7200;Pix;Sim;Não;3;Não;Não;February;13/02/2025
1222;C0249;32;M;Casado;Belém;Norte;14493;3;App;Smartwatch;Wearables;3;1600;10;4320;Cartão;Sim;Sim;5;Não;Não;July;26/07/2025
1223;C0627;65;M;Solteiro;Brasília;Centro-Oeste;2040;13;App;SSD 1TB;Armazenamento;1;650;0;650;Boleto;Não;Sim;3;Não;Não;June;25/06/2025
1224;C0704;41;F;Solteiro;Fortaleza;Nordeste;11336;13;Site;Smartphone;Telefonia;3;2800;0;8400;Boleto;Não;Sim;5;Não;Não;January;09/01/2025
1225;C0202;36;F;Casado;São Paulo;Sudeste;9085;5;Site;Monitor;Informática;2;1100;0;2200;Boleto;Não;Não;5;Não;Não;November;19/11/2025
1226;C0688;40;F;Divorciado;São Paulo;Sudeste;21884;14;Loja;SSD 1TB;Armazenamento;3;650;0;1950;Pix;Não;Sim;3;Não;Não;December;01/12/2025
1227;C0201;27;M;Casado;Rio de Janeiro;Sudeste;5056;15;Loja;Webcam;Informática;2;260;0;520;Pix;Não;Não;3;Não;Não;February;10/02/2025
1228;C0253;70;M;Divorciado;Brasília;Centro-Oeste;21211;8;Site;Mouse;Informática;1;120;0;120;Boleto;Não;Sim;3;Não;Não;March;23/03/2025
1229;C0003;68;F;Casado;Curitiba;Sul;7654;14;Loja;Smartwatch;Wearables;3;1600;5;4560;Pix;Sim;Não;5;Não;Não;May;01/05/2025
1230;C0176;57;M;Divorciado;Manaus;Norte;3377;14;App;Smartphone;Telefonia;1;2800;0;2800;Cartão;Não;Sim;5;Não;Não;June;27/06/2025
1231;C0009;34;F;Solteiro;Rio de Janeiro;Sudeste;5987;12;App;Cadeira Gamer;Móveis;4;1800;10;6480;Boleto;Sim;Não;4;Não;Não;July;31/07/2025
1232;C0165;32;F;Solteiro;Brasília;Centro-Oeste;20142;10;App;Notebook;Informática;3;4500;20;10800;Pix;Sim;Sim;4;Não;Não;September;15/09/2025
1233;C0193;51;F;Solteiro;Recife;Nordeste;6139;2;Loja;Webcam;Informática;4;260;0;1040;Cartão;Não;Não;5;Não;Não;September;26/09/2025
1234;C0018;56;M;Casado;Belém;Norte;10430;2;Site;SSD 1TB;Armazenamento;3;650;0;1950;Pix;Não;Não;3;Não;Não;April;27/04/2025
1235;C0771;24;M;Solteiro;Brasília;Centro-Oeste;16313;5;Loja;SSD 1TB;Armazenamento;3;650;0;1950;Cartão;Não;Sim;4;Não;Não;December;13/12/2025
1236;C0444;52;F;Solteiro;Rio de Janeiro;Sudeste;3093;11;App;Cadeira Gamer;Móveis;2;1800;15;3060;Cartão;Sim;Sim;4;Não;Não;May;25/05/2025
1237;C0566;22;F;Divorciado;Belém;Norte;16242;6;App;Monitor;Informática;3;1100;5;3135;Pix;Sim;Não;5;Não;Não;April;18/04/2025
1238;C0790;40;M;Divorciado;Belém;Norte;9953;14;Site;Headset;Informática;3;380;0;1140;Pix;Não;Sim;4;Não;Não;September;29/09/2025
1239;C0007;64;M;Divorciado;Curitiba;Sul;14858;10;App;Teclado;Informática;1;220;15;187;Pix;Sim;Sim;5;Não;Não;December;08/12/2025
1240;C0204;29;M;Solteiro;Manaus;Norte;18758;6;App;Notebook;Informática;3;4500;5;12825;Cartão;Sim;Sim;5;Não;Não;August;23/08/2025
1241;C0121;62;F;Solteiro;Brasília;Centro-Oeste;3643;14;Site;Notebook;Informática;1;4500;0;4500;Boleto;Não;Sim;5;Não;Não;July;14/07/2025
1242;C0768;66;F;Solteiro;Brasília;Centro-Oeste;15435;2;Site;Cadeira Gamer;Móveis;1;1800;10;1620;Cartão;Sim;Não;3;Não;Não;January;08/01/2025
1243;C0084;69;M;Solteiro;Brasília;Centro-Oeste;3527;7;App;Webcam;Informática;1;260;0;260;Pix;Não;Sim;4;Não;Não;March;13/03/2025
1244;C0463;18;M;Divorciado;Curitiba;Sul;5976;11;Loja;Mouse;Informática;2;120;0;240;Boleto;Não;Não;4;Não;Não;May;23/05/2025
1245;C0299;41;M;Casado;Fortaleza;Nordeste;15617;6;Loja;Cadeira Gamer;Móveis;3;1800;0;5400;Cartão;Não;Sim;5;Não;Não;September;21/09/2025
1246;C0008;29;F;Casado;Recife;Nordeste;18612;7;App;Impressora;Informática;4;950;10;3420;Boleto;Sim;Não;3;Não;Não;March;06/03/2025
1247;C0127;33;F;Casado;Recife;Nordeste;3977;13;Loja;SSD 1TB;Armazenamento;2;650;20;1040;Cartão;Sim;Sim;4;Não;Não;February;17/02/2025
1248;C0123;30;M;Casado;Belém;Norte;21820;13;Loja;Notebook;Informática;3;4500;20;10800;Boleto;Sim;Sim;5;Não;Não;December;10/12/2025
1249;C0141;38;F;Solteiro;Manaus;Norte;9642;13;Loja;Mouse;Informática;1;120;5;114;Pix;Sim;Não;4;Não;Não;June;22/06/2025
1250;C0094;31;F;Solteiro;Rio de Janeiro;Sudeste;7437;13;App;Smartwatch;Wearables;3;1600;0;4800;Boleto;Não;Sim;4;Não;Não;June;03/06/2025
1251;C0076;53;F;Solteiro;Manaus;Norte;5611;5;Loja;Notebook;Informática;2;4500;0;9000;Boleto;Não;Sim;2;Sim;Não;February;22/02/2025
1252;C0363;43;M;Solteiro;Brasília;Centro-Oeste;18955;5;Loja;Monitor;Informática;4;1100;10;3960;Pix;Sim;Sim;5;Não;Não;March;09/03/2025
1253;C0279;59;F;Casado;São Paulo;Sudeste;19474;8;Loja;Smartphone;Telefonia;1;2800;10;2520;Cartão;Sim;Sim;2;Sim;Não;October;02/10/2025
1254;C0551;56;M;Solteiro;Recife;Nordeste;17673;9;Loja;Cadeira Gamer;Móveis;1;1800;0;1800;Boleto;Não;Sim;3;Não;Não;July;29/07/2025
1255;C0390;23;M;Solteiro;Recife;Nordeste;6279;10;Site;Impressora;Informática;3;950;0;2850;Boleto;Não;Sim;3;Não;Não;April;02/04/2025
1256;C0610;44;F;Casado;Manaus;Norte;5614;4;Loja;Headset;Informática;3;380;0;1140;Pix;Não;Sim;5;Não;Não;January;25/01/2025
1257;C0097;25;M;Divorciado;Manaus;Norte;19059;2;App;Notebook;Informática;2;4500;0;9000;Boleto;Não;Não;2;Sim;Não;July;05/07/2025
1258;C0774;57;F;Divorciado;Curitiba;Sul;15098;6;Loja;Cadeira Gamer;Móveis;1;1800;5;1710;Pix;Sim;Não;5;Não;Não;November;08/11/2025
1259;C0106;63;F;Solteiro;São Paulo;Sudeste;17565;14;Site;Smartphone;Telefonia;3;2800;0;8400;Boleto;Não;Sim;5;Não;Não;December;09/12/2025
1260;C0487;55;M;Solteiro;Curitiba;Sul;16909;6;Loja;Smartphone;Telefonia;2;2800;0;5600;Boleto;Não;Sim;2;Sim;Não;August;30/08/2025
1261;C0155;18;M;Casado;Brasília;Centro-Oeste;20487;12;App;SSD 1TB;Armazenamento;2;650;0;1300;Boleto;Não;Não;5;Não;Não;December;20/12/2025
1262;C0214;57;F;Casado;Curitiba;Sul;9459;13;Site;Smartphone;Telefonia;4;2800;0;11200;Pix;Não;Sim;1;Sim;Sim;February;26/02/2025
1263;C0418;51;F;Solteiro;Manaus;Norte;18947;12;App;Smartphone;Telefonia;1;2800;0;2800;Cartão;Não;Não;5;Não;Não;February;02/02/2025
1264;C0442;31;F;Solteiro;São Paulo;Sudeste;17050;7;Loja;SSD 1TB;Armazenamento;1;650;0;650;Pix;Não;Não;4;Não;Não;April;22/04/2025
1265;C0500;32;M;Divorciado;Rio de Janeiro;Sudeste;13413;3;App;Monitor;Informática;1;1100;10;990;Pix;Sim;Não;5;Não;Não;September;10/09/2025
1266;C0022;28;M;Solteiro;São Paulo;Sudeste;10936;12;App;Monitor;Informática;4;1100;20;3520;Pix;Sim;Sim;5;Não;Não;January;13/01/2025
1267;C0028;58;F;Divorciado;Fortaleza;Nordeste;2770;4;Site;Roteador;Redes;2;480;0;960;Cartão;Não;Sim;5;Não;Não;October;11/10/2025
1268;C0249;40;F;Divorciado;Belém;Norte;6805;15;App;Smartphone;Telefonia;4;2800;0;11200;Boleto;Não;Sim;3;Não;Não;June;16/06/2025
1269;C0351;41;M;Solteiro;Recife;Nordeste;19602;12;Loja;Cadeira Gamer;Móveis;1;1800;5;1710;Cartão;Sim;Sim;2;Sim;Não;February;07/02/2025
1270;C0112;59;M;Divorciado;Rio de Janeiro;Sudeste;2348;10;Loja;Roteador;Redes;3;480;10;1296;Cartão;Sim;Não;5;Não;Não;October;17/10/2025
1271;C0150;27;M;Solteiro;Curitiba;Sul;11118;13;Loja;Impressora;Informática;1;950;5;902,5;Cartão;Sim;Sim;5;Não;Não;April;12/04/2025
1272;C0564;57;M;Casado;São Paulo;Sudeste;13666;4;App;Smartphone;Telefonia;2;2800;5;5320;Boleto;Sim;Não;5;Não;Não;February;04/02/2025
1273;C0113;20;F;Solteiro;Curitiba;Sul;3043;1;Loja;Impressora;Informática;4;950;15;3230;Boleto;Sim;Não;5;Não;Não;January;27/01/2025
1274;C0528;70;M;Casado;Curitiba;Sul;3403;12;Site;Smartwatch;Wearables;4;1600;5;6080;Cartão;Sim;Sim;5;Não;Não;June;12/06/2025
1275;C0192;31;M;Solteiro;Fortaleza;Nordeste;21293;8;Loja;Webcam;Informática;2;260;0;520;Cartão;Não;Sim;4;Não;Não;September;11/09/2025
1276;C0577;31;M;Divorciado;Belém;Norte;14573;2;App;Monitor;Informática;4;1100;0;4400;Boleto;Não;Não;4;Não;Não;November;02/11/2025
1277;C0106;19;M;Casado;Rio de Janeiro;Sudeste;17868;13;Loja;Smartwatch;Wearables;2;1600;0;3200;Pix;Não;Sim;5;Não;Não;March;23/03/2025
1278;C0704;23;M;Casado;Manaus;Norte;6633;4;Loja;Smartphone;Telefonia;4;2800;5;10640;Boleto;Sim;Não;4;Não;Não;April;08/04/2025
1279;C0120;52;F;Casado;Manaus;Norte;6931;4;App;Mouse;Informática;2;120;15;204;Boleto;Sim;Sim;5;Não;Não;August;18/08/2025
1280;C0762;50;M;Divorciado;Curitiba;Sul;21924;0;Loja;Teclado;Informática;3;220;10;594;Pix;Sim;Não;4;Não;Não;October;09/10/2025
1281;C0756;61;F;Solteiro;Brasília;Centro-Oeste;9140;13;Site;Roteador;Redes;1;480;20;384;Cartão;Sim;Sim;3;Não;Não;July;10/07/2025
1282;C0380;41;F;Casado;Recife;Nordeste;17214;14;Loja;Webcam;Informática;2;260;0;520;Pix;Não;Sim;4;Não;Não;April;02/04/2025
1283;C0624;20;M;Casado;Fortaleza;Nordeste;17354;9;Loja;Mouse;Informática;2;120;0;240;Boleto;Não;Sim;2;Sim;Não;September;10/09/2025
1284;C0038;34;F;Solteiro;Recife;Nordeste;8219;5;App;Roteador;Redes;3;480;0;1440;Cartão;Não;Sim;2;Sim;Não;October;16/10/2025
1285;C0426;63;F;Casado;Recife;Nordeste;13352;6;Site;Mouse;Informática;4;120;0;480;Cartão;Não;Sim;4;Não;Não;September;11/09/2025
1286;C0523;68;M;Divorciado;Belém;Norte;2181;0;Site;Cadeira Gamer;Móveis;1;1800;15;1530;Cartão;Sim;Não;3;Sim;Não;October;23/10/2025
1287;C0492;61;F;Solteiro;Curitiba;Sul;9852;2;Site;Headset;Informática;3;380;5;1083;Cartão;Sim;Não;5;Não;Não;August;13/08/2025
1288;C0669;43;F;Casado;Rio de Janeiro;Sudeste;3953;4;App;Monitor;Informática;1;1100;0;1100;Pix;Não;Sim;5;Não;Não;October;30/10/2025
1289;C0795;46;F;Divorciado;Recife;Nordeste;16292;1;App;Smartphone;Telefonia;2;2800;10;5040;Cartão;Sim;Não;5;Não;Não;February;27/02/2025
1290;C0382;65;M;Solteiro;Recife;Nordeste;21914;4;Loja;Impressora;Informática;2;950;15;1615;Pix;Sim;Sim;3;Não;Não;July;12/07/2025
1291;C0367;50;M;Divorciado;São Paulo;Sudeste;4998;5;Loja;SSD 1TB;Armazenamento;1;650;10;585;Boleto;Sim;Sim;5;Não;Não;June;14/06/2025
1292;C0571;40;F;Solteiro;Curitiba;Sul;13393;2;Loja;Monitor;Informática;2;1100;0;2200;Boleto;Não;Não;4;Não;Não;August;05/08/2025
1293;C0148;67;M;Divorciado;São Paulo;Sudeste;11435;5;App;SSD 1TB;Armazenamento;1;650;0;650;Cartão;Não;Sim;4;Não;Não;March;23/03/2025
1294;C0014;32;M;Solteiro;Brasília;Centro-Oeste;19431;8;Loja;Teclado;Informática;2;220;20;352;Boleto;Sim;Sim;4;Não;Não;July;21/07/2025
1295;C0686;69;M;Casado;Manaus;Norte;8283;6;Site;Mouse;Informática;1;120;20;96;Pix;Sim;Sim;4;Não;Não;February;18/02/2025
1296;C0790;21;F;Solteiro;Brasília;Centro-Oeste;17725;7;App;Mouse;Informática;4;120;5;456;Cartão;Sim;Sim;5;Não;Não;March;04/03/2025
1297;C0729;67;F;Divorciado;Fortaleza;Nordeste;11956;8;App;Mouse;Informática;2;120;5;228;Boleto;Sim;Não;2;Sim;Não;April;09/04/2025
1298;C0407;50;F;Solteiro;Recife;Nordeste;5230;13;Site;Teclado;Informática;1;220;10;198;Cartão;Sim;Não;5;Não;Não;November;17/11/2025
1299;C0749;70;F;Solteiro;São Paulo;Sudeste;5679;3;App;Smartphone;Telefonia;2;2800;0;5600;Cartão;Não;Sim;5;Não;Não;July;12/07/2025
1300;C0625;35;M;Solteiro;Brasília;Centro-Oeste;12227;11;Loja;Notebook;Informática;3;4500;0;13500;Boleto;Não;Sim;5;Não;Não;October;04/10/2025
1301;C0554;68;M;Divorciado;Fortaleza;Nordeste;6800;12;Loja;Webcam;Informática;4;260;0;1040;Cartão;Não;Sim;4;Não;Não;December;23/12/2025
1302;C0632;64;F;Solteiro;Manaus;Norte;2022;10;Site;Smartphone;Telefonia;4;2800;10;10080;Pix;Sim;Sim;3;Não;Não;January;02/01/2025
1303;C0532;57;M;Casado;Recife;Nordeste;7720;4;Loja;Teclado;Informática;4;220;0;880;Boleto;Não;Sim;5;Não;Não;April;11/04/2025
1304;C0551;61;F;Solteiro;Manaus;Norte;17738;2;Site;Smartphone;Telefonia;4;2800;5;10640;Boleto;Sim;Não;4;Não;Não;January;29/01/2025
1305;C0204;58;F;Divorciado;Rio de Janeiro;Sudeste;14213;13;Site;Smartphone;Telefonia;4;2800;15;9520;Pix;Sim;Não;4;Não;Não;June;17/06/2025
1306;C0049;50;M;Divorciado;Manaus;Norte;14729;6;Loja;Headset;Informática;4;380;20;1216;Boleto;Sim;Não;4;Não;Sim;October;14/10/2025
1307;C0239;23;M;Casado;São Paulo;Sudeste;18714;7;Site;Smartphone;Telefonia;2;2800;10;5040;Pix;Sim;Sim;1;Sim;Não;January;09/01/2025
1308;C0792;20;F;Solteiro;Manaus;Norte;5837;7;Loja;Mouse;Informática;3;120;0;360;Pix;Não;Sim;4;Não;Não;October;25/10/2025
1309;C0021;27;F;Casado;Brasília;Centro-Oeste;8425;0;App;Impressora;Informática;4;950;10;3420;Cartão;Sim;Não;5;Não;Não;July;27/07/2025
1310;C0708;30;M;Solteiro;Fortaleza;Nordeste;4750;4;Site;Webcam;Informática;2;260;0;520;Boleto;Não;Sim;4;Não;Não;February;25/02/2025
1311;C0509;38;M;Solteiro;Fortaleza;Nordeste;17284;8;Site;Webcam;Informática;1;260;0;260;Cartão;Não;Não;5;Não;Não;March;11/03/2025
1312;C0800;24;F;Solteiro;São Paulo;Sudeste;12363;5;Loja;Monitor;Informática;3;1100;0;3300;Pix;Não;Não;5;Não;Não;July;16/07/2025
1313;C0073;68;M;Solteiro;Brasília;Centro-Oeste;9675;6;Loja;Headset;Informática;2;380;5;722;Boleto;Sim;Sim;3;Não;Não;November;23/11/2025
1314;C0534;21;M;Solteiro;Manaus;Norte;13832;6;Loja;Smartphone;Telefonia;4;2800;10;10080;Pix;Sim;Sim;5;Não;Não;June;29/06/2025
1315;C0333;62;M;Solteiro;Belém;Norte;18217;12;App;Smartwatch;Wearables;4;1600;10;5760;Cartão;Sim;Não;4;Não;Não;March;02/03/2025
1316;C0726;51;M;Casado;Recife;Nordeste;15994;9;App;Smartwatch;Wearables;3;1600;10;4320;Pix;Sim;Não;4;Não;Não;October;20/10/2025
1317;C0770;42;M;Solteiro;Recife;Nordeste;13363;9;App;Impressora;Informática;2;950;5;1805;Pix;Sim;Sim;5;Não;Não;January;09/01/2025
1318;C0189;40;M;Solteiro;Curitiba;Sul;18245;10;Site;Roteador;Redes;1;480;0;480;Boleto;Não;Sim;5;Não;Não;October;29/10/2025
1319;C0190;69;M;Casado;Rio de Janeiro;Sudeste;6866;7;Loja;Headset;Informática;4;380;0;1520;Pix;Não;Sim;5;Não;Não;October;23/10/2025
1320;C0365;19;M;Casado;Brasília;Centro-Oeste;5989;13;Loja;Mouse;Informática;2;120;5;228;Boleto;Sim;Não;5;Não;Não;June;21/06/2025
1321;C0115;53;F;Solteiro;Brasília;Centro-Oeste;14933;11;Site;Smartphone;Telefonia;4;2800;10;10080;Boleto;Sim;Não;5;Não;Não;July;26/07/2025
1322;C0171;29;F;Divorciado;Manaus;Norte;12659;10;App;Smartphone;Telefonia;2;2800;0;5600;Cartão;Não;Sim;1;Sim;Não;July;28/07/2025
1323;C0055;22;F;Solteiro;Fortaleza;Nordeste;8580;15;Loja;Teclado;Informática;2;220;0;440;Boleto;Não;Sim;5;Não;Não;May;13/05/2025
1324;C0025;39;F;Casado;Belém;Norte;2787;15;App;Roteador;Redes;4;480;20;1536;Pix;Sim;Não;5;Não;Sim;January;02/01/2025
1325;C0599;19;F;Solteiro;São Paulo;Sudeste;16587;11;App;Monitor;Informática;3;1100;10;2970;Boleto;Sim;Sim;4;Não;Não;January;06/01/2025
1326;C0492;37;F;Casado;Fortaleza;Nordeste;12344;11;Site;Headset;Informática;4;380;0;1520;Pix;Não;Não;3;Não;Não;August;11/08/2025
1327;C0281;47;F;Divorciado;Recife;Nordeste;10466;6;Loja;Notebook;Informática;3;4500;0;13500;Pix;Não;Sim;4;Não;Sim;April;13/04/2025
1328;C0495;65;M;Casado;Fortaleza;Nordeste;7757;4;App;Headset;Informática;1;380;15;323;Pix;Sim;Sim;5;Não;Não;March;01/03/2025
1329;C0451;30;F;Casado;Manaus;Norte;17603;14;App;Headset;Informática;3;380;0;1140;Boleto;Não;Sim;4;Não;Não;May;24/05/2025
1330;C0047;67;M;Divorciado;Rio de Janeiro;Sudeste;18645;13;Site;Webcam;Informática;1;260;0;260;Cartão;Não;Sim;4;Não;Não;August;25/08/2025
1331;C0700;50;M;Solteiro;Fortaleza;Nordeste;20224;1;App;Roteador;Redes;3;480;10;1296;Boleto;Sim;Não;3;Não;Não;December;17/12/2025
1332;C0332;66;M;Divorciado;Brasília;Centro-Oeste;5261;11;App;Mouse;Informática;2;120;10;216;Boleto;Sim;Sim;3;Não;Não;May;08/05/2025
1333;C0269;34;M;Solteiro;Recife;Nordeste;10402;13;Site;Headset;Informática;1;380;10;342;Cartão;Sim;Sim;4;Não;Não;October;26/10/2025
1334;C0489;70;M;Casado;Belém;Norte;20680;12;App;Webcam;Informática;1;260;5;247;Cartão;Sim;Sim;5;Não;Não;February;20/02/2025
1335;C0203;44;F;Solteiro;Belém;Norte;2221;15;App;Mouse;Informática;2;120;0;240;Boleto;Não;Sim;5;Não;Não;November;07/11/2025
1336;C0238;24;M;Casado;Brasília;Centro-Oeste;6621;15;Site;Monitor;Informática;4;1100;20;3520;Cartão;Sim;Sim;2;Sim;Não;October;22/10/2025
1337;C0132;57;M;Solteiro;Curitiba;Sul;2214;6;App;Headset;Informática;4;380;0;1520;Pix;Não;Sim;5;Não;Não;December;20/12/2025
1338;C0782;66;F;Solteiro;Fortaleza;Nordeste;7684;8;Site;Cadeira Gamer;Móveis;1;1800;10;1620;Pix;Sim;Sim;4;Não;Não;October;27/10/2025
1339;C0381;19;M;Casado;Brasília;Centro-Oeste;2751;5;App;Headset;Informática;4;380;0;1520;Cartão;Não;Sim;3;Não;Não;July;05/07/2025
1340;C0598;51;F;Casado;Manaus;Norte;10812;7;App;Smartphone;Telefonia;1;2800;15;2380;Boleto;Sim;Sim;4;Não;Não;September;15/09/2025
1341;C0602;35;M;Solteiro;Rio de Janeiro;Sudeste;12816;14;App;Roteador;Redes;1;480;0;480;Pix;Não;Não;3;Não;Não;May;06/05/2025
1342;C0011;47;F;Solteiro;Rio de Janeiro;Sudeste;21497;12;Loja;Smartwatch;Wearables;4;1600;15;5440;Boleto;Sim;Não;3;Não;Não;April;25/04/2025
1343;C0055;39;F;Casado;Fortaleza;Nordeste;5892;12;Loja;Roteador;Redes;4;480;5;1824;Pix;Sim;Não;5;Não;Não;March;18/03/2025
1344;C0651;60;M;Solteiro;Manaus;Norte;3272;2;App;Mouse;Informática;3;120;0;360;Pix;Não;Não;3;Não;Não;November;10/11/2025
1345;C0386;45;F;Divorciado;Curitiba;Sul;17716;4;Site;Teclado;Informática;3;220;10;594;Boleto;Sim;Sim;5;Não;Não;November;09/11/2025
1346;C0389;37;M;Solteiro;Curitiba;Sul;8161;9;Loja;Teclado;Informática;3;220;15;561;Pix;Sim;Não;3;Não;Não;March;17/03/2025
1347;C0312;28;F;Divorciado;Manaus;Norte;16932;5;Loja;Mouse;Informática;2;120;0;240;Pix;Não;Sim;5;Não;Não;February;25/02/2025
1348;C0667;69;F;Divorciado;Manaus;Norte;20560;10;Loja;Mouse;Informática;2;120;5;228;Cartão;Sim;Sim;4;Não;Não;February;18/02/2025
1349;C0783;56;F;Solteiro;Brasília;Centro-Oeste;15898;1;Loja;Teclado;Informática;3;220;10;594;Pix;Sim;Não;5;Não;Não;February;23/02/2025
1350;C0055;54;M;Divorciado;Belém;Norte;4727;3;Loja;Webcam;Informática;1;260;0;260;Pix;Não;Sim;3;Não;Não;September;01/09/2025
1351;C0528;60;M;Casado;Brasília;Centro-Oeste;19947;13;Site;SSD 1TB;Armazenamento;4;650;10;2340;Boleto;Sim;Sim;4;Não;Não;July;05/07/2025
1352;C0403;39;F;Casado;Recife;Nordeste;16819;2;App;Roteador;Redes;3;480;0;1440;Cartão;Não;Não;3;Não;Não;October;24/10/2025
1353;C0098;42;M;Solteiro;Curitiba;Sul;5563;4;Site;Notebook;Informática;3;4500;0;13500;Cartão;Não;Sim;3;Não;Não;August;23/08/2025
1354;C0269;20;F;Divorciado;Belém;Norte;13711;7;App;Notebook;Informática;3;4500;5;12825;Cartão;Sim;Não;1;Sim;Não;April;26/04/2025
1355;C0767;38;F;Solteiro;Curitiba;Sul;5827;11;Loja;Cadeira Gamer;Móveis;1;1800;10;1620;Boleto;Sim;Não;4;Não;Não;June;16/06/2025
1356;C0086;33;M;Divorciado;Fortaleza;Nordeste;8028;5;App;Mouse;Informática;4;120;0;480;Pix;Não;Não;1;Sim;Não;July;26/07/2025
1357;C0409;65;M;Divorciado;Manaus;Norte;19288;2;App;Mouse;Informática;3;120;5;342;Boleto;Sim;Não;5;Não;Não;March;11/03/2025
1358;C0526;46;F;Casado;Curitiba;Sul;21247;12;Loja;Smartwatch;Wearables;4;1600;0;6400;Boleto;Não;Sim;3;Não;Não;November;19/11/2025
1359;C0772;45;M;Solteiro;Rio de Janeiro;Sudeste;2609;15;Site;Mouse;Informática;1;120;0;120;Cartão;Não;Sim;5;Não;Não;June;29/06/2025
1360;C0550;46;F;Casado;Fortaleza;Nordeste;12903;1;Site;Teclado;Informática;4;220;10;792;Boleto;Sim;Não;5;Não;Não;January;10/01/2025
1361;C0615;62;M;Solteiro;Curitiba;Sul;7903;10;Loja;Teclado;Informática;1;220;0;220;Pix;Não;Sim;4;Não;Não;May;13/05/2025
1362;C0097;59;M;Divorciado;Rio de Janeiro;Sudeste;3206;10;Loja;Mouse;Informática;1;120;0;120;Boleto;Não;Sim;4;Não;Não;September;15/09/2025
1363;C0448;25;M;Divorciado;Fortaleza;Nordeste;14864;10;Site;Cadeira Gamer;Móveis;1;1800;10;1620;Pix;Sim;Sim;3;Não;Não;June;28/06/2025
1364;C0603;46;F;Divorciado;Manaus;Norte;5051;14;Loja;Smartphone;Telefonia;1;2800;15;2380;Boleto;Sim;Sim;5;Não;Não;October;11/10/2025
1365;C0656;37;F;Divorciado;Belém;Norte;7447;10;Loja;Impressora;Informática;3;950;0;2850;Pix;Não;Sim;2;Sim;Não;July;02/07/2025
1366;C0564;30;M;Solteiro;Belém;Norte;3403;10;Site;Headset;Informática;3;380;5;1083;Pix;Sim;Não;3;Não;Não;November;28/11/2025
1367;C0588;57;F;Solteiro;Belém;Norte;20397;14;Loja;Monitor;Informática;2;1100;5;2090;Boleto;Sim;Sim;1;Sim;Não;December;15/12/2025
1368;C0163;70;M;Solteiro;Brasília;Centro-Oeste;19127;14;App;Notebook;Informática;2;4500;10;8100;Boleto;Sim;Sim;5;Não;Não;March;28/03/2025
1369;C0509;46;F;Casado;Brasília;Centro-Oeste;2334;10;App;Monitor;Informática;3;1100;10;2970;Boleto;Sim;Sim;4;Não;Não;January;27/01/2025
1370;C0326;46;M;Casado;Recife;Nordeste;20841;2;Loja;Headset;Informática;2;380;0;760;Cartão;Não;Não;5;Não;Não;June;25/06/2025
1371;C0773;27;F;Divorciado;Brasília;Centro-Oeste;7479;7;App;SSD 1TB;Armazenamento;1;650;5;617,5;Boleto;Sim;Não;5;Não;Não;August;08/08/2025
1372;C0071;22;F;Casado;Brasília;Centro-Oeste;6959;15;Loja;Mouse;Informática;3;120;10;324;Boleto;Sim;Sim;5;Não;Não;January;13/01/2025
1373;C0446;70;M;Solteiro;Manaus;Norte;6563;0;Site;Smartphone;Telefonia;4;2800;10;10080;Cartão;Sim;Não;4;Não;Não;April;21/04/2025
1374;C0478;36;M;Divorciado;Manaus;Norte;4773;15;Site;Smartphone;Telefonia;3;2800;5;7980;Boleto;Sim;Sim;3;Não;Não;February;01/02/2025
1375;C0664;58;F;Solteiro;Recife;Nordeste;19591;5;App;Notebook;Informática;2;4500;15;7650;Boleto;Sim;Sim;2;Sim;Não;October;07/10/2025
1376;C0785;27;M;Divorciado;Belém;Norte;15732;8;App;Notebook;Informática;4;4500;10;16200;Pix;Sim;Sim;2;Sim;Sim;October;22/10/2025
1377;C0681;69;F;Divorciado;Rio de Janeiro;Sudeste;3347;3;App;Impressora;Informática;2;950;0;1900;Boleto;Não;Não;5;Não;Não;February;20/02/2025
1378;C0797;50;M;Divorciado;Brasília;Centro-Oeste;20029;6;Loja;Mouse;Informática;2;120;5;228;Cartão;Sim;Não;5;Não;Não;January;31/01/2025
1379;C0621;45;F;Divorciado;Belém;Norte;11173;1;App;Impressora;Informática;2;950;10;1710;Boleto;Sim;Não;4;Não;Não;September;24/09/2025
1380;C0382;66;F;Solteiro;Curitiba;Sul;21844;2;App;Smartphone;Telefonia;4;2800;20;8960;Pix;Sim;Não;5;Não;Não;March;28/03/2025
1381;C0733;36;F;Solteiro;Recife;Nordeste;18527;13;Loja;Roteador;Redes;3;480;10;1296;Pix;Sim;Sim;5;Não;Não;January;01/01/2025
1382;C0726;67;F;Casado;Curitiba;Sul;11877;15;Site;Notebook;Informática;3;4500;10;12150;Cartão;Sim;Sim;3;Não;Não;November;29/11/2025
1383;C0485;61;M;Divorciado;São Paulo;Sudeste;6703;1;Loja;Smartphone;Telefonia;1;2800;10;2520;Pix;Sim;Não;5;Não;Não;March;21/03/2025
1384;C0685;28;F;Solteiro;Rio de Janeiro;Sudeste;14888;5;Loja;Impressora;Informática;2;950;15;1615;Boleto;Sim;Não;2;Sim;Não;August;15/08/2025
1385;C0244;33;M;Solteiro;Belém;Norte;20277;10;App;Smartwatch;Wearables;2;1600;10;2880;Pix;Sim;Sim;4;Não;Não;May;27/05/2025
1386;C0258;29;M;Casado;Curitiba;Sul;17476;6;Site;Smartwatch;Wearables;1;1600;10;1440;Cartão;Sim;Sim;3;Não;Não;April;08/04/2025
1387;C0704;48;F;Divorciado;Manaus;Norte;15258;9;Loja;Smartphone;Telefonia;3;2800;20;6720;Boleto;Sim;Sim;4;Não;Não;June;24/06/2025
1388;C0209;56;M;Divorciado;Manaus;Norte;1817;13;App;Smartphone;Telefonia;3;2800;0;8400;Boleto;Não;Sim;5;Não;Não;July;12/07/2025
1389;C0186;48;F;Casado;Manaus;Norte;20532;1;App;Headset;Informática;2;380;10;684;Pix;Sim;Não;4;Não;Não;April;03/04/2025
1390;C0721;22;M;Casado;Manaus;Norte;2917;3;Site;Smartphone;Telefonia;2;2800;10;5040;Cartão;Sim;Sim;5;Não;Não;November;03/11/2025
1391;C0795;70;F;Casado;Manaus;Norte;16584;2;Loja;Headset;Informática;2;380;0;760;Cartão;Não;Não;5;Não;Não;January;20/01/2025
1392;C0536;39;M;Casado;Fortaleza;Nordeste;18453;11;App;SSD 1TB;Armazenamento;1;650;10;585;Cartão;Sim;Sim;3;Não;Não;April;29/04/2025
1393;C0357;59;F;Divorciado;Recife;Nordeste;7850;14;Loja;SSD 1TB;Armazenamento;4;650;0;2600;Cartão;Não;Sim;5;Não;Não;August;19/08/2025
1394;C0195;30;M;Casado;Manaus;Norte;7025;11;Site;Mouse;Informática;2;120;0;240;Pix;Não;Sim;5;Não;Não;April;04/04/2025
1395;C0710;31;F;Casado;Belém;Norte;12898;7;Site;Cadeira Gamer;Móveis;1;1800;15;1530;Cartão;Sim;Sim;4;Não;Não;March;11/03/2025
1396;C0232;48;M;Divorciado;Rio de Janeiro;Sudeste;8564;7;Site;Mouse;Informática;4;120;5;456;Cartão;Sim;Sim;5;Não;Não;April;16/04/2025
1397;C0397;37;M;Casado;Recife;Nordeste;7708;13;Loja;SSD 1TB;Armazenamento;4;650;5;2470;Boleto;Sim;Não;2;Sim;Não;May;31/05/2025
1398;C0253;62;F;Solteiro;Manaus;Norte;11187;14;App;Headset;Informática;1;380;15;323;Boleto;Sim;Sim;4;Não;Não;September;12/09/2025
1399;C0221;58;M;Divorciado;Brasília;Centro-Oeste;17096;4;Site;Notebook;Informática;3;4500;10;12150;Pix;Sim;Sim;3;Não;Não;April;23/04/2025
1400;C0352;29;F;Divorciado;Rio de Janeiro;Sudeste;11960;1;Site;Teclado;Informática;1;220;10;198;Pix;Sim;Não;2;Sim;Não;April;05/04/2025
1401;C0055;57;M;Divorciado;Brasília;Centro-Oeste;4186;7;Site;Cadeira Gamer;Móveis;3;1800;0;5400;Cartão;Não;Sim;4;Não;Não;September;19/09/2025
1402;C0390;51;M;Divorciado;Fortaleza;Nordeste;11127;15;App;Cadeira Gamer;Móveis;1;1800;0;1800;Cartão;Não;Não;3;Não;Não;December;02/12/2025
1403;C0517;50;M;Casado;Fortaleza;Nordeste;11656;3;Site;Teclado;Informática;2;220;0;440;Boleto;Não;Sim;5;Não;Não;August;24/08/2025
1404;C0105;40;M;Casado;Rio de Janeiro;Sudeste;18862;12;Site;Mouse;Informática;3;120;0;360;Cartão;Não;Não;3;Não;Não;September;27/09/2025
1405;C0272;24;F;Divorciado;Fortaleza;Nordeste;4948;7;Loja;Notebook;Informática;4;4500;5;17100;Boleto;Sim;Sim;4;Não;Não;February;22/02/2025
1406;C0182;46;F;Divorciado;Brasília;Centro-Oeste;6819;3;App;Mouse;Informática;2;120;0;240;Cartão;Não;Não;3;Não;Não;August;21/08/2025
1407;C0396;51;F;Casado;Manaus;Norte;10634;6;App;Headset;Informática;2;380;0;760;Cartão;Não;Não;5;Não;Não;May;18/05/2025
1408;C0403;39;M;Divorciado;São Paulo;Sudeste;6711;10;Loja;Smartphone;Telefonia;4;2800;5;10640;Cartão;Sim;Sim;5;Não;Não;May;22/05/2025
1409;C0569;35;F;Solteiro;Manaus;Norte;6436;3;App;Smartphone;Telefonia;2;2800;0;5600;Boleto;Não;Sim;4;Não;Não;November;16/11/2025
1410;C0433;32;F;Solteiro;Recife;Nordeste;14660;10;Loja;Roteador;Redes;1;480;15;408;Cartão;Sim;Não;5;Não;Não;June;26/06/2025
1411;C0037;69;F;Solteiro;Recife;Nordeste;7297;15;Loja;Smartwatch;Wearables;4;1600;0;6400;Boleto;Não;Sim;3;Não;Não;June;10/06/2025
1412;C0370;50;M;Casado;São Paulo;Sudeste;15467;2;App;Monitor;Informática;4;1100;0;4400;Cartão;Não;Não;5;Não;Não;April;17/04/2025
1413;C0484;28;M;Divorciado;Rio de Janeiro;Sudeste;5268;8;Site;Mouse;Informática;4;120;20;384;Pix;Sim;Sim;4;Não;Não;May;06/05/2025
1414;C0056;19;M;Solteiro;Manaus;Norte;11697;14;App;Notebook;Informática;4;4500;0;18000;Boleto;Não;Sim;3;Não;Não;February;26/02/2025
1415;C0327;23;M;Divorciado;Fortaleza;Nordeste;4351;15;Loja;Cadeira Gamer;Móveis;3;1800;0;5400;Cartão;Não;Sim;5;Não;Não;June;04/06/2025
1416;C0139;52;M;Solteiro;Brasília;Centro-Oeste;9777;2;Loja;Impressora;Informática;1;950;0;950;Cartão;Não;Não;4;Não;Não;February;09/02/2025
1417;C0713;34;F;Divorciado;Rio de Janeiro;Sudeste;19224;14;Site;Teclado;Informática;1;220;0;220;Boleto;Não;Sim;3;Não;Não;January;28/01/2025
1418;C0376;56;M;Casado;São Paulo;Sudeste;9615;6;Loja;Smartwatch;Wearables;1;1600;0;1600;Cartão;Não;Sim;5;Não;Não;March;15/03/2025
1419;C0758;20;F;Casado;Recife;Nordeste;16447;9;Loja;Smartphone;Telefonia;1;2800;0;2800;Boleto;Não;Não;4;Não;Não;April;04/04/2025
1420;C0164;21;F;Solteiro;São Paulo;Sudeste;2956;10;App;Monitor;Informática;1;1100;5;1045;Pix;Sim;Sim;4;Não;Não;May;22/05/2025
1421;C0556;45;M;Casado;São Paulo;Sudeste;6549;8;Loja;Monitor;Informática;2;1100;0;2200;Pix;Não;Não;5;Não;Não;April;29/04/2025
1422;C0297;52;F;Casado;Recife;Nordeste;13348;10;Loja;Monitor;Informática;1;1100;0;1100;Pix;Não;Sim;4;Não;Não;August;17/08/2025
1423;C0084;52;F;Casado;Fortaleza;Nordeste;21167;5;App;SSD 1TB;Armazenamento;3;650;10;1755;Cartão;Sim;Sim;3;Não;Não;February;25/02/2025
1424;C0134;26;F;Casado;Rio de Janeiro;Sudeste;20647;6;App;Cadeira Gamer;Móveis;2;1800;0;3600;Pix;Não;Sim;5;Não;Não;July;05/07/2025
1425;C0622;47;F;Solteiro;Manaus;Norte;18599;2;Site;Notebook;Informática;4;4500;0;18000;Pix;Não;Não;3;Não;Não;May;06/05/2025
1426;C0072;30;F;Solteiro;Rio de Janeiro;Sudeste;14184;8;App;Cadeira Gamer;Móveis;3;1800;0;5400;Boleto;Não;Sim;5;Não;Não;February;20/02/2025
1427;C0148;55;M;Divorciado;Curitiba;Sul;8228;5;App;Smartwatch;Wearables;2;1600;10;2880;Cartão;Sim;Não;5;Não;Não;February;07/02/2025
1428;C0001;49;M;Casado;Manaus;Norte;5422;5;App;Headset;Informática;1;380;0;380;Cartão;Não;Sim;5;Não;Não;February;08/02/2025
1429;C0515;63;M;Solteiro;Curitiba;Sul;18841;0;Loja;Teclado;Informática;3;220;15;561;Pix;Sim;Não;4;Não;Não;June;20/06/2025
1430;C0599;28;M;Casado;Curitiba;Sul;15080;12;App;Roteador;Redes;2;480;0;960;Pix;Não;Não;3;Não;Não;September;06/09/2025
1431;C0007;29;M;Divorciado;Manaus;Norte;14300;0;Site;Mouse;Informática;3;120;10;324;Pix;Sim;Não;2;Sim;Não;May;18/05/2025
1432;C0742;32;M;Divorciado;Recife;Nordeste;16855;11;Site;Roteador;Redes;1;480;0;480;Boleto;Não;Sim;3;Não;Não;August;20/08/2025
1433;C0508;41;F;Solteiro;Belém;Norte;3787;1;Loja;SSD 1TB;Armazenamento;2;650;15;1105;Pix;Sim;Não;2;Sim;Não;May;17/05/2025
1434;C0284;24;F;Solteiro;São Paulo;Sudeste;10550;0;Site;Smartwatch;Wearables;2;1600;10;2880;Cartão;Sim;Não;5;Não;Não;June;28/06/2025
1435;C0261;54;F;Divorciado;Fortaleza;Nordeste;14529;5;Loja;Smartphone;Telefonia;4;2800;10;10080;Cartão;Sim;Não;5;Não;Não;April;27/04/2025
1436;C0009;57;M;Casado;Belém;Norte;16693;11;Site;Cadeira Gamer;Móveis;1;1800;5;1710;Pix;Sim;Sim;3;Não;Não;May;20/05/2025
1437;C0406;45;F;Casado;Belém;Norte;19684;4;Loja;Headset;Informática;2;380;15;646;Pix;Sim;Sim;5;Não;Não;January;10/01/2025
1438;C0635;64;F;Solteiro;Curitiba;Sul;17564;0;Loja;Smartphone;Telefonia;2;2800;10;5040;Pix;Sim;Não;3;Não;Não;May;23/05/2025
1439;C0236;38;M;Solteiro;Manaus;Norte;3935;14;Site;Notebook;Informática;4;4500;20;14400;Cartão;Sim;Não;4;Não;Não;February;04/02/2025
1440;C0612;37;M;Casado;Curitiba;Sul;17742;12;App;Cadeira Gamer;Móveis;2;1800;0;3600;Cartão;Não;Sim;4;Não;Não;December;31/12/2025
1441;C0346;58;M;Divorciado;Manaus;Norte;3214;10;App;Mouse;Informática;2;120;10;216;Boleto;Sim;Sim;1;Sim;Não;December;26/12/2025
1442;C0282;25;M;Solteiro;Rio de Janeiro;Sudeste;7494;4;App;Monitor;Informática;1;1100;0;1100;Pix;Não;Sim;3;Não;Não;December;13/12/2025
1443;C0591;70;F;Solteiro;Curitiba;Sul;7877;5;App;Headset;Informática;3;380;5;1083;Cartão;Sim;Não;3;Não;Não;July;08/07/2025
1444;C0420;22;M;Solteiro;Manaus;Norte;4346;8;Site;Smartphone;Telefonia;4;2800;5;10640;Cartão;Sim;Sim;2;Sim;Não;August;07/08/2025
1445;C0022;56;F;Casado;Manaus;Norte;11644;10;App;Smartphone;Telefonia;2;2800;5;5320;Cartão;Sim;Não;3;Não;Não;August;19/08/2025
1446;C0747;39;F;Divorciado;Rio de Janeiro;Sudeste;16097;2;Loja;Headset;Informática;4;380;0;1520;Pix;Não;Não;5;Não;Não;May;07/05/2025
1447;C0131;59;F;Casado;Manaus;Norte;19557;1;Site;Headset;Informática;3;380;10;1026;Pix;Sim;Não;5;Não;Não;January;05/01/2025
1448;C0200;49;F;Solteiro;Fortaleza;Nordeste;12910;7;App;Teclado;Informática;1;220;10;198;Cartão;Sim;Não;5;Não;Não;June;25/06/2025
1449;C0527;47;M;Divorciado;Fortaleza;Nordeste;4589;1;App;Monitor;Informática;1;1100;10;990;Boleto;Sim;Não;5;Não;Não;June;21/06/2025
1450;C0003;56;F;Casado;Brasília;Centro-Oeste;15627;4;App;Impressora;Informática;4;950;0;3800;Boleto;Não;Sim;5;Não;Não;May;09/05/2025
1451;C0756;21;F;Casado;Brasília;Centro-Oeste;3594;3;Loja;Webcam;Informática;4;260;10;936;Pix;Sim;Sim;4;Não;Não;May;22/05/2025
1452;C0202;43;F;Divorciado;Recife;Nordeste;18145;5;Site;Smartphone;Telefonia;4;2800;0;11200;Cartão;Não;Sim;4;Não;Não;September;24/09/2025
1453;C0233;22;M;Solteiro;Rio de Janeiro;Sudeste;12446;11;App;Mouse;Informática;3;120;5;342;Pix;Sim;Não;4;Não;Não;February;27/02/2025
1454;C0081;20;F;Casado;Curitiba;Sul;9378;8;Loja;Smartphone;Telefonia;1;2800;0;2800;Pix;Não;Sim;5;Não;Não;October;09/10/2025
1455;C0497;63;M;Solteiro;Recife;Nordeste;3958;8;Site;SSD 1TB;Armazenamento;1;650;5;617,5;Pix;Sim;Sim;5;Não;Não;March;09/03/2025
1456;C0677;53;M;Casado;Curitiba;Sul;9276;11;Site;Cadeira Gamer;Móveis;1;1800;0;1800;Pix;Não;Não;4;Não;Não;September;16/09/2025
1457;C0456;68;M;Solteiro;Rio de Janeiro;Sudeste;5920;3;Site;Monitor;Informática;4;1100;0;4400;Pix;Não;Sim;3;Não;Não;August;18/08/2025
1458;C0105;67;M;Solteiro;Fortaleza;Nordeste;16862;6;App;Webcam;Informática;2;260;5;494;Cartão;Sim;Sim;5;Não;Não;May;15/05/2025
1459;C0765;18;M;Solteiro;Recife;Nordeste;11466;8;Site;Smartwatch;Wearables;4;1600;5;6080;Boleto;Sim;Não;3;Não;Não;November;03/11/2025
1460;C0238;57;F;Divorciado;Manaus;Norte;9797;15;Site;Smartphone;Telefonia;3;2800;5;7980;Boleto;Sim;Sim;4;Não;Não;March;30/03/2025
1461;C0753;63;F;Solteiro;Curitiba;Sul;8498;8;App;Smartwatch;Wearables;2;1600;20;2560;Boleto;Sim;Não;4;Não;Não;September;06/09/2025
1462;C0397;50;M;Divorciado;Recife;Nordeste;21370;10;App;SSD 1TB;Armazenamento;2;650;10;1170;Cartão;Sim;Sim;5;Não;Não;July;21/07/2025
1463;C0761;24;F;Solteiro;Recife;Nordeste;11589;8;App;Headset;Informática;2;380;5;722;Boleto;Sim;Sim;4;Não;Não;December;20/12/2025
1464;C0428;57;F;Casado;São Paulo;Sudeste;10259;7;Site;Monitor;Informática;3;1100;5;3135;Pix;Sim;Não;4;Não;Não;November;07/11/2025
1465;C0468;68;M;Casado;Rio de Janeiro;Sudeste;14210;2;Loja;Notebook;Informática;3;4500;15;11475;Boleto;Sim;Não;5;Não;Não;August;10/08/2025
1466;C0016;69;F;Solteiro;Recife;Nordeste;2552;14;App;Cadeira Gamer;Móveis;3;1800;0;5400;Boleto;Não;Não;4;Não;Não;March;15/03/2025
1467;C0060;34;F;Casado;Recife;Nordeste;4292;13;Loja;Mouse;Informática;2;120;5;228;Boleto;Sim;Não;3;Não;Não;June;17/06/2025
1468;C0635;27;M;Casado;Brasília;Centro-Oeste;21891;12;App;Mouse;Informática;4;120;5;456;Pix;Sim;Sim;2;Sim;Não;June;22/06/2025
1469;C0123;38;F;Casado;Fortaleza;Nordeste;13201;1;Loja;SSD 1TB;Armazenamento;1;650;10;585;Cartão;Sim;Não;4;Não;Não;September;19/09/2025
1470;C0337;21;F;Solteiro;São Paulo;Sudeste;10996;7;Site;Monitor;Informática;4;1100;5;4180;Pix;Sim;Sim;3;Não;Não;November;23/11/2025
1471;C0128;31;F;Casado;Curitiba;Sul;18817;2;Site;Smartphone;Telefonia;1;2800;15;2380;Pix;Sim;Não;5;Não;Não;April;28/04/2025
1472;C0246;68;M;Casado;São Paulo;Sudeste;7951;11;App;Smartphone;Telefonia;1;2800;15;2380;Cartão;Sim;Sim;4;Não;Não;April;21/04/2025
1473;C0465;65;F;Solteiro;São Paulo;Sudeste;21273;2;App;Monitor;Informática;2;1100;0;2200;Pix;Não;Não;1;Sim;Não;September;22/09/2025
1474;C0397;58;M;Divorciado;Fortaleza;Nordeste;17855;7;Site;Teclado;Informática;3;220;0;660;Cartão;Não;Sim;5;Não;Não;August;21/08/2025
1475;C0121;24;F;Divorciado;Curitiba;Sul;11617;8;Loja;Webcam;Informática;4;260;10;936;Cartão;Sim;Não;5;Não;Não;October;13/10/2025
1476;C0232;70;F;Casado;Manaus;Norte;19904;0;Loja;Headset;Informática;4;380;10;1368;Pix;Sim;Não;4;Não;Não;August;22/08/2025
1477;C0183;46;M;Divorciado;Fortaleza;Nordeste;12735;9;App;Roteador;Redes;2;480;20;768;Cartão;Sim;Sim;3;Não;Não;January;23/01/2025
1478;C0398;48;M;Casado;Belém;Norte;9443;13;Loja;Roteador;Redes;2;480;20;768;Boleto;Sim;Sim;5;Não;Não;February;13/02/2025
1479;C0151;18;M;Solteiro;Curitiba;Sul;20498;5;App;Cadeira Gamer;Móveis;1;1800;10;1620;Cartão;Sim;Sim;5;Não;Não;January;18/01/2025
1480;C0168;45;F;Casado;Belém;Norte;14484;5;App;Monitor;Informática;2;1100;0;2200;Pix;Não;Sim;4;Não;Não;August;21/08/2025
1481;C0234;44;M;Divorciado;Fortaleza;Nordeste;7548;2;Site;Webcam;Informática;3;260;0;780;Pix;Não;Não;4;Não;Não;August;19/08/2025
1482;C0384;64;M;Casado;Rio de Janeiro;Sudeste;15245;2;App;Roteador;Redes;2;480;5;912;Cartão;Sim;Não;3;Não;Não;January;02/01/2025
1483;C0152;21;F;Divorciado;Rio de Janeiro;Sudeste;12047;10;Loja;Teclado;Informática;4;220;0;880;Cartão;Não;Sim;4;Não;Não;February;10/02/2025
1484;C0072;37;F;Solteiro;Manaus;Norte;11835;1;Site;Notebook;Informática;3;4500;10;12150;Boleto;Sim;Não;4;Não;Não;March;24/03/2025
1485;C0380;21;M;Solteiro;Manaus;Norte;3458;5;Site;Notebook;Informática;1;4500;15;3825;Boleto;Sim;Sim;4;Não;Não;November;16/11/2025
1486;C0543;54;M;Casado;Brasília;Centro-Oeste;6181;13;Site;Roteador;Redes;3;480;0;1440;Pix;Não;Sim;4;Não;Não;January;04/01/2025
1487;C0510;36;F;Solteiro;Brasília;Centro-Oeste;4121;15;Site;Cadeira Gamer;Móveis;2;1800;15;3060;Pix;Sim;Sim;4;Não;Não;January;07/01/2025
1488;C0382;47;F;Divorciado;Manaus;Norte;9324;3;App;Notebook;Informática;1;4500;0;4500;Pix;Não;Sim;5;Não;Não;June;08/06/2025
1489;C0754;45;M;Solteiro;Fortaleza;Nordeste;7324;5;Loja;Roteador;Redes;1;480;0;480;Cartão;Não;Sim;5;Não;Não;July;27/07/2025
1490;C0729;32;F;Casado;Manaus;Norte;13503;14;App;Headset;Informática;2;380;0;760;Boleto;Não;Não;1;Sim;Não;September;28/09/2025
1491;C0647;42;F;Divorciado;Manaus;Norte;3214;5;Site;Notebook;Informática;1;4500;0;4500;Boleto;Não;Sim;3;Não;Não;November;08/11/2025
1492;C0158;43;F;Solteiro;Brasília;Centro-Oeste;7730;12;Site;Smartwatch;Wearables;2;1600;0;3200;Boleto;Não;Não;2;Sim;Não;July;09/07/2025
1493;C0214;59;F;Casado;Manaus;Norte;9971;11;Site;Smartphone;Telefonia;4;2800;5;10640;Cartão;Sim;Sim;5;Não;Não;November;05/11/2025
1494;C0010;66;F;Divorciado;Belém;Norte;18375;2;Site;Headset;Informática;2;380;5;722;Cartão;Sim;Não;5;Não;Não;August;17/08/2025
1495;C0185;63;F;Casado;Rio de Janeiro;Sudeste;19158;0;Loja;Notebook;Informática;1;4500;10;4050;Pix;Sim;Não;5;Não;Não;November;03/11/2025
1496;C0291;33;M;Solteiro;Belém;Norte;15528;15;Loja;Impressora;Informática;3;950;0;2850;Cartão;Não;Sim;5;Não;Não;May;20/05/2025
1497;C0097;37;M;Divorciado;Manaus;Norte;19782;7;Site;Notebook;Informática;3;4500;5;12825;Boleto;Sim;Sim;4;Não;Não;October;12/10/2025
1498;C0299;47;M;Solteiro;Belém;Norte;20035;8;Loja;SSD 1TB;Armazenamento;2;650;0;1300;Pix;Não;Sim;4;Não;Não;October;12/10/2025
1499;C0591;45;F;Divorciado;Recife;Nordeste;11119;7;App;Roteador;Redes;1;480;5;456;Pix;Sim;Sim;4;Não;Não;April;20/04/2025
1500;C0006;58;M;Solteiro;Rio de Janeiro;Sudeste;14195;12;Loja;Smartphone;Telefonia;4;2800;0;11200;Cartão;Não;Sim;3;Não;Não;April;17/04/2025
1501;C0441;29;M;Solteiro;São Paulo;Sudeste;20696;9;Loja;Smartwatch;Wearables;2;1600;0;3200;Pix;Não;Não;4;Não;Não;November;07/11/2025
1502;C0436;58;F;Casado;Rio de Janeiro;Sudeste;2771;1;Loja;Webcam;Informática;3;260;10;702;Cartão;Sim;Não;4;Não;Não;October;05/10/2025
1503;C0452;29;F;Divorciado;Curitiba;Sul;17577;0;App;Webcam;Informática;2;260;10;468;Boleto;Sim;Não;2;Sim;Não;March;03/03/2025
1504;C0328;41;M;Divorciado;Fortaleza;Nordeste;2555;4;App;Monitor;Informática;1;1100;10;990;Boleto;Sim;Sim;5;Não;Não;October;28/10/2025
1505;C0779;20;M;Casado;Manaus;Norte;12777;5;App;Smartphone;Telefonia;1;2800;15;2380;Pix;Sim;Sim;5;Não;Não;November;12/11/2025
1506;C0416;45;F;Casado;Manaus;Norte;7958;6;App;Notebook;Informática;3;4500;0;13500;Boleto;Não;Não;4;Não;Não;April;25/04/2025
1507;C0456;39;F;Casado;Curitiba;Sul;17122;15;Loja;Webcam;Informática;4;260;5;988;Boleto;Sim;Sim;5;Não;Não;June;21/06/2025
1508;C0345;43;F;Solteiro;Manaus;Norte;18852;10;Site;Mouse;Informática;1;120;0;120;Boleto;Não;Sim;5;Não;Não;October;13/10/2025
1509;C0103;41;M;Divorciado;São Paulo;Sudeste;11523;15;App;SSD 1TB;Armazenamento;1;650;0;650;Pix;Não;Sim;4;Não;Não;December;03/12/2025
1510;C0209;40;F;Solteiro;Recife;Nordeste;18488;1;App;Smartwatch;Wearables;4;1600;15;5440;Pix;Sim;Não;5;Não;Não;February;02/02/2025
1511;C0376;67;F;Solteiro;Manaus;Norte;12666;1;Loja;Mouse;Informática;2;120;10;216;Cartão;Sim;Não;5;Não;Não;December;12/12/2025
1512;C0586;49;M;Casado;Belém;Norte;8153;7;Site;Mouse;Informática;2;120;0;240;Cartão;Não;Não;5;Não;Não;July;20/07/2025
1513;C0417;67;F;Solteiro;Manaus;Norte;19584;6;App;Mouse;Informática;4;120;0;480;Boleto;Não;Não;2;Sim;Não;March;13/03/2025
1514;C0523;49;F;Casado;Rio de Janeiro;Sudeste;2007;7;Loja;Roteador;Redes;3;480;0;1440;Boleto;Não;Sim;4;Não;Não;September;06/09/2025
1515;C0740;69;F;Solteiro;São Paulo;Sudeste;11093;9;App;SSD 1TB;Armazenamento;4;650;20;2080;Cartão;Sim;Não;3;Não;Não;September;02/09/2025
1516;C0502;25;F;Divorciado;Manaus;Norte;20018;12;Site;Smartphone;Telefonia;1;2800;0;2800;Boleto;Não;Não;3;Não;Não;July;04/07/2025
1517;C0145;67;F;Divorciado;São Paulo;Sudeste;18472;13;Site;SSD 1TB;Armazenamento;3;650;10;1755;Cartão;Sim;Sim;4;Não;Não;April;05/04/2025
1518;C0672;44;F;Solteiro;Manaus;Norte;16976;6;App;Mouse;Informática;1;120;0;120;Boleto;Não;Sim;2;Sim;Não;April;23/04/2025
1519;C0668;30;M;Solteiro;Brasília;Centro-Oeste;9700;15;Site;Headset;Informática;3;380;15;969;Pix;Sim;Sim;3;Não;Não;December;27/12/2025
1520;C0151;45;M;Divorciado;Recife;Nordeste;3504;6;Loja;Mouse;Informática;2;120;0;240;Boleto;Não;Não;3;Não;Não;March;22/03/2025
1521;C0470;40;M;Solteiro;Rio de Janeiro;Sudeste;7885;3;App;Roteador;Redes;2;480;15;816;Pix;Sim;Sim;3;Não;Não;September;01/09/2025
1522;C0644;52;M;Casado;São Paulo;Sudeste;13545;9;Loja;Smartwatch;Wearables;2;1600;5;3040;Boleto;Sim;Sim;4;Não;Não;February;07/02/2025
1523;C0084;33;F;Casado;Belém;Norte;6483;1;Loja;Monitor;Informática;3;1100;10;2970;Pix;Sim;Não;3;Não;Não;February;20/02/2025
1524;C0194;56;M;Casado;Rio de Janeiro;Sudeste;14749;11;App;SSD 1TB;Armazenamento;1;650;5;617,5;Boleto;Sim;Não;2;Sim;Não;April;02/04/2025
1525;C0235;57;M;Casado;São Paulo;Sudeste;4982;3;Site;Smartphone;Telefonia;3;2800;10;7560;Boleto;Sim;Sim;3;Não;Não;May;04/05/2025
1526;C0644;62;M;Solteiro;Rio de Janeiro;Sudeste;17488;15;Loja;Smartphone;Telefonia;4;2800;20;8960;Boleto;Sim;Não;4;Não;Não;October;11/10/2025
1527;C0001;21;F;Solteiro;São Paulo;Sudeste;12030;15;App;Smartwatch;Wearables;3;1600;10;4320;Pix;Sim;Não;5;Não;Não;September;09/09/2025
1528;C0320;41;M;Divorciado;Brasília;Centro-Oeste;11834;13;Loja;Smartwatch;Wearables;2;1600;0;3200;Pix;Não;Sim;5;Não;Não;May;13/05/2025
1529;C0784;64;M;Divorciado;Curitiba;Sul;15348;12;App;SSD 1TB;Armazenamento;4;650;0;2600;Cartão;Não;Sim;5;Não;Não;June;28/06/2025
1530;C0326;63;M;Casado;Curitiba;Sul;7316;11;Loja;Impressora;Informática;1;950;20;760;Cartão;Sim;Sim;5;Não;Não;October;22/10/2025
1531;C0163;19;M;Casado;Rio de Janeiro;Sudeste;10861;15;Loja;SSD 1TB;Armazenamento;4;650;0;2600;Pix;Não;Sim;4;Não;Não;November;03/11/2025
1532;C0556;69;M;Solteiro;São Paulo;Sudeste;3867;10;Loja;Smartphone;Telefonia;4;2800;0;11200;Boleto;Não;Sim;1;Sim;Não;September;11/09/2025
1533;C0692;51;F;Divorciado;Curitiba;Sul;10312;1;App;Smartphone;Telefonia;3;2800;10;7560;Cartão;Sim;Não;3;Não;Não;November;25/11/2025
1534;C0043;47;F;Solteiro;Manaus;Norte;6472;8;App;Mouse;Informática;2;120;5;228;Boleto;Sim;Sim;4;Não;Não;April;03/04/2025
1535;C0063;69;M;Solteiro;Rio de Janeiro;Sudeste;14127;12;Loja;Cadeira Gamer;Móveis;2;1800;0;3600;Cartão;Não;Sim;5;Não;Não;February;17/02/2025
1536;C0481;19;M;Divorciado;Brasília;Centro-Oeste;9897;8;Loja;Smartwatch;Wearables;3;1600;5;4560;Boleto;Sim;Não;3;Não;Não;November;09/11/2025
1537;C0238;43;F;Casado;Recife;Nordeste;11636;5;Site;Teclado;Informática;2;220;10;396;Cartão;Sim;Sim;2;Sim;Não;October;24/10/2025
1538;C0299;39;F;Solteiro;São Paulo;Sudeste;16984;3;Loja;Smartphone;Telefonia;1;2800;20;2240;Pix;Sim;Não;4;Não;Não;February;19/02/2025
1539;C0442;46;F;Divorciado;Curitiba;Sul;9022;4;App;Teclado;Informática;3;220;20;528;Boleto;Sim;Não;5;Não;Não;June;11/06/2025
1540;C0259;61;M;Casado;Recife;Nordeste;2819;7;Site;Headset;Informática;2;380;10;684;Cartão;Sim;Sim;5;Não;Não;June;16/06/2025
1541;C0478;66;F;Divorciado;Fortaleza;Nordeste;11291;13;App;Smartphone;Telefonia;2;2800;0;5600;Pix;Não;Sim;5;Não;Não;March;06/03/2025
1542;C0768;35;M;Solteiro;Recife;Nordeste;15156;5;App;Headset;Informática;2;380;10;684;Cartão;Sim;Não;5;Não;Não;March;31/03/2025
1543;C0617;36;M;Solteiro;Brasília;Centro-Oeste;9583;11;Loja;SSD 1TB;Armazenamento;4;650;10;2340;Cartão;Sim;Não;4;Não;Não;March;03/03/2025
1544;C0250;52;M;Casado;Fortaleza;Nordeste;7830;13;Loja;Webcam;Informática;2;260;0;520;Cartão;Não;Sim;5;Não;Não;September;05/09/2025
1545;C0170;55;F;Casado;Recife;Nordeste;19677;14;Loja;Headset;Informática;4;380;10;1368;Cartão;Sim;Não;3;Não;Não;April;15/04/2025
1546;C0601;30;F;Divorciado;Rio de Janeiro;Sudeste;14193;0;App;SSD 1TB;Armazenamento;2;650;15;1105;Boleto;Sim;Não;5;Não;Não;January;02/01/2025
1547;C0392;42;F;Casado;Brasília;Centro-Oeste;3144;8;Loja;Smartwatch;Wearables;1;1600;0;1600;Boleto;Não;Sim;5;Não;Não;April;18/04/2025
1548;C0497;62;M;Divorciado;Recife;Nordeste;16821;2;App;Headset;Informática;2;380;15;646;Pix;Sim;Não;5;Não;Não;October;28/10/2025
1549;C0285;20;M;Divorciado;Fortaleza;Nordeste;6812;3;Site;Headset;Informática;3;380;5;1083;Boleto;Sim;Sim;5;Não;Não;October;11/10/2025
1550;C0222;32;F;Casado;Curitiba;Sul;18910;7;App;Smartphone;Telefonia;3;2800;0;8400;Pix;Não;Sim;3;Não;Não;March;15/03/2025
1551;C0666;30;F;Divorciado;Curitiba;Sul;21261;8;Loja;Smartwatch;Wearables;3;1600;15;4080;Boleto;Sim;Sim;5;Não;Não;January;26/01/2025
1552;C0315;25;F;Divorciado;Recife;Nordeste;15286;7;App;Notebook;Informática;2;4500;0;9000;Cartão;Não;Não;5;Não;Não;December;12/12/2025
1553;C0119;49;M;Solteiro;Belém;Norte;19023;0;Loja;Smartphone;Telefonia;2;2800;10;5040;Pix;Sim;Não;4;Não;Não;November;15/11/2025
1554;C0096;26;F;Solteiro;Manaus;Norte;9206;13;Loja;Mouse;Informática;4;120;5;456;Boleto;Sim;Sim;4;Não;Não;March;10/03/2025
1555;C0133;42;F;Casado;São Paulo;Sudeste;5843;10;Site;Smartphone;Telefonia;3;2800;5;7980;Cartão;Sim;Sim;5;Não;Não;March;31/03/2025
1556;C0449;38;F;Solteiro;Recife;Nordeste;6472;11;Loja;Teclado;Informática;4;220;5;836;Boleto;Sim;Não;4;Não;Não;August;07/08/2025
1557;C0235;21;M;Divorciado;Belém;Norte;10372;4;Loja;Webcam;Informática;3;260;0;780;Pix;Não;Sim;5;Não;Não;August;25/08/2025
1558;C0610;51;F;Divorciado;Curitiba;Sul;17200;0;Loja;Mouse;Informática;4;120;10;432;Pix;Sim;Não;3;Não;Não;December;25/12/2025
1559;C0133;51;M;Divorciado;São Paulo;Sudeste;4399;4;App;Smartphone;Telefonia;1;2800;15;2380;Pix;Sim;Não;4;Não;Não;September;12/09/2025
1560;C0223;29;F;Solteiro;Rio de Janeiro;Sudeste;15250;5;Loja;Roteador;Redes;1;480;0;480;Pix;Não;Não;3;Não;Não;March;11/03/2025
1561;C0702;24;M;Casado;Brasília;Centro-Oeste;12430;12;Site;Smartphone;Telefonia;3;2800;5;7980;Pix;Sim;Sim;5;Não;Não;August;08/08/2025
1562;C0674;58;M;Casado;Curitiba;Sul;14793;9;Loja;Headset;Informática;3;380;10;1026;Cartão;Sim;Sim;2;Sim;Não;October;05/10/2025
1563;C0552;44;M;Solteiro;Fortaleza;Nordeste;20486;11;App;Smartphone;Telefonia;1;2800;10;2520;Cartão;Sim;Não;5;Não;Não;February;21/02/2025
1564;C0161;20;M;Solteiro;Belém;Norte;13083;0;App;Impressora;Informática;3;950;10;2565;Cartão;Sim;Não;5;Não;Não;September;18/09/2025
1565;C0330;53;M;Solteiro;Recife;Nordeste;9361;3;App;SSD 1TB;Armazenamento;1;650;0;650;Pix;Não;Sim;4;Não;Não;September;21/09/2025
1566;C0592;20;F;Casado;Belém;Norte;8105;11;Site;Notebook;Informática;4;4500;10;16200;Cartão;Sim;Não;4;Não;Não;July;03/07/2025
1567;C0391;44;F;Divorciado;Manaus;Norte;12164;13;Loja;Smartphone;Telefonia;2;2800;5;5320;Boleto;Sim;Sim;5;Não;Não;August;16/08/2025
1568;C0542;51;M;Solteiro;Curitiba;Sul;19116;12;Site;Cadeira Gamer;Móveis;3;1800;0;5400;Cartão;Não;Sim;5;Não;Não;November;21/11/2025
1569;C0023;56;F;Solteiro;São Paulo;Sudeste;21449;12;Site;SSD 1TB;Armazenamento;2;650;0;1300;Boleto;Não;Não;4;Não;Não;April;27/04/2025
1570;C0307;23;F;Casado;Recife;Nordeste;15975;5;Loja;Teclado;Informática;2;220;0;440;Boleto;Não;Sim;4;Não;Não;December;01/12/2025
1571;C0550;46;M;Casado;Curitiba;Sul;5339;1;App;Monitor;Informática;3;1100;10;2970;Boleto;Sim;Não;3;Não;Não;December;31/12/2025
1572;C0151;32;M;Solteiro;Manaus;Norte;10714;8;Site;Notebook;Informática;1;4500;5;4275;Boleto;Sim;Sim;4;Não;Não;June;21/06/2025
1573;C0071;32;F;Divorciado;Curitiba;Sul;12470;13;Loja;Smartwatch;Wearables;3;1600;0;4800;Cartão;Não;Sim;5;Não;Não;March;04/03/2025
1574;C0064;69;F;Casado;Curitiba;Sul;15361;12;Loja;Webcam;Informática;1;260;0;260;Boleto;Não;Sim;3;Não;Não;January;25/01/2025
1575;C0309;32;F;Divorciado;Recife;Nordeste;10924;11;Loja;Smartphone;Telefonia;2;2800;0;5600;Boleto;Não;Sim;5;Não;Não;August;03/08/2025
1576;C0399;34;M;Divorciado;Recife;Nordeste;5775;7;Site;Mouse;Informática;3;120;20;288;Cartão;Sim;Sim;4;Não;Não;October;05/10/2025
1577;C0017;59;F;Casado;Belém;Norte;12174;1;Loja;Headset;Informática;1;380;10;342;Pix;Sim;Não;3;Não;Não;April;27/04/2025
1578;C0663;29;F;Divorciado;Manaus;Norte;13053;7;Site;Headset;Informática;3;380;0;1140;Cartão;Não;Sim;5;Não;Não;February;07/02/2025
1579;C0048;33;M;Casado;Manaus;Norte;6455;5;Site;Notebook;Informática;4;4500;15;15300;Cartão;Sim;Sim;3;Não;Não;December;22/12/2025
1580;C0709;60;F;Divorciado;Fortaleza;Nordeste;8821;6;App;Webcam;Informática;3;260;0;780;Boleto;Não;Sim;3;Não;Não;December;30/12/2025
1581;C0485;48;F;Solteiro;São Paulo;Sudeste;18808;7;App;Monitor;Informática;3;1100;0;3300;Cartão;Não;Sim;1;Sim;Não;December;17/12/2025
1582;C0232;36;F;Solteiro;São Paulo;Sudeste;19897;9;Site;Monitor;Informática;3;1100;5;3135;Boleto;Sim;Sim;5;Não;Não;May;03/05/2025
1583;C0483;49;F;Solteiro;Curitiba;Sul;5879;10;App;Teclado;Informática;4;220;0;880;Pix;Não;Sim;3;Não;Não;November;10/11/2025
1584;C0387;58;F;Casado;Belém;Norte;14417;7;Site;SSD 1TB;Armazenamento;1;650;0;650;Pix;Não;Não;3;Não;Não;September;10/09/2025
1585;C0078;30;F;Solteiro;Recife;Nordeste;18528;0;Site;Mouse;Informática;3;120;10;324;Pix;Sim;Não;2;Sim;Não;November;19/11/2025
1586;C0205;54;F;Casado;Fortaleza;Nordeste;14457;0;Site;Smartwatch;Wearables;4;1600;10;5760;Pix;Sim;Não;4;Não;Não;June;07/06/2025
1587;C0261;18;M;Solteiro;Brasília;Centro-Oeste;5347;0;Site;SSD 1TB;Armazenamento;2;650;10;1170;Pix;Sim;Não;4;Não;Não;June;05/06/2025
1588;C0699;56;F;Solteiro;Recife;Nordeste;7721;5;Loja;Teclado;Informática;1;220;0;220;Boleto;Não;Não;4;Não;Não;March;20/03/2025
1589;C0145;42;F;Casado;Fortaleza;Nordeste;4244;5;Loja;Notebook;Informática;4;4500;0;18000;Cartão;Não;Não;4;Não;Não;April;21/04/2025
1590;C0275;70;M;Solteiro;Belém;Norte;9429;5;Site;Smartwatch;Wearables;4;1600;10;5760;Pix;Sim;Sim;3;Não;Não;March;20/03/2025
1591;C0770;39;M;Divorciado;Brasília;Centro-Oeste;14694;13;Loja;SSD 1TB;Armazenamento;3;650;15;1657,5;Boleto;Sim;Não;4;Não;Não;March;15/03/2025
1592;C0225;30;F;Divorciado;Belém;Norte;6828;14;App;Teclado;Informática;3;220;0;660;Boleto;Não;Sim;5;Não;Não;October;02/10/2025
1593;C0154;40;F;Divorciado;Recife;Nordeste;8364;2;Site;Webcam;Informática;4;260;5;988;Cartão;Sim;Não;5;Não;Não;August;06/08/2025
1594;C0109;52;M;Casado;Curitiba;Sul;12168;14;Site;Notebook;Informática;1;4500;5;4275;Pix;Sim;Não;5;Não;Não;February;06/02/2025
1595;C0119;33;M;Casado;Manaus;Norte;14399;1;Loja;Mouse;Informática;2;120;10;216;Pix;Sim;Não;2;Sim;Não;February;05/02/2025
1596;C0096;54;F;Divorciado;Manaus;Norte;18604;9;Site;Notebook;Informática;2;4500;10;8100;Cartão;Sim;Sim;3;Não;Não;February;01/02/2025
1597;C0020;54;M;Casado;Recife;Nordeste;6062;1;Loja;Mouse;Informática;4;120;10;432;Boleto;Sim;Não;4;Não;Não;September;20/09/2025
1598;C0333;29;F;Casado;Recife;Nordeste;4172;0;App;Smartphone;Telefonia;3;2800;10;7560;Pix;Sim;Não;5;Não;Não;December;18/12/2025
1599;C0483;36;F;Solteiro;Brasília;Centro-Oeste;6223;13;App;Smartphone;Telefonia;3;2800;0;8400;Boleto;Não;Sim;4;Não;Não;June;22/06/2025
1600;C0122;26;F;Divorciado;Curitiba;Sul;8285;0;Site;Smartphone;Telefonia;2;2800;20;4480;Pix;Sim;Não;2;Sim;Não;August;11/08/2025
1601;C0061;56;F;Casado;Manaus;Norte;9266;0;Site;Mouse;Informática;4;120;10;432;Pix;Sim;Não;5;Não;Não;November;28/11/2025
1602;C0797;43;F;Divorciado;Recife;Nordeste;15161;2;Site;Cadeira Gamer;Móveis;4;1800;5;6840;Cartão;Sim;Não;4;Não;Não;January;04/01/2025
1603;C0127;59;F;Casado;Fortaleza;Nordeste;6554;14;Loja;Webcam;Informática;1;260;0;260;Cartão;Não;Sim;4;Não;Não;July;23/07/2025
1604;C0123;42;M;Casado;Recife;Nordeste;18144;0;App;Teclado;Informática;3;220;10;594;Pix;Sim;Não;5;Não;Não;January;17/01/2025
1605;C0128;29;M;Casado;São Paulo;Sudeste;17109;6;Loja;Smartphone;Telefonia;1;2800;0;2800;Cartão;Não;Não;4;Não;Não;March;03/03/2025
1606;C0632;35;M;Casado;Brasília;Centro-Oeste;18861;9;Loja;Impressora;Informática;1;950;0;950;Boleto;Não;Não;5;Não;Não;February;27/02/2025
1607;C0738;25;F;Solteiro;Fortaleza;Nordeste;10102;1;App;Roteador;Redes;4;480;10;1728;Boleto;Sim;Não;4;Não;Não;August;20/08/2025
1608;C0773;41;M;Solteiro;São Paulo;Sudeste;9426;1;Site;SSD 1TB;Armazenamento;4;650;10;2340;Boleto;Sim;Não;5;Não;Não;September;15/09/2025
1609;C0588;54;M;Casado;São Paulo;Sudeste;6998;5;Site;Smartphone;Telefonia;2;2800;0;5600;Boleto;Não;Não;5;Não;Não;October;21/10/2025
1610;C0229;70;M;Casado;Fortaleza;Nordeste;21761;2;Loja;Cadeira Gamer;Móveis;1;1800;0;1800;Cartão;Não;Não;2;Sim;Não;August;29/08/2025
1611;C0417;50;F;Casado;Curitiba;Sul;9136;2;App;Teclado;Informática;1;220;15;187;Pix;Sim;Não;5;Não;Não;August;26/08/2025
1612;C0155;46;M;Divorciado;Rio de Janeiro;Sudeste;17750;0;App;Notebook;Informática;4;4500;10;16200;Cartão;Sim;Não;5;Não;Não;November;24/11/2025
1613;C0213;57;F;Divorciado;Belém;Norte;13938;7;Site;SSD 1TB;Armazenamento;3;650;10;1755;Cartão;Sim;Sim;4;Não;Não;February;07/02/2025
1614;C0438;62;M;Solteiro;Rio de Janeiro;Sudeste;17112;15;Loja;Cadeira Gamer;Móveis;3;1800;0;5400;Boleto;Não;Sim;5;Não;Não;October;21/10/2025
1615;C0120;40;F;Divorciado;Rio de Janeiro;Sudeste;9136;15;Loja;Roteador;Redes;2;480;0;960;Cartão;Não;Sim;5;Não;Não;March;14/03/2025
1616;C0710;28;M;Solteiro;Brasília;Centro-Oeste;8217;7;Site;Mouse;Informática;1;120;0;120;Boleto;Não;Sim;2;Sim;Não;March;03/03/2025
1617;C0648;43;F;Solteiro;Curitiba;Sul;3415;7;Loja;SSD 1TB;Armazenamento;4;650;20;2080;Cartão;Sim;Não;4;Não;Não;June;20/06/2025
1618;C0163;47;F;Casado;Rio de Janeiro;Sudeste;10295;15;Loja;Smartphone;Telefonia;1;2800;0;2800;Pix;Não;Sim;5;Não;Não;April;07/04/2025
1619;C0371;32;M;Casado;Rio de Janeiro;Sudeste;13633;13;Loja;Smartwatch;Wearables;1;1600;20;1280;Pix;Sim;Sim;4;Não;Não;May;12/05/2025
1620;C0046;62;F;Casado;Curitiba;Sul;4219;14;Site;Smartphone;Telefonia;4;2800;10;10080;Cartão;Sim;Sim;3;Não;Não;October;19/10/2025
1621;C0693;37;M;Solteiro;Fortaleza;Nordeste;11378;2;App;Mouse;Informática;1;120;10;108;Boleto;Sim;Não;3;Não;Não;May;20/05/2025
1622;C0358;62;F;Solteiro;São Paulo;Sudeste;21356;3;Loja;SSD 1TB;Armazenamento;1;650;0;650;Cartão;Não;Não;4;Não;Não;July;25/07/2025
1623;C0569;56;M;Divorciado;Curitiba;Sul;19444;6;App;Headset;Informática;4;380;10;1368;Pix;Sim;Sim;4;Não;Não;November;02/11/2025
1624;C0187;21;F;Solteiro;Rio de Janeiro;Sudeste;3584;12;App;Webcam;Informática;4;260;15;884;Pix;Sim;Sim;4;Não;Não;August;01/08/2025
1625;C0728;68;F;Casado;Manaus;Norte;8444;13;Loja;Headset;Informática;4;380;0;1520;Boleto;Não;Sim;4;Não;Não;December;29/12/2025
1626;C0420;50;F;Divorciado;Brasília;Centro-Oeste;19013;15;Loja;Cadeira Gamer;Móveis;4;1800;15;6120;Boleto;Sim;Não;4;Não;Não;June;14/06/2025
1627;C0271;28;F;Solteiro;Recife;Nordeste;14068;0;App;Roteador;Redes;3;480;10;1296;Pix;Sim;Não;5;Não;Não;October;17/10/2025
1628;C0190;55;F;Casado;Rio de Janeiro;Sudeste;16972;9;App;SSD 1TB;Armazenamento;3;650;0;1950;Boleto;Não;Sim;3;Não;Não;January;21/01/2025
1629;C0543;34;F;Solteiro;São Paulo;Sudeste;7441;13;Loja;SSD 1TB;Armazenamento;2;650;0;1300;Cartão;Não;Não;5;Não;Não;September;01/09/2025
1630;C0161;31;F;Solteiro;Fortaleza;Nordeste;8144;6;Loja;Notebook;Informática;3;4500;20;10800;Cartão;Sim;Sim;5;Não;Não;October;31/10/2025
1631;C0436;54;M;Divorciado;Manaus;Norte;9142;2;Loja;Mouse;Informática;3;120;15;306;Cartão;Sim;Não;4;Não;Não;June;24/06/2025
1632;C0305;43;M;Casado;São Paulo;Sudeste;17592;6;App;Smartwatch;Wearables;1;1600;0;1600;Boleto;Não;Sim;5;Não;Não;May;25/05/2025
1633;C0350;40;M;Solteiro;Brasília;Centro-Oeste;12425;1;Site;Headset;Informática;4;380;10;1368;Pix;Sim;Não;5;Não;Não;April;10/04/2025
1634;C0469;40;F;Divorciado;Brasília;Centro-Oeste;15020;10;Site;Roteador;Redes;4;480;0;1920;Cartão;Não;Sim;5;Não;Não;October;04/10/2025
1635;C0120;61;F;Solteiro;Rio de Janeiro;Sudeste;6739;5;App;Roteador;Redes;3;480;10;1296;Cartão;Sim;Sim;2;Sim;Não;March;23/03/2025
1636;C0275;58;F;Solteiro;Belém;Norte;5137;4;Loja;Smartphone;Telefonia;4;2800;15;9520;Pix;Sim;Sim;5;Não;Não;June;28/06/2025
1637;C0318;54;F;Divorciado;Fortaleza;Nordeste;7033;7;Loja;Webcam;Informática;2;260;10;468;Cartão;Sim;Não;3;Não;Não;February;22/02/2025
1638;C0734;61;F;Divorciado;Manaus;Norte;11671;15;Loja;Headset;Informática;4;380;0;1520;Boleto;Não;Sim;5;Não;Não;March;29/03/2025
1639;C0167;23;F;Divorciado;Curitiba;Sul;19517;0;App;Webcam;Informática;3;260;10;702;Pix;Sim;Não;4;Não;Não;November;16/11/2025
1640;C0752;49;F;Divorciado;São Paulo;Sudeste;9396;6;Loja;Smartphone;Telefonia;4;2800;0;11200;Pix;Não;Sim;3;Não;Não;December;03/12/2025
1641;C0568;50;M;Casado;Curitiba;Sul;6628;6;App;Smartwatch;Wearables;2;1600;0;3200;Pix;Não;Sim;5;Não;Não;March;07/03/2025
1642;C0463;46;F;Casado;Rio de Janeiro;Sudeste;1821;0;Loja;Cadeira Gamer;Móveis;4;1800;10;6480;Boleto;Sim;Não;3;Não;Não;July;17/07/2025
1643;C0675;58;F;Divorciado;Brasília;Centro-Oeste;12736;10;Loja;Smartwatch;Wearables;4;1600;0;6400;Cartão;Não;Sim;3;Não;Não;January;03/01/2025
1644;C0285;32;M;Solteiro;São Paulo;Sudeste;21924;5;Loja;Smartwatch;Wearables;2;1600;15;2720;Boleto;Sim;Sim;5;Não;Não;December;18/12/2025
1645;C0234;51;M;Divorciado;Manaus;Norte;15029;5;App;Headset;Informática;1;380;5;361;Boleto;Sim;Não;3;Não;Não;July;05/07/2025
1646;C0311;51;M;Divorciado;Manaus;Norte;10283;2;App;Headset;Informática;4;380;5;1444;Pix;Sim;Não;4;Não;Não;May;24/05/2025
1647;C0533;24;F;Divorciado;Curitiba;Sul;18880;3;Site;Smartwatch;Wearables;4;1600;5;6080;Boleto;Sim;Sim;4;Não;Não;May;12/05/2025
1648;C0282;49;M;Divorciado;Manaus;Norte;12388;9;Site;Smartphone;Telefonia;3;2800;10;7560;Boleto;Sim;Sim;2;Sim;Não;May;20/05/2025
1649;C0794;36;F;Solteiro;Recife;Nordeste;8297;9;App;Smartphone;Telefonia;1;2800;0;2800;Cartão;Não;Sim;5;Não;Não;December;01/12/2025
1650;C0795;58;F;Divorciado;Brasília;Centro-Oeste;14992;3;Loja;Cadeira Gamer;Móveis;2;1800;0;3600;Pix;Não;Sim;2;Sim;Não;October;12/10/2025
1651;C0582;57;F;Solteiro;Belém;Norte;11241;1;Loja;Webcam;Informática;3;260;10;702;Cartão;Sim;Não;3;Não;Não;July;25/07/2025
1652;C0155;45;M;Divorciado;Brasília;Centro-Oeste;21294;12;App;Smartphone;Telefonia;1;2800;0;2800;Pix;Não;Sim;5;Não;Não;September;21/09/2025
1653;C0424;41;M;Casado;Recife;Nordeste;19680;15;Site;Smartwatch;Wearables;1;1600;0;1600;Pix;Não;Sim;5;Não;Não;June;21/06/2025
1654;C0479;44;F;Casado;Manaus;Norte;20782;7;Loja;Notebook;Informática;2;4500;10;8100;Boleto;Sim;Não;5;Não;Não;July;20/07/2025
1655;C0431;67;F;Divorciado;Belém;Norte;10508;11;App;Cadeira Gamer;Móveis;4;1800;5;6840;Cartão;Sim;Não;5;Não;Não;April;22/04/2025
1656;C0261;67;F;Casado;Brasília;Centro-Oeste;21819;5;Loja;Webcam;Informática;1;260;0;260;Pix;Não;Não;5;Não;Não;January;24/01/2025
1657;C0788;19;M;Casado;Belém;Norte;15816;15;App;Smartwatch;Wearables;2;1600;5;3040;Cartão;Sim;Sim;5;Não;Não;October;14/10/2025
1658;C0424;48;F;Solteiro;Rio de Janeiro;Sudeste;18083;1;App;Impressora;Informática;1;950;10;855;Boleto;Sim;Não;4;Não;Não;April;02/04/2025
1659;C0360;28;M;Solteiro;Fortaleza;Nordeste;9565;2;Loja;Notebook;Informática;3;4500;0;13500;Cartão;Não;Não;5;Não;Não;May;07/05/2025
1660;C0634;59;F;Casado;Fortaleza;Nordeste;11802;13;Loja;Webcam;Informática;3;260;0;780;Pix;Não;Sim;2;Sim;Não;January;31/01/2025
1661;C0359;30;M;Divorciado;Curitiba;Sul;7933;9;Loja;Impressora;Informática;4;950;10;3420;Pix;Sim;Sim;3;Não;Não;December;07/12/2025
1662;C0187;27;M;Solteiro;Rio de Janeiro;Sudeste;2384;10;Loja;Cadeira Gamer;Móveis;3;1800;5;5130;Boleto;Sim;Sim;4;Não;Não;January;19/01/2025
1663;C0072;63;F;Casado;Curitiba;Sul;2458;14;Site;Impressora;Informática;1;950;0;950;Pix;Não;Sim;4;Não;Não;February;07/02/2025
1664;C0229;36;F;Casado;Recife;Nordeste;14579;12;Site;Cadeira Gamer;Móveis;1;1800;0;1800;Pix;Não;Sim;4;Não;Não;February;01/02/2025
1665;C0387;65;F;Casado;Brasília;Centro-Oeste;13942;13;Site;Smartwatch;Wearables;1;1600;15;1360;Pix;Sim;Sim;4;Não;Não;October;05/10/2025
1666;C0340;63;M;Casado;Brasília;Centro-Oeste;20054;1;App;Impressora;Informática;1;950;10;855;Pix;Sim;Não;5;Não;Não;December;16/12/2025
1667;C0018;28;M;Divorciado;Manaus;Norte;19260;7;App;Smartphone;Telefonia;1;2800;5;2660;Boleto;Sim;Sim;5;Não;Não;December;08/12/2025
1668;C0562;20;M;Solteiro;São Paulo;Sudeste;7239;2;App;SSD 1TB;Armazenamento;2;650;0;1300;Pix;Não;Não;5;Não;Não;November;02/11/2025
1669;C0630;48;F;Divorciado;Fortaleza;Nordeste;12654;2;Loja;Notebook;Informática;3;4500;15;11475;Cartão;Sim;Não;5;Não;Não;March;22/03/2025
1670;C0470;53;F;Solteiro;Manaus;Norte;14209;7;Site;Mouse;Informática;2;120;0;240;Boleto;Não;Sim;5;Não;Não;February;13/02/2025
1671;C0775;45;F;Solteiro;Fortaleza;Nordeste;8564;6;App;Webcam;Informática;3;260;5;741;Pix;Sim;Sim;3;Não;Não;August;27/08/2025
1672;C0372;49;M;Solteiro;Manaus;Norte;21679;2;Loja;Mouse;Informática;3;120;10;324;Boleto;Sim;Não;5;Não;Não;August;09/08/2025
1673;C0349;61;M;Solteiro;Brasília;Centro-Oeste;17376;5;Loja;Headset;Informática;3;380;0;1140;Boleto;Não;Sim;5;Não;Não;April;13/04/2025
1674;C0360;25;M;Casado;Brasília;Centro-Oeste;18539;15;App;Webcam;Informática;4;260;0;1040;Cartão;Não;Não;5;Não;Não;November;13/11/2025
1675;C0532;22;F;Divorciado;Belém;Norte;14709;2;App;Monitor;Informática;3;1100;10;2970;Pix;Sim;Não;3;Não;Não;August;07/08/2025
1676;C0550;18;F;Casado;Manaus;Norte;14614;4;App;Smartphone;Telefonia;3;2800;15;7140;Cartão;Sim;Não;3;Não;Não;May;05/05/2025
1677;C0654;33;M;Solteiro;Belém;Norte;14296;1;Loja;Notebook;Informática;1;4500;10;4050;Pix;Sim;Não;5;Não;Não;February;13/02/2025
1678;C0273;69;F;Solteiro;Manaus;Norte;2354;11;App;Mouse;Informática;4;120;10;432;Pix;Sim;Sim;3;Não;Não;September;10/09/2025
1679;C0654;26;F;Solteiro;Recife;Nordeste;4391;2;App;Impressora;Informática;3;950;10;2565;Boleto;Sim;Não;5;Não;Não;March;17/03/2025
1680;C0282;70;M;Casado;Brasília;Centro-Oeste;3159;15;App;Webcam;Informática;2;260;0;520;Pix;Não;Sim;4;Não;Não;August;29/08/2025
1681;C0668;37;F;Divorciado;São Paulo;Sudeste;5674;12;Site;SSD 1TB;Armazenamento;1;650;0;650;Boleto;Não;Sim;5;Não;Não;May;16/05/2025
1682;C0387;36;F;Divorciado;Brasília;Centro-Oeste;18926;15;App;Smartphone;Telefonia;3;2800;15;7140;Cartão;Sim;Sim;4;Não;Não;September;09/09/2025
1683;C0776;43;M;Solteiro;Rio de Janeiro;Sudeste;5866;4;Site;Cadeira Gamer;Móveis;2;1800;15;3060;Cartão;Sim;Sim;4;Não;Não;August;10/08/2025
1684;C0248;45;F;Solteiro;Belém;Norte;20318;15;Site;Cadeira Gamer;Móveis;1;1800;0;1800;Boleto;Não;Não;3;Não;Não;August;17/08/2025
1685;C0524;32;F;Casado;Brasília;Centro-Oeste;10060;13;Site;Smartwatch;Wearables;3;1600;0;4800;Cartão;Não;Sim;4;Não;Não;April;11/04/2025
1686;C0040;22;M;Casado;Recife;Nordeste;6124;12;Site;Cadeira Gamer;Móveis;1;1800;15;1530;Boleto;Sim;Sim;3;Não;Não;March;07/03/2025
1687;C0321;63;F;Divorciado;Fortaleza;Nordeste;10215;8;App;SSD 1TB;Armazenamento;2;650;10;1170;Pix;Sim;Não;5;Não;Não;April;06/04/2025
1688;C0309;31;F;Solteiro;Rio de Janeiro;Sudeste;10039;14;Loja;Webcam;Informática;4;260;10;936;Pix;Sim;Não;4;Não;Não;November;20/11/2025
1689;C0246;52;M;Divorciado;Rio de Janeiro;Sudeste;14087;3;App;Roteador;Redes;4;480;10;1728;Boleto;Sim;Não;5;Não;Não;August;21/08/2025
1690;C0412;62;F;Casado;Fortaleza;Nordeste;12673;8;App;Monitor;Informática;4;1100;0;4400;Cartão;Não;Sim;3;Não;Não;June;09/06/2025
1691;C0599;53;F;Divorciado;São Paulo;Sudeste;6622;2;App;SSD 1TB;Armazenamento;1;650;10;585;Cartão;Sim;Não;2;Sim;Não;April;06/04/2025
1692;C0429;38;F;Casado;Recife;Nordeste;13795;10;Loja;SSD 1TB;Armazenamento;4;650;10;2340;Boleto;Sim;Sim;3;Não;Não;July;30/07/2025
1693;C0351;40;M;Casado;Recife;Nordeste;3874;15;App;SSD 1TB;Armazenamento;2;650;10;1170;Boleto;Sim;Sim;4;Não;Não;April;15/04/2025
1694;C0387;32;M;Divorciado;Rio de Janeiro;Sudeste;7358;8;Loja;Teclado;Informática;3;220;0;660;Cartão;Não;Não;5;Não;Não;September;26/09/2025
1695;C0490;48;M;Divorciado;Recife;Nordeste;7478;4;App;Smartphone;Telefonia;1;2800;5;2660;Pix;Sim;Sim;3;Não;Não;December;07/12/2025
1696;C0007;51;F;Divorciado;São Paulo;Sudeste;9060;10;Loja;Smartphone;Telefonia;4;2800;20;8960;Boleto;Sim;Sim;5;Não;Não;October;25/10/2025
1697;C0251;47;F;Divorciado;São Paulo;Sudeste;1951;10;App;Monitor;Informática;1;1100;0;1100;Cartão;Não;Sim;4;Não;Não;April;17/04/2025
1698;C0780;41;F;Divorciado;Manaus;Norte;17922;9;Site;Headset;Informática;3;380;10;1026;Boleto;Sim;Sim;5;Não;Não;June;17/06/2025
1699;C0511;51;M;Casado;Brasília;Centro-Oeste;17089;6;Site;Impressora;Informática;4;950;0;3800;Pix;Não;Sim;4;Não;Não;October;21/10/2025
1700;C0672;32;F;Solteiro;Recife;Nordeste;14620;2;Site;Notebook;Informática;2;4500;0;9000;Pix;Não;Não;4;Não;Não;February;12/02/2025
1701;C0086;28;M;Divorciado;Manaus;Norte;6170;9;Site;Headset;Informática;1;380;5;361;Cartão;Sim;Sim;2;Sim;Não;March;15/03/2025
1702;C0382;55;F;Divorciado;Brasília;Centro-Oeste;10067;6;App;Webcam;Informática;2;260;10;468;Pix;Sim;Sim;3;Não;Não;September;08/09/2025
1703;C0798;36;M;Casado;Curitiba;Sul;5958;15;Site;Impressora;Informática;4;950;5;3610;Cartão;Sim;Sim;4;Não;Não;June;28/06/2025
1704;C0616;56;F;Divorciado;Recife;Nordeste;3619;7;App;Mouse;Informática;4;120;0;480;Cartão;Não;Sim;4;Não;Não;December;01/12/2025
1705;C0039;56;F;Solteiro;Manaus;Norte;7450;8;Site;Notebook;Informática;4;4500;10;16200;Pix;Sim;Sim;4;Não;Não;May;26/05/2025
1706;C0594;25;F;Divorciado;Fortaleza;Nordeste;2348;1;Loja;SSD 1TB;Armazenamento;3;650;15;1657,5;Cartão;Sim;Não;4;Não;Não;March;18/03/2025
1707;C0546;20;M;Casado;Rio de Janeiro;Sudeste;9313;1;App;Impressora;Informática;4;950;20;3040;Boleto;Sim;Não;5;Não;Sim;July;03/07/2025
1708;C0009;69;F;Solteiro;São Paulo;Sudeste;21159;13;Loja;Smartphone;Telefonia;3;2800;0;8400;Cartão;Não;Sim;5;Não;Não;February;27/02/2025
1709;C0708;52;F;Casado;São Paulo;Sudeste;17800;3;Loja;Smartwatch;Wearables;4;1600;15;5440;Pix;Sim;Sim;5;Não;Não;November;21/11/2025
1710;C0769;39;M;Solteiro;Manaus;Norte;21395;14;Loja;Headset;Informática;4;380;10;1368;Cartão;Sim;Não;1;Sim;Não;October;18/10/2025
1711;C0641;65;F;Solteiro;São Paulo;Sudeste;20422;2;App;SSD 1TB;Armazenamento;2;650;5;1235;Pix;Sim;Não;4;Não;Não;September;01/09/2025
1712;C0663;47;M;Casado;Rio de Janeiro;Sudeste;16368;7;App;Smartphone;Telefonia;1;2800;5;2660;Pix;Sim;Sim;5;Não;Não;September;29/09/2025
1713;C0416;19;M;Solteiro;São Paulo;Sudeste;16546;3;Loja;SSD 1TB;Armazenamento;4;650;20;2080;Pix;Sim;Sim;2;Sim;Não;March;15/03/2025
1714;C0669;65;M;Divorciado;Belém;Norte;2081;2;Site;Smartwatch;Wearables;4;1600;15;5440;Boleto;Sim;Não;5;Sim;Não;January;07/01/2025
1715;C0467;58;M;Divorciado;Brasília;Centro-Oeste;6906;8;Site;Smartwatch;Wearables;1;1600;10;1440;Pix;Sim;Sim;3;Não;Não;September;06/09/2025
1716;C0092;44;F;Solteiro;Recife;Nordeste;7077;6;Loja;Teclado;Informática;1;220;0;220;Boleto;Não;Não;5;Não;Não;July;04/07/2025
1717;C0704;24;F;Divorciado;Brasília;Centro-Oeste;11928;14;Loja;Teclado;Informática;1;220;0;220;Cartão;Não;Sim;5;Não;Não;June;02/06/2025
1718;C0545;37;M;Divorciado;Recife;Nordeste;8153;5;Loja;Impressora;Informática;2;950;0;1900;Pix;Não;Sim;4;Não;Não;September;27/09/2025
1719;C0049;33;M;Solteiro;Rio de Janeiro;Sudeste;4768;8;Loja;Cadeira Gamer;Móveis;2;1800;5;3420;Cartão;Sim;Sim;4;Não;Não;October;06/10/2025
1720;C0132;38;M;Divorciado;Curitiba;Sul;4333;7;Site;Smartphone;Telefonia;2;2800;0;5600;Cartão;Não;Não;5;Não;Não;June;29/06/2025
1721;C0425;28;F;Divorciado;Rio de Janeiro;Sudeste;7367;6;Loja;Roteador;Redes;2;480;0;960;Boleto;Não;Não;3;Não;Não;April;01/04/2025
1722;C0717;41;F;Solteiro;Fortaleza;Nordeste;10344;14;Loja;Cadeira Gamer;Móveis;3;1800;5;5130;Pix;Sim;Não;4;Não;Não;February;25/02/2025
1723;C0389;40;M;Casado;Fortaleza;Nordeste;17927;14;Site;Teclado;Informática;4;220;0;880;Cartão;Não;Sim;3;Não;Não;March;28/03/2025
1724;C0375;70;F;Solteiro;Brasília;Centro-Oeste;5419;15;Loja;Monitor;Informática;3;1100;0;3300;Cartão;Não;Não;5;Não;Não;December;25/12/2025
1725;C0498;32;M;Casado;Manaus;Norte;14620;8;Site;Smartphone;Telefonia;2;2800;5;5320;Boleto;Sim;Não;5;Não;Não;May;28/05/2025
1726;C0762;55;M;Divorciado;Brasília;Centro-Oeste;7409;2;Loja;Teclado;Informática;3;220;0;660;Pix;Não;Não;4;Não;Não;March;11/03/2025
1727;C0628;51;F;Solteiro;Brasília;Centro-Oeste;7593;8;App;Smartwatch;Wearables;3;1600;10;4320;Pix;Sim;Sim;5;Não;Não;September;03/09/2025
1728;C0240;63;M;Casado;Belém;Norte;6167;2;Loja;Roteador;Redes;1;480;0;480;Cartão;Não;Não;4;Não;Não;September;19/09/2025
1729;C0572;67;M;Casado;Rio de Janeiro;Sudeste;17727;14;Site;Impressora;Informática;2;950;20;1520;Pix;Sim;Sim;4;Não;Não;April;17/04/2025
1730;C0107;51;M;Casado;Curitiba;Sul;6517;5;Site;SSD 1TB;Armazenamento;2;650;20;1040;Boleto;Sim;Sim;5;Não;Não;March;17/03/2025
1731;C0023;33;M;Solteiro;Belém;Norte;10948;6;App;Webcam;Informática;1;260;5;247;Boleto;Sim;Sim;1;Sim;Não;March;01/03/2025
1732;C0231;28;M;Casado;Recife;Nordeste;12545;11;App;Monitor;Informática;2;1100;0;2200;Pix;Não;Sim;2;Sim;Não;March;02/03/2025
1733;C0596;38;F;Solteiro;Brasília;Centro-Oeste;19699;1;Loja;Roteador;Redes;1;480;10;432;Cartão;Sim;Não;1;Sim;Não;June;22/06/2025
1734;C0334;42;M;Solteiro;São Paulo;Sudeste;3894;4;Loja;Smartphone;Telefonia;2;2800;5;5320;Cartão;Sim;Sim;2;Sim;Não;January;16/01/2025
1735;C0035;65;F;Solteiro;Belém;Norte;13173;12;Loja;Impressora;Informática;1;950;10;855;Boleto;Sim;Sim;4;Não;Não;February;14/02/2025
1736;C0279;30;M;Solteiro;Manaus;Norte;20793;9;Site;Headset;Informática;3;380;15;969;Boleto;Sim;Sim;3;Não;Não;August;08/08/2025
1737;C0568;53;M;Casado;Curitiba;Sul;4456;11;Loja;Cadeira Gamer;Móveis;4;1800;15;6120;Cartão;Sim;Não;3;Não;Não;March;24/03/2025
1738;C0200;36;F;Solteiro;Recife;Nordeste;18035;0;Site;Webcam;Informática;2;260;10;468;Cartão;Sim;Não;3;Não;Não;September;29/09/2025
1739;C0058;57;M;Solteiro;Rio de Janeiro;Sudeste;21167;15;Loja;Monitor;Informática;4;1100;20;3520;Pix;Sim;Sim;3;Não;Não;March;24/03/2025
1740;C0008;29;F;Solteiro;São Paulo;Sudeste;17850;8;Loja;Smartphone;Telefonia;1;2800;0;2800;Cartão;Não;Sim;3;Não;Não;May;23/05/2025
1741;C0477;68;M;Casado;Rio de Janeiro;Sudeste;12749;15;App;Cadeira Gamer;Móveis;4;1800;5;6840;Cartão;Sim;Sim;4;Não;Não;April;24/04/2025
1742;C0376;18;F;Solteiro;Rio de Janeiro;Sudeste;8084;4;App;Smartphone;Telefonia;4;2800;5;10640;Boleto;Sim;Não;5;Não;Não;September;13/09/2025
1743;C0095;57;F;Divorciado;Brasília;Centro-Oeste;9104;11;App;Webcam;Informática;4;260;0;1040;Pix;Não;Não;3;Não;Não;January;30/01/2025
1744;C0217;42;F;Solteiro;Fortaleza;Nordeste;19265;14;Loja;Cadeira Gamer;Móveis;3;1800;0;5400;Cartão;Não;Não;5;Não;Não;March;26/03/2025
1745;C0580;19;M;Casado;Manaus;Norte;8096;11;Loja;Notebook;Informática;4;4500;0;18000;Cartão;Não;Não;5;Não;Não;December;01/12/2025
1746;C0278;40;F;Solteiro;Belém;Norte;8159;4;Loja;Mouse;Informática;1;120;0;120;Cartão;Não;Não;3;Não;Não;October;15/10/2025
1747;C0596;42;M;Divorciado;São Paulo;Sudeste;8200;2;App;Smartwatch;Wearables;1;1600;0;1600;Pix;Não;Não;4;Não;Não;November;09/11/2025
1748;C0101;65;M;Divorciado;Recife;Nordeste;15962;4;Site;Roteador;Redes;2;480;0;960;Pix;Não;Sim;4;Não;Não;May;08/05/2025
1749;C0017;61;M;Solteiro;São Paulo;Sudeste;5325;5;App;SSD 1TB;Armazenamento;2;650;10;1170;Cartão;Sim;Sim;2;Sim;Não;January;11/01/2025
1750;C0079;18;M;Solteiro;Belém;Norte;18121;13;Loja;Webcam;Informática;3;260;15;663;Boleto;Sim;Sim;5;Não;Não;October;09/10/2025
1751;C0336;44;M;Casado;Rio de Janeiro;Sudeste;4205;11;App;SSD 1TB;Armazenamento;2;650;5;1235;Cartão;Sim;Sim;5;Não;Não;May;24/05/2025
1752;C0767;20;F;Casado;Fortaleza;Nordeste;21481;5;Site;Monitor;Informática;4;1100;15;3740;Pix;Sim;Não;4;Não;Não;December;19/12/2025
1753;C0771;40;M;Solteiro;Manaus;Norte;19386;2;Site;Notebook;Informática;2;4500;0;9000;Pix;Não;Não;5;Não;Não;May;09/05/2025
1754;C0012;68;F;Divorciado;Curitiba;Sul;1851;7;Loja;Impressora;Informática;2;950;0;1900;Boleto;Não;Sim;4;Não;Não;July;07/07/2025
1755;C0709;20;M;Divorciado;Manaus;Norte;14499;11;Loja;Notebook;Informática;1;4500;10;4050;Boleto;Sim;Sim;3;Não;Não;August;25/08/2025
1756;C0209;41;F;Solteiro;Brasília;Centro-Oeste;10296;2;Loja;Webcam;Informática;1;260;0;260;Pix;Não;Não;5;Não;Não;January;04/01/2025
1757;C0373;59;F;Casado;Recife;Nordeste;7004;0;App;SSD 1TB;Armazenamento;2;650;15;1105;Cartão;Sim;Não;5;Não;Não;February;09/02/2025
1758;C0614;23;F;Solteiro;Brasília;Centro-Oeste;3941;7;Site;Headset;Informática;2;380;0;760;Cartão;Não;Não;5;Não;Não;November;01/11/2025
1759;C0559;37;F;Divorciado;Manaus;Norte;16275;12;App;Headset;Informática;1;380;10;342;Boleto;Sim;Sim;4;Não;Não;December;07/12/2025
1760;C0552;19;F;Divorciado;São Paulo;Sudeste;17700;3;App;SSD 1TB;Armazenamento;2;650;5;1235;Cartão;Sim;Não;3;Não;Não;April;29/04/2025
1761;C0717;33;F;Solteiro;Fortaleza;Nordeste;9961;3;Site;Smartwatch;Wearables;1;1600;15;1360;Pix;Sim;Não;4;Não;Não;October;08/10/2025
1762;C0668;46;F;Solteiro;Rio de Janeiro;Sudeste;7529;9;Site;Webcam;Informática;1;260;0;260;Pix;Não;Sim;3;Não;Não;March;24/03/2025
1763;C0175;43;F;Solteiro;Manaus;Norte;5738;1;Site;Notebook;Informática;4;4500;10;16200;Cartão;Sim;Não;4;Não;Não;July;06/07/2025
1764;C0738;38;F;Casado;Fortaleza;Nordeste;11092;11;Loja;Roteador;Redes;3;480;0;1440;Cartão;Não;Sim;3;Não;Não;May;01/05/2025
1765;C0560;49;M;Solteiro;Fortaleza;Nordeste;12975;15;App;Webcam;Informática;3;260;10;702;Boleto;Sim;Sim;5;Não;Não;September;05/09/2025
1766;C0493;67;M;Casado;Curitiba;Sul;21997;9;Loja;Monitor;Informática;2;1100;5;2090;Boleto;Sim;Sim;4;Não;Não;March;26/03/2025
1767;C0082;34;F;Solteiro;Brasília;Centro-Oeste;6357;14;App;Impressora;Informática;3;950;5;2707,5;Boleto;Sim;Não;3;Não;Não;November;03/11/2025
1768;C0483;33;M;Divorciado;Brasília;Centro-Oeste;7836;8;Loja;Impressora;Informática;3;950;10;2565;Boleto;Sim;Sim;2;Sim;Não;October;16/10/2025
1769;C0604;35;M;Divorciado;Curitiba;Sul;8749;11;Site;Mouse;Informática;1;120;10;108;Pix;Sim;Sim;4;Não;Não;January;08/01/2025
1770;C0064;45;F;Casado;Brasília;Centro-Oeste;8620;11;Site;Mouse;Informática;1;120;0;120;Pix;Não;Sim;3;Não;Não;June;01/06/2025
1771;C0254;64;M;Solteiro;Fortaleza;Nordeste;3683;12;Site;Teclado;Informática;2;220;20;352;Pix;Sim;Sim;4;Não;Não;July;11/07/2025
1772;C0615;34;F;Solteiro;Recife;Nordeste;8243;10;Site;Smartwatch;Wearables;1;1600;20;1280;Boleto;Sim;Não;4;Não;Não;January;08/01/2025
1773;C0270;19;F;Solteiro;Rio de Janeiro;Sudeste;2920;12;App;Cadeira Gamer;Móveis;2;1800;0;3600;Cartão;Não;Sim;5;Não;Não;August;14/08/2025
1774;C0759;48;M;Casado;Brasília;Centro-Oeste;9099;15;App;Impressora;Informática;2;950;10;1710;Pix;Sim;Sim;4;Não;Não;February;03/02/2025
1775;C0085;47;F;Solteiro;Fortaleza;Nordeste;6549;12;Loja;Smartwatch;Wearables;3;1600;0;4800;Boleto;Não;Sim;4;Não;Não;April;19/04/2025
1776;C0298;70;F;Solteiro;Belém;Norte;21027;9;App;Impressora;Informática;4;950;10;3420;Pix;Sim;Não;1;Sim;Não;July;20/07/2025
1777;C0220;42;F;Solteiro;Brasília;Centro-Oeste;11393;14;Site;Notebook;Informática;1;4500;0;4500;Cartão;Não;Sim;4;Não;Não;September;03/09/2025
1778;C0227;28;M;Solteiro;São Paulo;Sudeste;5333;3;Site;Smartwatch;Wearables;1;1600;15;1360;Boleto;Sim;Não;5;Não;Não;April;27/04/2025
1779;C0262;62;M;Solteiro;São Paulo;Sudeste;21398;14;App;Smartwatch;Wearables;4;1600;10;5760;Boleto;Sim;Não;1;Sim;Não;November;30/11/2025
1780;C0599;18;F;Casado;Recife;Nordeste;10207;3;Site;Monitor;Informática;1;1100;5;1045;Cartão;Sim;Não;5;Não;Não;May;07/05/2025
1781;C0020;56;M;Casado;Curitiba;Sul;18376;1;App;Smartphone;Telefonia;3;2800;10;7560;Cartão;Sim;Não;4;Não;Não;June;16/06/2025
1782;C0549;69;F;Casado;Belém;Norte;6493;12;Loja;Roteador;Redes;2;480;0;960;Pix;Não;Sim;4;Não;Não;January;06/01/2025
1783;C0369;41;M;Solteiro;São Paulo;Sudeste;17237;3;Loja;Smartwatch;Wearables;2;1600;15;2720;Pix;Sim;Sim;5;Não;Não;October;17/10/2025
1784;C0378;28;M;Casado;Belém;Norte;12509;10;App;SSD 1TB;Armazenamento;1;650;0;650;Cartão;Não;Sim;5;Não;Não;December;26/12/2025
1785;C0796;34;F;Casado;Rio de Janeiro;Sudeste;21240;4;App;Mouse;Informática;3;120;15;306;Pix;Sim;Sim;4;Não;Não;September;18/09/2025
1786;C0737;49;F;Divorciado;São Paulo;Sudeste;6864;15;App;Smartwatch;Wearables;2;1600;0;3200;Pix;Não;Não;5;Não;Não;January;22/01/2025
1787;C0002;51;M;Casado;Brasília;Centro-Oeste;2269;10;Site;Monitor;Informática;1;1100;0;1100;Pix;Não;Sim;5;Não;Não;January;17/01/2025
1788;C0150;34;M;Solteiro;Brasília;Centro-Oeste;20925;10;Loja;Cadeira Gamer;Móveis;2;1800;5;3420;Boleto;Sim;Sim;3;Não;Não;January;12/01/2025
1789;C0551;42;F;Divorciado;Recife;Nordeste;11974;4;App;Teclado;Informática;3;220;20;528;Cartão;Sim;Sim;5;Não;Não;January;15/01/2025
1790;C0285;65;F;Solteiro;Belém;Norte;20476;14;App;Smartphone;Telefonia;4;2800;15;9520;Cartão;Sim;Não;5;Não;Não;April;19/04/2025
1791;C0077;26;F;Casado;Recife;Nordeste;14524;12;App;Mouse;Informática;4;120;15;408;Cartão;Sim;Não;5;Não;Não;March;12/03/2025
1792;C0716;47;M;Solteiro;Brasília;Centro-Oeste;3959;2;App;Notebook;Informática;3;4500;0;13500;Pix;Não;Não;5;Não;Não;May;07/05/2025
1793;C0772;40;F;Casado;Belém;Norte;3639;9;App;Monitor;Informática;2;1100;0;2200;Boleto;Não;Sim;5;Não;Não;June;05/06/2025
1794;C0463;39;M;Casado;Fortaleza;Nordeste;9006;11;App;Monitor;Informática;1;1100;0;1100;Boleto;Não;Sim;3;Não;Não;May;13/05/2025
1795;C0528;26;F;Casado;Brasília;Centro-Oeste;7891;9;Site;Monitor;Informática;2;1100;0;2200;Cartão;Não;Não;5;Não;Não;June;01/06/2025
1796;C0502;70;M;Divorciado;Brasília;Centro-Oeste;8608;3;Site;Notebook;Informática;2;4500;0;9000;Pix;Não;Não;4;Não;Não;December;09/12/2025
1797;C0109;36;M;Divorciado;Manaus;Norte;17781;10;Site;Headset;Informática;3;380;15;969;Pix;Sim;Sim;5;Não;Não;November;19/11/2025
1798;C0429;63;F;Casado;Belém;Norte;16597;14;App;Headset;Informática;4;380;5;1444;Pix;Sim;Sim;4;Não;Não;March;13/03/2025
1799;C0127;36;M;Casado;Manaus;Norte;14089;12;Site;Mouse;Informática;4;120;10;432;Boleto;Sim;Não;4;Não;Não;January;22/01/2025
1800;C0166;19;F;Solteiro;Recife;Nordeste;21197;9;Loja;Notebook;Informática;3;4500;10;12150;Pix;Sim;Sim;3;Não;Sim;June;03/06/2025
1801;C0775;60;M;Solteiro;Manaus;Norte;19321;4;App;Smartphone;Telefonia;1;2800;0;2800;Pix;Não;Sim;5;Não;Não;June;07/06/2025
1802;C0007;47;F;Solteiro;Rio de Janeiro;Sudeste;20072;3;Loja;Teclado;Informática;4;220;5;836;Cartão;Sim;Não;5;Não;Não;June;30/06/2025
1803;C0168;29;F;Solteiro;Belém;Norte;13341;0;Loja;Cadeira Gamer;Móveis;1;1800;10;1620;Pix;Sim;Não;4;Não;Não;April;03/04/2025
1804;C0349;63;F;Casado;Rio de Janeiro;Sudeste;2246;14;Loja;Impressora;Informática;2;950;0;1900;Cartão;Não;Não;4;Não;Não;November;19/11/2025
1805;C0587;69;M;Solteiro;Rio de Janeiro;Sudeste;13977;1;Site;Monitor;Informática;2;1100;15;1870;Pix;Sim;Não;3;Não;Não;May;09/05/2025
1806;C0227;64;M;Divorciado;Recife;Nordeste;15181;0;Loja;Monitor;Informática;1;1100;10;990;Pix;Sim;Não;4;Não;Não;May;09/05/2025
1807;C0008;24;F;Solteiro;Manaus;Norte;8097;9;App;Mouse;Informática;2;120;10;216;Cartão;Sim;Não;2;Sim;Não;October;08/10/2025
1808;C0487;33;F;Casado;Curitiba;Sul;2656;3;Site;Roteador;Redes;3;480;5;1368;Boleto;Sim;Sim;3;Não;Não;December;05/12/2025
1809;C0146;69;F;Casado;São Paulo;Sudeste;20827;2;App;Smartwatch;Wearables;3;1600;0;4800;Boleto;Não;Não;5;Não;Não;April;11/04/2025
1810;C0250;29;F;Solteiro;Brasília;Centro-Oeste;8659;3;App;Webcam;Informática;4;260;5;988;Pix;Sim;Não;4;Não;Não;July;07/07/2025
1811;C0494;48;M;Solteiro;São Paulo;Sudeste;5246;9;App;Smartwatch;Wearables;3;1600;10;4320;Cartão;Sim;Não;5;Não;Não;June;10/06/2025
1812;C0687;42;M;Solteiro;Recife;Nordeste;15884;6;Site;Smartphone;Telefonia;4;2800;0;11200;Boleto;Não;Sim;3;Não;Não;July;19/07/2025
1813;C0373;60;M;Solteiro;Fortaleza;Nordeste;21285;5;Site;Smartwatch;Wearables;3;1600;0;4800;Pix;Não;Sim;5;Não;Não;May;26/05/2025
1814;C0493;59;M;Divorciado;Fortaleza;Nordeste;17727;12;Site;Smartwatch;Wearables;1;1600;0;1600;Boleto;Não;Sim;4;Não;Não;April;22/04/2025
1815;C0709;55;F;Solteiro;Manaus;Norte;6314;7;App;Mouse;Informática;4;120;15;408;Cartão;Sim;Sim;5;Não;Não;March;04/03/2025
1816;C0160;35;M;Solteiro;Manaus;Norte;6673;12;Loja;Mouse;Informática;3;120;10;324;Cartão;Sim;Sim;4;Não;Não;August;09/08/2025
1817;C0389;35;M;Divorciado;Curitiba;Sul;20282;9;Site;Cadeira Gamer;Móveis;2;1800;0;3600;Cartão;Não;Sim;5;Não;Não;November;04/11/2025
1818;C0728;62;M;Casado;Curitiba;Sul;5881;0;Site;Headset;Informática;3;380;15;969;Boleto;Sim;Não;5;Não;Não;October;12/10/2025
1819;C0625;49;F;Casado;Recife;Nordeste;16175;4;Site;Teclado;Informática;4;220;10;792;Cartão;Sim;Sim;3;Não;Não;November;29/11/2025
1820;C0132;52;M;Casado;Manaus;Norte;17493;14;Loja;Smartphone;Telefonia;4;2800;5;10640;Pix;Sim;Sim;5;Não;Não;December;27/12/2025
1821;C0614;35;F;Casado;Belém;Norte;13354;13;Loja;Headset;Informática;3;380;10;1026;Cartão;Sim;Sim;5;Não;Não;February;16/02/2025
1822;C0229;49;F;Solteiro;Rio de Janeiro;Sudeste;21784;10;Site;Mouse;Informática;4;120;10;432;Boleto;Sim;Sim;1;Sim;Não;July;05/07/2025
1823;C0042;30;F;Casado;Rio de Janeiro;Sudeste;10964;2;Loja;Headset;Informática;2;380;5;722;Pix;Sim;Não;5;Não;Não;November;20/11/2025
1824;C0684;27;F;Solteiro;Brasília;Centro-Oeste;11030;12;Loja;Roteador;Redes;1;480;10;432;Cartão;Sim;Sim;3;Não;Não;March;27/03/2025
1825;C0509;68;F;Divorciado;Manaus;Norte;12003;7;App;Smartphone;Telefonia;2;2800;0;5600;Pix;Não;Sim;3;Não;Não;January;19/01/2025
1826;C0267;27;M;Divorciado;Manaus;Norte;18381;2;Loja;Headset;Informática;4;380;10;1368;Pix;Sim;Não;5;Não;Não;November;10/11/2025
1827;C0630;68;M;Casado;Brasília;Centro-Oeste;21730;0;App;Impressora;Informática;4;950;20;3040;Cartão;Sim;Não;3;Não;Não;December;03/12/2025
1828;C0534;66;M;Divorciado;Belém;Norte;2802;9;App;Cadeira Gamer;Móveis;3;1800;15;4590;Pix;Sim;Não;3;Não;Não;October;05/10/2025
1829;C0389;56;F;Casado;Rio de Janeiro;Sudeste;6299;15;Loja;Teclado;Informática;4;220;10;792;Boleto;Sim;Sim;4;Não;Não;July;30/07/2025
1830;C0408;43;M;Divorciado;Belém;Norte;21706;2;App;SSD 1TB;Armazenamento;4;650;0;2600;Boleto;Não;Não;3;Não;Não;November;24/11/2025
1831;C0792;21;F;Divorciado;Brasília;Centro-Oeste;4551;14;Site;Webcam;Informática;2;260;5;494;Cartão;Sim;Não;5;Não;Não;May;20/05/2025
1832;C0151;49;F;Divorciado;Brasília;Centro-Oeste;10829;8;Loja;Smartphone;Telefonia;2;2800;0;5600;Boleto;Não;Sim;2;Sim;Não;February;15/02/2025
1833;C0117;57;M;Divorciado;Belém;Norte;21495;3;Loja;Mouse;Informática;4;120;0;480;Boleto;Não;Sim;4;Não;Não;June;10/06/2025
1834;C0149;67;F;Solteiro;Brasília;Centro-Oeste;12109;3;App;Smartwatch;Wearables;2;1600;0;3200;Pix;Não;Não;5;Não;Não;December;31/12/2025
1835;C0450;69;M;Divorciado;Recife;Nordeste;18354;9;Loja;Notebook;Informática;3;4500;10;12150;Pix;Sim;Sim;4;Não;Sim;July;03/07/2025
1836;C0081;45;F;Solteiro;Belém;Norte;7962;12;Loja;Webcam;Informática;3;260;0;780;Pix;Não;Sim;5;Não;Não;February;14/02/2025
1837;C0195;48;F;Solteiro;Fortaleza;Nordeste;4374;10;App;Impressora;Informática;1;950;10;855;Pix;Sim;Sim;4;Não;Não;April;28/04/2025
1838;C0798;51;M;Solteiro;Rio de Janeiro;Sudeste;10722;10;App;Roteador;Redes;1;480;5;456;Cartão;Sim;Não;3;Não;Não;August;18/08/2025
1839;C0608;59;M;Solteiro;Rio de Janeiro;Sudeste;12672;0;Loja;Cadeira Gamer;Móveis;1;1800;10;1620;Boleto;Sim;Não;5;Não;Não;July;16/07/2025
1840;C0517;30;M;Casado;Curitiba;Sul;20706;15;Site;Teclado;Informática;4;220;10;792;Pix;Sim;Sim;2;Sim;Não;May;12/05/2025
1841;C0058;54;F;Divorciado;Curitiba;Sul;11655;15;Loja;Impressora;Informática;4;950;0;3800;Cartão;Não;Sim;5;Não;Não;June;29/06/2025
1842;C0122;46;F;Casado;Rio de Janeiro;Sudeste;19585;15;Site;SSD 1TB;Armazenamento;3;650;5;1852,5;Pix;Sim;Sim;4;Não;Não;December;24/12/2025
1843;C0271;24;M;Casado;Brasília;Centro-Oeste;17118;13;App;Roteador;Redes;2;480;15;816;Cartão;Sim;Sim;5;Não;Não;December;16/12/2025
1844;C0711;49;F;Casado;Curitiba;Sul;16712;2;App;Smartwatch;Wearables;1;1600;0;1600;Cartão;Não;Não;4;Não;Não;May;29/05/2025
1845;C0601;65;F;Solteiro;Fortaleza;Nordeste;14689;5;Site;Cadeira Gamer;Móveis;2;1800;0;3600;Boleto;Não;Não;5;Não;Não;November;07/11/2025
1846;C0600;23;F;Solteiro;Fortaleza;Nordeste;18830;10;App;Teclado;Informática;2;220;10;396;Pix;Sim;Sim;2;Sim;Não;June;12/06/2025
1847;C0411;35;F;Divorciado;Curitiba;Sul;14304;2;Loja;Teclado;Informática;3;220;0;660;Boleto;Não;Não;1;Sim;Não;March;19/03/2025
1848;C0596;19;F;Casado;Manaus;Norte;8959;13;Site;Headset;Informática;2;380;5;722;Cartão;Sim;Sim;4;Não;Não;August;23/08/2025
1849;C0051;40;F;Casado;Manaus;Norte;18839;15;Site;Mouse;Informática;2;120;10;216;Cartão;Sim;Sim;4;Não;Não;January;16/01/2025
1850;C0793;60;M;Divorciado;Rio de Janeiro;Sudeste;14116;9;App;Monitor;Informática;1;1100;0;1100;Pix;Não;Não;5;Não;Não;May;14/05/2025
1851;C0200;69;M;Divorciado;Belém;Norte;8300;11;Loja;Smartwatch;Wearables;4;1600;5;6080;Cartão;Sim;Sim;3;Não;Não;November;23/11/2025
1852;C0361;64;M;Solteiro;Recife;Nordeste;10952;14;App;Teclado;Informática;1;220;0;220;Boleto;Não;Não;5;Não;Não;June;10/06/2025
1853;C0777;25;F;Solteiro;Manaus;Norte;15081;13;Site;Smartphone;Telefonia;4;2800;10;10080;Cartão;Sim;Sim;4;Não;Não;February;06/02/2025
1854;C0713;52;F;Divorciado;Fortaleza;Nordeste;8491;0;Site;Roteador;Redes;3;480;10;1296;Pix;Sim;Não;4;Não;Não;June;12/06/2025
1855;C0191;46;M;Solteiro;Rio de Janeiro;Sudeste;8522;13;App;Webcam;Informática;1;260;15;221;Pix;Sim;Sim;5;Não;Não;August;17/08/2025
1856;C0406;70;F;Divorciado;Belém;Norte;7484;11;Loja;SSD 1TB;Armazenamento;1;650;20;520;Pix;Sim;Sim;2;Sim;Não;April;24/04/2025
1857;C0339;51;M;Solteiro;Belém;Norte;4702;13;Loja;Cadeira Gamer;Móveis;3;1800;5;5130;Pix;Sim;Não;3;Não;Não;May;08/05/2025
1858;C0496;52;F;Casado;Rio de Janeiro;Sudeste;19788;15;Site;Mouse;Informática;2;120;0;240;Cartão;Não;Sim;4;Não;Não;December;25/12/2025
1859;C0341;40;F;Solteiro;Belém;Norte;2891;15;Site;Smartwatch;Wearables;1;1600;0;1600;Boleto;Não;Sim;4;Não;Não;May;28/05/2025
1860;C0658;59;F;Casado;Fortaleza;Nordeste;17332;0;App;Roteador;Redes;1;480;10;432;Boleto;Sim;Não;5;Não;Não;December;23/12/2025
1861;C0001;44;F;Casado;Manaus;Norte;16047;6;Site;Notebook;Informática;4;4500;0;18000;Pix;Não;Sim;5;Não;Sim;January;22/01/2025
1862;C0727;38;M;Casado;Brasília;Centro-Oeste;15589;8;Site;Headset;Informática;3;380;0;1140;Boleto;Não;Sim;4;Não;Não;May;07/05/2025
1863;C0138;55;F;Solteiro;Curitiba;Sul;10625;15;App;Notebook;Informática;1;4500;5;4275;Pix;Sim;Sim;5;Não;Não;March;30/03/2025
1864;C0468;27;F;Solteiro;São Paulo;Sudeste;9797;4;Site;Monitor;Informática;4;1100;0;4400;Cartão;Não;Sim;2;Sim;Não;September;14/09/2025
1865;C0722;38;F;Casado;Belém;Norte;20964;0;Site;Roteador;Redes;2;480;10;864;Cartão;Sim;Não;5;Não;Não;October;21/10/2025
1866;C0159;51;M;Casado;Brasília;Centro-Oeste;18615;4;Loja;Teclado;Informática;4;220;10;792;Boleto;Sim;Sim;3;Não;Não;October;24/10/2025
1867;C0054;69;F;Divorciado;Brasília;Centro-Oeste;15107;13;App;Smartphone;Telefonia;4;2800;0;11200;Pix;Não;Sim;4;Não;Sim;December;08/12/2025
1868;C0353;45;F;Divorciado;Fortaleza;Nordeste;15516;11;App;Mouse;Informática;2;120;15;204;Pix;Sim;Sim;4;Não;Não;January;09/01/2025
1869;C0297;52;M;Solteiro;Brasília;Centro-Oeste;9528;4;App;Notebook;Informática;4;4500;0;18000;Cartão;Não;Não;4;Não;Não;August;29/08/2025
1870;C0734;28;F;Divorciado;Fortaleza;Nordeste;17731;6;Site;Monitor;Informática;4;1100;5;4180;Boleto;Sim;Sim;5;Não;Não;September;12/09/2025
1871;C0342;23;M;Divorciado;São Paulo;Sudeste;17727;8;Site;Monitor;Informática;4;1100;0;4400;Cartão;Não;Não;2;Sim;Não;March;06/03/2025
1872;C0679;40;M;Divorciado;Recife;Nordeste;14274;8;Site;Cadeira Gamer;Móveis;2;1800;15;3060;Boleto;Sim;Não;5;Não;Não;February;01/02/2025
1873;C0744;35;F;Divorciado;Brasília;Centro-Oeste;11040;10;Loja;Roteador;Redes;2;480;0;960;Pix;Não;Não;4;Não;Não;April;19/04/2025
1874;C0039;33;F;Divorciado;Belém;Norte;2950;11;Site;Monitor;Informática;1;1100;0;1100;Cartão;Não;Não;3;Sim;Não;January;15/01/2025
1875;C0369;53;M;Solteiro;Manaus;Norte;20002;14;Site;Mouse;Informática;1;120;15;102;Pix;Sim;Não;4;Não;Não;September;04/09/2025
1876;C0254;26;M;Casado;Manaus;Norte;15903;11;Site;Notebook;Informática;1;4500;20;3600;Pix;Sim;Sim;5;Não;Não;June;23/06/2025
1877;C0082;29;F;Solteiro;Rio de Janeiro;Sudeste;18290;7;Loja;Smartwatch;Wearables;2;1600;0;3200;Boleto;Não;Sim;4;Não;Não;June;11/06/2025
1878;C0440;18;F;Divorciado;São Paulo;Sudeste;19151;7;App;SSD 1TB;Armazenamento;1;650;10;585;Pix;Sim;Não;3;Não;Não;December;18/12/2025
1879;C0427;47;M;Solteiro;Recife;Nordeste;5678;10;Site;Smartwatch;Wearables;3;1600;15;4080;Cartão;Sim;Não;5;Não;Não;October;01/10/2025
1880;C0623;60;F;Solteiro;Brasília;Centro-Oeste;16939;7;App;Mouse;Informática;4;120;0;480;Cartão;Não;Sim;5;Não;Não;December;12/12/2025
1881;C0170;37;M;Casado;Curitiba;Sul;15530;6;Loja;SSD 1TB;Armazenamento;2;650;0;1300;Cartão;Não;Não;1;Sim;Não;September;24/09/2025
1882;C0111;20;M;Casado;Belém;Norte;9844;14;App;Mouse;Informática;3;120;0;360;Pix;Não;Sim;4;Não;Não;November;11/11/2025
1883;C0073;60;M;Casado;Belém;Norte;6946;9;Loja;Roteador;Redes;1;480;0;480;Cartão;Não;Sim;4;Não;Não;July;22/07/2025
1884;C0266;65;M;Divorciado;Rio de Janeiro;Sudeste;4109;13;Loja;Cadeira Gamer;Móveis;4;1800;20;5760;Cartão;Sim;Sim;5;Não;Não;May;22/05/2025
1885;C0166;29;M;Divorciado;Recife;Nordeste;18314;1;Site;Headset;Informática;1;380;10;342;Boleto;Sim;Não;4;Não;Não;February;04/02/2025
1886;C0405;18;M;Divorciado;Brasília;Centro-Oeste;14462;3;Loja;Smartphone;Telefonia;1;2800;0;2800;Boleto;Não;Sim;2;Sim;Não;April;19/04/2025
1887;C0544;18;F;Casado;Fortaleza;Nordeste;12658;4;Loja;Headset;Informática;2;380;15;646;Boleto;Sim;Sim;4;Não;Não;September;12/09/2025
1888;C0765;57;M;Divorciado;Recife;Nordeste;15032;13;App;Mouse;Informática;2;120;10;216;Pix;Sim;Sim;4;Não;Não;January;22/01/2025
1889;C0287;67;F;Solteiro;Recife;Nordeste;10758;0;Loja;Cadeira Gamer;Móveis;3;1800;15;4590;Boleto;Sim;Não;5;Não;Não;July;15/07/2025
1890;C0156;57;F;Casado;Belém;Norte;14883;15;Loja;Notebook;Informática;3;4500;15;11475;Pix;Sim;Sim;5;Não;Não;December;06/12/2025
1891;C0090;64;M;Casado;Manaus;Norte;17853;6;Site;Smartphone;Telefonia;3;2800;5;7980;Cartão;Sim;Não;3;Não;Não;September;17/09/2025
1892;C0044;48;M;Divorciado;Recife;Nordeste;18653;4;Site;Headset;Informática;3;380;5;1083;Pix;Sim;Sim;5;Não;Não;June;09/06/2025
1893;C0133;42;M;Solteiro;Recife;Nordeste;14650;2;App;Notebook;Informática;3;4500;10;12150;Pix;Sim;Não;4;Não;Sim;March;18/03/2025
1894;C0597;51;F;Solteiro;Rio de Janeiro;Sudeste;9997;14;Loja;SSD 1TB;Armazenamento;1;650;0;650;Boleto;Não;Não;4;Não;Não;November;28/11/2025
1895;C0134;56;F;Casado;Curitiba;Sul;13344;13;Site;Webcam;Informática;4;260;0;1040;Boleto;Não;Sim;3;Não;Não;October;27/10/2025
1896;C0607;45;F;Casado;Recife;Nordeste;16731;7;Site;Mouse;Informática;1;120;5;114;Pix;Sim;Sim;4;Não;Não;October;05/10/2025
1897;C0626;67;M;Solteiro;Recife;Nordeste;9048;6;App;Impressora;Informática;1;950;0;950;Pix;Não;Sim;4;Não;Não;July;24/07/2025
1898;C0779;50;M;Divorciado;Recife;Nordeste;16371;9;App;Monitor;Informática;3;1100;0;3300;Boleto;Não;Sim;5;Não;Não;October;21/10/2025
1899;C0235;50;M;Casado;Fortaleza;Nordeste;1908;1;Loja;Impressora;Informática;3;950;10;2565;Boleto;Sim;Não;3;Não;Não;June;21/06/2025
1900;C0243;64;F;Casado;Recife;Nordeste;13780;9;App;Cadeira Gamer;Móveis;4;1800;20;5760;Cartão;Sim;Sim;2;Sim;Não;August;10/08/2025
1901;C0704;63;F;Divorciado;Rio de Janeiro;Sudeste;21673;4;App;Notebook;Informática;2;4500;10;8100;Cartão;Sim;Não;5;Não;Não;September;06/09/2025
1902;C0494;47;F;Solteiro;Rio de Janeiro;Sudeste;18647;9;App;Mouse;Informática;1;120;5;114;Cartão;Sim;Sim;3;Não;Não;April;23/04/2025
1903;C0697;69;M;Divorciado;Fortaleza;Nordeste;3974;1;App;SSD 1TB;Armazenamento;4;650;10;2340;Cartão;Sim;Não;3;Não;Não;June;20/06/2025
1904;C0656;62;F;Casado;Belém;Norte;19496;3;Site;Webcam;Informática;3;260;10;702;Boleto;Sim;Sim;1;Sim;Não;November;15/11/2025
1905;C0572;52;F;Solteiro;Manaus;Norte;5514;1;Loja;Headset;Informática;2;380;20;608;Cartão;Sim;Não;3;Não;Não;March;20/03/2025
1906;C0525;42;M;Divorciado;São Paulo;Sudeste;3951;1;Loja;SSD 1TB;Armazenamento;3;650;20;1560;Pix;Sim;Não;4;Não;Não;April;12/04/2025
1907;C0412;26;F;Casado;Rio de Janeiro;Sudeste;17693;0;Site;Webcam;Informática;4;260;10;936;Boleto;Sim;Não;4;Não;Não;July;27/07/2025
1908;C0272;68;M;Solteiro;Manaus;Norte;10182;8;App;Mouse;Informática;3;120;5;342;Cartão;Sim;Sim;5;Não;Não;June;25/06/2025
1909;C0561;45;M;Casado;São Paulo;Sudeste;7780;13;Loja;SSD 1TB;Armazenamento;1;650;5;617,5;Cartão;Sim;Sim;4;Não;Não;August;28/08/2025
1910;C0282;60;F;Casado;São Paulo;Sudeste;18075;15;Site;Smartwatch;Wearables;4;1600;0;6400;Boleto;Não;Sim;4;Não;Não;March;03/03/2025
1911;C0502;58;M;Casado;Recife;Nordeste;4908;7;App;SSD 1TB;Armazenamento;1;650;0;650;Boleto;Não;Não;3;Não;Não;November;17/11/2025
1912;C0149;38;F;Casado;Fortaleza;Nordeste;16976;0;Loja;Smartphone;Telefonia;2;2800;10;5040;Pix;Sim;Não;5;Não;Não;July;20/07/2025
1913;C0101;60;F;Divorciado;Belém;Norte;5526;10;App;SSD 1TB;Armazenamento;1;650;0;650;Cartão;Não;Sim;4;Não;Não;April;09/04/2025
1914;C0205;31;F;Casado;Rio de Janeiro;Sudeste;14577;11;App;Webcam;Informática;1;260;5;247;Cartão;Sim;Sim;5;Não;Não;April;07/04/2025
1915;C0405;53;M;Solteiro;Brasília;Centro-Oeste;3713;0;Site;Headset;Informática;1;380;10;342;Cartão;Sim;Não;5;Não;Não;May;31/05/2025
1916;C0098;43;M;Divorciado;Belém;Norte;10472;4;Site;Webcam;Informática;2;260;10;468;Pix;Sim;Não;5;Não;Não;August;14/08/2025
1917;C0083;28;M;Casado;Manaus;Norte;15970;1;Loja;Notebook;Informática;4;4500;10;16200;Cartão;Sim;Não;4;Não;Não;February;16/02/2025
1918;C0377;18;M;Casado;Fortaleza;Nordeste;16003;0;Site;Notebook;Informática;3;4500;10;12150;Cartão;Sim;Não;4;Não;Não;April;13/04/2025
1919;C0230;19;M;Solteiro;São Paulo;Sudeste;8755;1;App;Smartwatch;Wearables;1;1600;10;1440;Boleto;Sim;Não;5;Não;Não;February;18/02/2025
1920;C0620;45;M;Casado;Curitiba;Sul;17405;12;Loja;Smartwatch;Wearables;3;1600;5;4560;Boleto;Sim;Sim;5;Não;Não;May;29/05/2025
1921;C0102;43;F;Solteiro;São Paulo;Sudeste;14484;4;Loja;Smartphone;Telefonia;2;2800;10;5040;Pix;Sim;Sim;5;Não;Não;February;24/02/2025
1922;C0658;27;F;Solteiro;Rio de Janeiro;Sudeste;21314;7;Site;Roteador;Redes;4;480;0;1920;Pix;Não;Sim;5;Não;Não;March;11/03/2025
1923;C0064;57;F;Casado;Manaus;Norte;20653;9;App;Notebook;Informática;3;4500;0;13500;Boleto;Não;Sim;4;Não;Não;April;14/04/2025
1924;C0003;21;M;Casado;Fortaleza;Nordeste;2121;12;App;Smartphone;Telefonia;2;2800;0;5600;Cartão;Não;Sim;5;Não;Não;February;18/02/2025
1925;C0032;28;F;Casado;Recife;Nordeste;19318;4;Loja;Mouse;Informática;1;120;10;108;Boleto;Sim;Sim;3;Não;Não;September;07/09/2025
1926;C0531;52;M;Casado;São Paulo;Sudeste;13060;4;Site;Smartphone;Telefonia;2;2800;0;5600;Cartão;Não;Sim;5;Não;Não;April;01/04/2025
1927;C0796;64;M;Casado;Brasília;Centro-Oeste;2898;5;Loja;Webcam;Informática;1;260;0;260;Cartão;Não;Não;4;Não;Não;March;09/03/2025
1928;C0470;51;M;Divorciado;Belém;Norte;16298;2;Site;Impressora;Informática;1;950;0;950;Boleto;Não;Não;4;Não;Não;August;20/08/2025
1929;C0777;47;M;Casado;Belém;Norte;14430;9;App;Smartwatch;Wearables;2;1600;0;3200;Pix;Não;Sim;5;Não;Não;April;28/04/2025
1930;C0019;59;M;Solteiro;Rio de Janeiro;Sudeste;7387;2;Site;SSD 1TB;Armazenamento;3;650;10;1755;Cartão;Sim;Não;4;Não;Não;October;14/10/2025
1931;C0550;26;M;Divorciado;São Paulo;Sudeste;6744;11;Loja;SSD 1TB;Armazenamento;4;650;5;2470;Pix;Sim;Sim;5;Não;Não;April;16/04/2025
1932;C0274;57;F;Casado;Fortaleza;Nordeste;3136;6;App;Mouse;Informática;2;120;0;240;Cartão;Não;Não;5;Não;Não;January;13/01/2025
1933;C0575;67;F;Solteiro;Brasília;Centro-Oeste;2669;14;Site;Notebook;Informática;1;4500;5;4275;Pix;Sim;Não;1;Sim;Não;August;20/08/2025
1934;C0451;44;M;Casado;Recife;Nordeste;2152;4;Site;Roteador;Redes;3;480;10;1296;Cartão;Sim;Não;5;Sim;Não;June;21/06/2025
1935;C0226;26;F;Solteiro;Fortaleza;Nordeste;16513;15;Loja;SSD 1TB;Armazenamento;2;650;0;1300;Boleto;Não;Sim;3;Não;Não;November;11/11/2025
1936;C0574;66;F;Casado;Fortaleza;Nordeste;16854;9;App;Roteador;Redes;1;480;0;480;Boleto;Não;Sim;3;Não;Não;May;12/05/2025
1937;C0073;64;M;Divorciado;Fortaleza;Nordeste;2146;0;App;Cadeira Gamer;Móveis;1;1800;10;1620;Cartão;Sim;Não;2;Sim;Não;December;31/12/2025
1938;C0098;29;F;Solteiro;Brasília;Centro-Oeste;4076;7;Site;SSD 1TB;Armazenamento;3;650;10;1755;Pix;Sim;Não;3;Não;Não;February;04/02/2025
1939;C0318;37;F;Casado;Recife;Nordeste;2282;0;Site;Monitor;Informática;1;1100;10;990;Cartão;Sim;Não;5;Sim;Não;May;06/05/2025
1940;C0481;34;M;Casado;Fortaleza;Nordeste;10864;6;Loja;SSD 1TB;Armazenamento;1;650;0;650;Boleto;Não;Sim;5;Não;Não;January;02/01/2025
1941;C0427;55;F;Casado;Rio de Janeiro;Sudeste;17104;0;Loja;Roteador;Redes;1;480;10;432;Cartão;Sim;Não;5;Não;Não;November;13/11/2025
1942;C0170;24;F;Solteiro;Fortaleza;Nordeste;19202;15;Site;Monitor;Informática;1;1100;0;1100;Cartão;Não;Sim;5;Não;Não;March;03/03/2025
1943;C0220;43;M;Casado;Fortaleza;Nordeste;20288;8;Site;Cadeira Gamer;Móveis;2;1800;10;3240;Cartão;Sim;Sim;4;Não;Não;July;26/07/2025
1944;C0203;28;M;Solteiro;Curitiba;Sul;16054;12;Site;Notebook;Informática;2;4500;0;9000;Pix;Não;Sim;5;Não;Não;August;27/08/2025
1945;C0725;23;F;Solteiro;Belém;Norte;6449;4;Site;Notebook;Informática;4;4500;0;18000;Boleto;Não;Sim;5;Não;Não;October;29/10/2025
1946;C0095;33;M;Solteiro;Belém;Norte;4009;1;Loja;Monitor;Informática;3;1100;10;2970;Pix;Sim;Não;4;Não;Não;May;16/05/2025
1947;C0402;44;M;Solteiro;Brasília;Centro-Oeste;2712;10;App;Smartwatch;Wearables;1;1600;10;1440;Pix;Sim;Sim;5;Não;Não;September;20/09/2025
1948;C0499;57;M;Casado;Curitiba;Sul;3219;14;Loja;Smartphone;Telefonia;4;2800;0;11200;Pix;Não;Não;5;Não;Sim;October;12/10/2025
1949;C0328;18;F;Casado;Rio de Janeiro;Sudeste;10859;0;Site;Smartwatch;Wearables;4;1600;10;5760;Cartão;Sim;Não;4;Não;Não;March;31/03/2025
1950;C0638;65;F;Solteiro;Fortaleza;Nordeste;9102;2;App;Monitor;Informática;4;1100;0;4400;Boleto;Não;Não;4;Não;Não;November;02/11/2025
1951;C0761;44;M;Solteiro;Curitiba;Sul;10892;6;Site;Smartwatch;Wearables;4;1600;20;5120;Cartão;Sim;Não;3;Não;Sim;February;07/02/2025
1952;C0091;66;M;Solteiro;Curitiba;Sul;21189;7;App;Mouse;Informática;3;120;10;324;Boleto;Sim;Não;4;Não;Não;January;12/01/2025
1953;C0166;44;F;Divorciado;Belém;Norte;7379;8;App;SSD 1TB;Armazenamento;1;650;0;650;Cartão;Não;Sim;4;Não;Não;January;07/01/2025
1954;C0770;36;F;Divorciado;Fortaleza;Nordeste;16744;15;Site;SSD 1TB;Armazenamento;4;650;15;2210;Boleto;Sim;Sim;5;Não;Não;March;15/03/2025
1955;C0709;63;F;Casado;Manaus;Norte;19690;5;Site;Smartphone;Telefonia;2;2800;0;5600;Boleto;Não;Não;5;Não;Não;March;06/03/2025
1956;C0480;36;F;Casado;Curitiba;Sul;13702;5;Loja;Smartphone;Telefonia;1;2800;15;2380;Boleto;Sim;Não;4;Não;Não;April;02/04/2025
1957;C0049;60;F;Divorciado;Manaus;Norte;11082;12;App;Notebook;Informática;3;4500;0;13500;Pix;Não;Sim;5;Não;Não;July;23/07/2025
1958;C0616;70;F;Casado;São Paulo;Sudeste;7156;3;Loja;Smartphone;Telefonia;4;2800;5;10640;Boleto;Sim;Não;3;Não;Não;November;21/11/2025
1959;C0614;65;M;Divorciado;São Paulo;Sudeste;13719;13;Loja;Smartwatch;Wearables;1;1600;0;1600;Boleto;Não;Sim;3;Não;Não;May;01/05/2025
1960;C0756;27;M;Casado;Recife;Nordeste;7433;7;App;Impressora;Informática;2;950;10;1710;Pix;Sim;Sim;4;Não;Não;December;08/12/2025
1961;C0249;62;F;Divorciado;Manaus;Norte;2956;4;Loja;Headset;Informática;2;380;0;760;Cartão;Não;Sim;5;Não;Não;March;01/03/2025
1962;C0325;38;M;Casado;Curitiba;Sul;18307;0;Loja;Impressora;Informática;4;950;10;3420;Pix;Sim;Não;4;Não;Não;March;25/03/2025
1963;C0442;62;F;Casado;Manaus;Norte;19297;6;App;Mouse;Informática;2;120;10;216;Boleto;Sim;Não;5;Não;Não;July;11/07/2025
1964;C0226;48;M;Solteiro;Manaus;Norte;13274;5;Loja;Notebook;Informática;1;4500;5;4275;Pix;Sim;Sim;5;Não;Não;February;23/02/2025
1965;C0510;20;F;Divorciado;Rio de Janeiro;Sudeste;19745;9;App;Monitor;Informática;2;1100;0;2200;Cartão;Não;Sim;5;Não;Não;June;14/06/2025
1966;C0036;55;F;Divorciado;Rio de Janeiro;Sudeste;7182;3;App;Notebook;Informática;2;4500;0;9000;Cartão;Não;Não;4;Não;Não;September;02/09/2025
1967;C0605;59;F;Divorciado;Belém;Norte;14210;3;Site;Headset;Informática;1;380;0;380;Pix;Não;Não;4;Não;Não;July;03/07/2025
1968;C0777;50;F;Casado;Fortaleza;Nordeste;2544;15;App;Notebook;Informática;2;4500;5;8550;Pix;Sim;Sim;5;Não;Não;October;02/10/2025
1969;C0064;65;M;Divorciado;Rio de Janeiro;Sudeste;21746;7;Loja;Mouse;Informática;1;120;10;108;Cartão;Sim;Não;1;Sim;Não;May;04/05/2025
1970;C0312;57;F;Solteiro;Belém;Norte;14839;8;Site;Teclado;Informática;1;220;0;220;Boleto;Não;Sim;4;Não;Não;November;18/11/2025
1971;C0551;44;M;Casado;Recife;Nordeste;14134;13;App;Monitor;Informática;2;1100;10;1980;Pix;Sim;Sim;4;Não;Não;September;08/09/2025
1972;C0183;67;F;Solteiro;Curitiba;Sul;8742;8;App;Impressora;Informática;1;950;0;950;Pix;Não;Sim;5;Não;Não;March;04/03/2025
1973;C0041;47;F;Casado;Curitiba;Sul;21881;3;Site;Mouse;Informática;4;120;0;480;Boleto;Não;Sim;5;Não;Não;June;28/06/2025
1974;C0659;32;F;Solteiro;São Paulo;Sudeste;2556;11;App;Smartphone;Telefonia;3;2800;10;7560;Pix;Sim;Sim;5;Não;Não;May;23/05/2025
1975;C0624;54;M;Solteiro;Belém;Norte;3499;8;Site;Smartwatch;Wearables;1;1600;5;1520;Cartão;Sim;Sim;4;Não;Não;July;02/07/2025
1976;C0158;41;F;Casado;Curitiba;Sul;8437;9;Site;Smartphone;Telefonia;4;2800;20;8960;Pix;Sim;Sim;4;Não;Não;April;19/04/2025
1977;C0254;38;F;Solteiro;Belém;Norte;19582;4;Site;Mouse;Informática;2;120;0;240;Boleto;Não;Sim;3;Não;Não;August;11/08/2025
1978;C0778;65;F;Solteiro;Fortaleza;Nordeste;4355;14;Loja;Webcam;Informática;2;260;0;520;Pix;Não;Sim;5;Não;Não;June;08/06/2025
1979;C0696;26;M;Casado;Recife;Nordeste;16719;11;App;Impressora;Informática;1;950;5;902,5;Pix;Sim;Não;4;Não;Não;May;30/05/2025
1980;C0700;39;M;Casado;Manaus;Norte;2366;6;Loja;Mouse;Informática;3;120;0;360;Cartão;Não;Sim;4;Não;Não;December;03/12/2025
1981;C0046;39;M;Divorciado;Manaus;Norte;4015;0;Loja;Mouse;Informática;1;120;10;108;Boleto;Sim;Não;4;Não;Não;April;21/04/2025
1982;C0694;18;F;Solteiro;Belém;Norte;18376;2;Loja;Headset;Informática;4;380;10;1368;Cartão;Sim;Não;4;Não;Não;April;29/04/2025
1983;C0660;50;M;Casado;Recife;Nordeste;2082;4;Loja;Cadeira Gamer;Móveis;1;1800;5;1710;Boleto;Sim;Não;4;Não;Não;June;14/06/2025
1984;C0131;53;F;Solteiro;Curitiba;Sul;17237;9;App;Smartwatch;Wearables;1;1600;0;1600;Pix;Não;Sim;5;Não;Não;September;20/09/2025
1985;C0478;61;M;Solteiro;Brasília;Centro-Oeste;6676;8;Site;Impressora;Informática;3;950;0;2850;Cartão;Não;Sim;4;Não;Não;April;25/04/2025
1986;C0462;39;F;Casado;Rio de Janeiro;Sudeste;14779;5;App;Headset;Informática;4;380;5;1444;Boleto;Sim;Sim;4;Não;Não;September;10/09/2025
1987;C0408;48;M;Casado;Fortaleza;Nordeste;12957;14;Site;Roteador;Redes;2;480;0;960;Boleto;Não;Não;3;Não;Não;May;03/05/2025
1988;C0793;50;M;Divorciado;Belém;Norte;9554;12;App;Headset;Informática;4;380;10;1368;Boleto;Sim;Não;4;Não;Não;September;09/09/2025
1989;C0503;69;F;Casado;Rio de Janeiro;Sudeste;2705;12;Loja;Monitor;Informática;4;1100;0;4400;Cartão;Não;Não;3;Não;Não;April;15/04/2025
1990;C0694;68;M;Casado;Brasília;Centro-Oeste;9978;3;Loja;Webcam;Informática;1;260;15;221;Boleto;Sim;Não;3;Não;Não;June;09/06/2025
1991;C0093;24;M;Divorciado;São Paulo;Sudeste;17890;8;App;Smartphone;Telefonia;4;2800;10;10080;Cartão;Sim;Não;5;Não;Não;July;03/07/2025
1992;C0457;21;M;Casado;Brasília;Centro-Oeste;11463;9;Site;Cadeira Gamer;Móveis;3;1800;0;5400;Boleto;Não;Sim;5;Não;Não;December;11/12/2025
1993;C0427;56;F;Divorciado;Brasília;Centro-Oeste;6718;11;Loja;Webcam;Informática;1;260;0;260;Pix;Não;Sim;5;Não;Não;April;22/04/2025
1994;C0234;27;M;Divorciado;Curitiba;Sul;18959;13;App;Notebook;Informática;3;4500;0;13500;Pix;Não;Sim;3;Não;Sim;November;30/11/2025
1995;C0256;35;F;Solteiro;Belém;Norte;4603;1;App;Roteador;Redes;3;480;10;1296;Boleto;Sim;Não;2;Sim;Não;February;25/02/2025
1996;C0276;30;M;Solteiro;Manaus;Norte;17293;4;Site;Mouse;Informática;3;120;0;360;Pix;Não;Não;4;Não;Não;January;07/01/2025
1997;C0611;67;F;Divorciado;Fortaleza;Nordeste;19328;10;Site;Notebook;Informática;2;4500;5;8550;Pix;Sim;Sim;5;Não;Não;April;17/04/2025
1998;C0553;47;F;Divorciado;Curitiba;Sul;13678;1;App;Impressora;Informática;1;950;15;807,5;Pix;Sim;Não;5;Não;Não;October;23/10/2025
1999;C0668;48;F;Casado;São Paulo;Sudeste;12322;6;Loja;SSD 1TB;Armazenamento;3;650;5;1852,5;Boleto;Sim;Não;4;Não;Não;April;22/04/2025
2000;C0427;36;M;Casado;Fortaleza;Nordeste;6759;5;App;Smartphone;Telefonia;1;2800;0;2800;Pix;Não;Sim;3;Não;Não;July;14/07/2025
2001;C0189;19;F;Solteiro;Brasília;Centro-Oeste;21033;3;App;Notebook;Informática;3;4500;5;12825;Pix;Sim;Não;5;Não;Sim;June;13/06/2025
2002;C0779;62;M;Casado;Manaus;Norte;9893;5;Site;Mouse;Informática;1;120;0;120;Pix;Não;Não;5;Não;Não;May;30/05/2025
2003;C0501;59;M;Casado;São Paulo;Sudeste;19200;9;App;Smartphone;Telefonia;2;2800;5;5320;Boleto;Sim;Não;5;Não;Não;June;06/06/2025
2004;C0696;43;F;Solteiro;Fortaleza;Nordeste;10340;10;App;Smartphone;Telefonia;2;2800;0;5600;Boleto;Não;Sim;5;Não;Não;June;17/06/2025
2005;C0613;54;F;Divorciado;São Paulo;Sudeste;4018;2;Site;SSD 1TB;Armazenamento;3;650;5;1852,5;Boleto;Sim;Não;5;Não;Não;February;22/02/2025
2006;C0232;26;M;Divorciado;Curitiba;Sul;19171;9;Loja;Roteador;Redes;4;480;5;1824;Boleto;Sim;Não;5;Não;Não;November;17/11/2025
2007;C0519;38;F;Solteiro;Rio de Janeiro;Sudeste;16109;1;Site;Monitor;Informática;1;1100;10;990;Cartão;Sim;Não;5;Não;Não;April;29/04/2025
2008;C0295;63;F;Casado;Rio de Janeiro;Sudeste;8787;3;App;Impressora;Informática;1;950;15;807,5;Pix;Sim;Sim;4;Não;Não;March;27/03/2025
2009;C0156;48;F;Solteiro;São Paulo;Sudeste;21933;7;Site;Smartwatch;Wearables;3;1600;0;4800;Pix;Não;Sim;3;Não;Não;January;21/01/2025
2010;C0197;20;M;Solteiro;Belém;Norte;2609;15;App;Smartwatch;Wearables;3;1600;10;4320;Boleto;Sim;Sim;3;Não;Não;July;28/07/2025
2011;C0115;44;M;Solteiro;São Paulo;Sudeste;4663;8;Loja;SSD 1TB;Armazenamento;1;650;5;617,5;Pix;Sim;Sim;3;Não;Não;June;24/06/2025
2012;C0198;70;M;Solteiro;Brasília;Centro-Oeste;18713;12;Loja;Impressora;Informática;3;950;5;2707,5;Boleto;Sim;Sim;4;Não;Não;June;26/06/2025
2013;C0164;18;F;Solteiro;Belém;Norte;3514;0;Site;Monitor;Informática;2;1100;10;1980;Boleto;Sim;Não;4;Não;Não;February;02/02/2025
2014;C0325;50;F;Divorciado;São Paulo;Sudeste;21005;15;Loja;Smartphone;Telefonia;3;2800;10;7560;Cartão;Sim;Não;2;Sim;Não;June;14/06/2025
2015;C0072;30;F;Casado;Manaus;Norte;1855;0;App;Mouse;Informática;3;120;15;306;Pix;Sim;Não;5;Não;Não;October;09/10/2025
2016;C0116;42;M;Divorciado;Belém;Norte;14526;2;App;Impressora;Informática;1;950;15;807,5;Boleto;Sim;Não;5;Não;Não;March;12/03/2025
2017;C0680;19;M;Casado;Fortaleza;Nordeste;4316;4;Site;Mouse;Informática;3;120;0;360;Pix;Não;Sim;5;Não;Não;December;19/12/2025
2018;C0279;40;M;Solteiro;Recife;Nordeste;14683;14;App;Cadeira Gamer;Móveis;1;1800;5;1710;Pix;Sim;Não;5;Não;Não;December;11/12/2025
2019;C0134;47;M;Divorciado;Recife;Nordeste;17946;7;Site;Cadeira Gamer;Móveis;1;1800;5;1710;Pix;Sim;Não;5;Não;Não;September;28/09/2025
2020;C0302;42;M;Solteiro;Rio de Janeiro;Sudeste;6754;6;App;Roteador;Redes;1;480;5;456;Boleto;Sim;Sim;5;Não;Não;January;27/01/2025
2021;C0564;44;F;Divorciado;Recife;Nordeste;15523;11;Site;Smartphone;Telefonia;1;2800;0;2800;Cartão;Não;Sim;3;Não;Não;December;18/12/2025
2022;C0390;26;M;Divorciado;Rio de Janeiro;Sudeste;3004;11;Site;Teclado;Informática;3;220;0;660;Pix;Não;Sim;4;Não;Não;October;15/10/2025
2023;C0447;27;M;Divorciado;Curitiba;Sul;8233;5;Loja;Cadeira Gamer;Móveis;3;1800;0;5400;Pix;Não;Não;4;Não;Não;May;09/05/2025
2024;C0051;23;F;Solteiro;Fortaleza;Nordeste;3118;9;Loja;Cadeira Gamer;Móveis;3;1800;0;5400;Boleto;Não;Sim;5;Não;Não;July;27/07/2025
2025;C0319;59;M;Divorciado;Manaus;Norte;10780;3;Loja;Headset;Informática;2;380;20;608;Boleto;Sim;Sim;5;Não;Não;March;17/03/2025
2026;C0307;58;M;Solteiro;Brasília;Centro-Oeste;11598;6;Site;Monitor;Informática;2;1100;10;1980;Boleto;Sim;Não;5;Não;Não;December;06/12/2025
2027;C0311;32;M;Divorciado;Fortaleza;Nordeste;4315;0;App;Teclado;Informática;3;220;10;594;Boleto;Sim;Não;4;Não;Não;September;19/09/2025
2028;C0242;30;F;Casado;Manaus;Norte;15894;1;App;Notebook;Informática;2;4500;10;8100;Boleto;Sim;Não;5;Não;Não;January;27/01/2025
2029;C0715;23;F;Solteiro;Recife;Nordeste;14275;8;App;Impressora;Informática;1;950;0;950;Pix;Não;Sim;2;Sim;Não;September;06/09/2025
2030;C0230;35;F;Solteiro;Curitiba;Sul;15014;12;App;Mouse;Informática;3;120;0;360;Pix;Não;Não;5;Não;Não;September;15/09/2025
2031;C0081;68;F;Casado;Brasília;Centro-Oeste;14978;0;Loja;Headset;Informática;4;380;10;1368;Boleto;Sim;Não;2;Sim;Não;January;01/01/2025
2032;C0229;44;M;Divorciado;São Paulo;Sudeste;14331;12;App;SSD 1TB;Armazenamento;2;650;15;1105;Cartão;Sim;Sim;4;Não;Não;November;28/11/2025
2033;C0188;30;M;Solteiro;Manaus;Norte;4567;7;Site;Headset;Informática;2;380;0;760;Cartão;Não;Sim;4;Não;Não;September;26/09/2025
2034;C0297;35;M;Casado;Curitiba;Sul;4539;3;Site;SSD 1TB;Armazenamento;1;650;0;650;Cartão;Não;Não;5;Não;Não;December;27/12/2025
2035;C0373;29;F;Casado;Brasília;Centro-Oeste;5073;9;Site;SSD 1TB;Armazenamento;4;650;5;2470;Boleto;Sim;Sim;2;Sim;Não;November;25/11/2025
2036;C0662;52;M;Casado;Fortaleza;Nordeste;15449;4;Site;Impressora;Informática;2;950;20;1520;Boleto;Sim;Sim;5;Não;Não;March;29/03/2025
2037;C0288;36;F;Casado;Recife;Nordeste;3091;14;Loja;Smartwatch;Wearables;2;1600;15;2720;Boleto;Sim;Não;4;Não;Não;November;30/11/2025
2038;C0027;59;M;Divorciado;Curitiba;Sul;21215;6;Loja;Roteador;Redes;2;480;0;960;Pix;Não;Não;4;Não;Não;July;20/07/2025
2039;C0480;19;F;Casado;Manaus;Norte;10724;11;App;Notebook;Informática;2;4500;15;7650;Cartão;Sim;Não;5;Não;Não;July;03/07/2025
2040;C0586;68;M;Divorciado;Curitiba;Sul;10815;4;App;Smartwatch;Wearables;3;1600;0;4800;Boleto;Não;Sim;5;Não;Não;March;18/03/2025
2041;C0679;36;F;Solteiro;Curitiba;Sul;2306;12;App;Roteador;Redes;1;480;0;480;Cartão;Não;Não;5;Não;Não;February;11/02/2025
2042;C0292;63;F;Divorciado;Recife;Nordeste;6635;13;Site;SSD 1TB;Armazenamento;4;650;5;2470;Cartão;Sim;Não;1;Sim;Não;February;12/02/2025
2043;C0045;58;F;Solteiro;Belém;Norte;5722;8;App;Mouse;Informática;4;120;15;408;Pix;Sim;Não;5;Não;Não;September;09/09/2025
2044;C0221;54;F;Solteiro;Belém;Norte;19906;2;Loja;Notebook;Informática;2;4500;10;8100;Boleto;Sim;Não;5;Não;Não;May;03/05/2025
2045;C0043;39;M;Solteiro;Brasília;Centro-Oeste;21635;12;App;Webcam;Informática;4;260;0;1040;Cartão;Não;Sim;5;Não;Não;April;05/04/2025
2046;C0233;70;M;Divorciado;São Paulo;Sudeste;4436;2;App;SSD 1TB;Armazenamento;1;650;0;650;Boleto;Não;Não;4;Não;Não;August;02/08/2025
2047;C0460;70;F;Solteiro;Curitiba;Sul;9323;4;App;Notebook;Informática;2;4500;5;8550;Pix;Sim;Sim;5;Não;Não;October;26/10/2025
2048;C0294;67;F;Divorciado;Curitiba;Sul;18841;2;Loja;Notebook;Informática;2;4500;10;8100;Pix;Sim;Não;4;Não;Não;March;08/03/2025
2049;C0645;60;M;Divorciado;Brasília;Centro-Oeste;13689;12;App;Notebook;Informática;3;4500;5;12825;Pix;Sim;Sim;4;Não;Sim;April;27/04/2025
2050;C0127;57;F;Solteiro;Belém;Norte;16488;12;App;Smartphone;Telefonia;4;2800;0;11200;Boleto;Não;Sim;5;Não;Não;June;18/06/2025
2051;C0097;60;F;Casado;São Paulo;Sudeste;21189;15;Loja;Monitor;Informática;4;1100;0;4400;Boleto;Não;Não;5;Não;Não;June;27/06/2025
2052;C0624;30;F;Casado;Manaus;Norte;14971;12;App;Mouse;Informática;3;120;10;324;Pix;Sim;Sim;4;Não;Não;September;27/09/2025
2053;C0674;60;F;Casado;Rio de Janeiro;Sudeste;11919;12;Loja;Cadeira Gamer;Móveis;3;1800;20;4320;Pix;Sim;Sim;3;Não;Não;January;06/01/2025
2054;C0445;55;M;Solteiro;Recife;Nordeste;17549;7;App;Cadeira Gamer;Móveis;4;1800;0;7200;Cartão;Não;Sim;5;Não;Não;February;04/02/2025
2055;C0574;36;F;Divorciado;Manaus;Norte;3815;4;App;Notebook;Informática;3;4500;10;12150;Boleto;Sim;Sim;5;Não;Não;October;12/10/2025
2056;C0739;25;M;Solteiro;São Paulo;Sudeste;12929;0;App;Smartwatch;Wearables;4;1600;10;5760;Boleto;Sim;Não;4;Não;Não;February;07/02/2025
2057;C0380;41;M;Divorciado;Belém;Norte;4608;9;Loja;Cadeira Gamer;Móveis;4;1800;10;6480;Boleto;Sim;Não;3;Não;Não;April;05/04/2025
2058;C0095;57;F;Solteiro;Belém;Norte;12489;0;App;Webcam;Informática;1;260;20;208;Cartão;Sim;Não;5;Não;Não;April;03/04/2025
2059;C0101;29;F;Solteiro;Fortaleza;Nordeste;5015;13;Site;Monitor;Informática;1;1100;15;935;Cartão;Sim;Sim;5;Não;Não;April;29/04/2025
2060;C0022;45;M;Divorciado;Brasília;Centro-Oeste;3289;13;Loja;Monitor;Informática;1;1100;0;1100;Boleto;Não;Sim;5;Não;Não;July;20/07/2025
2061;C0518;39;M;Casado;Manaus;Norte;5272;13;Site;Smartphone;Telefonia;2;2800;15;4760;Cartão;Sim;Sim;5;Não;Não;December;12/12/2025
2062;C0356;44;M;Divorciado;São Paulo;Sudeste;4969;11;Loja;SSD 1TB;Armazenamento;2;650;0;1300;Cartão;Não;Não;4;Não;Não;January;11/01/2025
2063;C0298;38;F;Casado;Brasília;Centro-Oeste;21262;11;Loja;Webcam;Informática;2;260;10;468;Pix;Sim;Sim;4;Não;Não;July;11/07/2025
2064;C0542;32;F;Casado;Curitiba;Sul;15897;12;Loja;Mouse;Informática;1;120;10;108;Pix;Sim;Sim;3;Não;Não;December;27/12/2025
2065;C0798;24;F;Solteiro;Brasília;Centro-Oeste;4117;9;Loja;Roteador;Redes;4;480;20;1536;Boleto;Sim;Não;4;Não;Não;December;01/12/2025
2066;C0017;60;M;Solteiro;Rio de Janeiro;Sudeste;17855;4;Loja;Headset;Informática;3;380;0;1140;Cartão;Não;Não;3;Não;Não;August;18/08/2025
2067;C0459;68;F;Casado;Curitiba;Sul;18149;5;Site;Cadeira Gamer;Móveis;4;1800;5;6840;Pix;Sim;Não;4;Não;Não;July;03/07/2025
2068;C0722;46;F;Casado;Brasília;Centro-Oeste;3559;12;Site;Teclado;Informática;2;220;15;374;Boleto;Sim;Não;4;Não;Não;February;05/02/2025
2069;C0644;51;M;Divorciado;Recife;Nordeste;15901;14;App;Webcam;Informática;4;260;20;832;Boleto;Sim;Sim;5;Não;Sim;July;01/07/2025
2070;C0669;41;M;Divorciado;Brasília;Centro-Oeste;4928;14;Loja;Headset;Informática;4;380;15;1292;Boleto;Sim;Sim;5;Não;Não;December;15/12/2025
2071;C0171;20;M;Casado;Curitiba;Sul;19836;14;Site;Smartwatch;Wearables;3;1600;15;4080;Cartão;Sim;Sim;5;Não;Não;November;08/11/2025
2072;C0055;52;F;Casado;Brasília;Centro-Oeste;12637;5;Site;Smartwatch;Wearables;1;1600;15;1360;Cartão;Sim;Sim;4;Não;Não;May;24/05/2025
2073;C0353;48;F;Divorciado;Curitiba;Sul;11813;3;Site;Smartphone;Telefonia;4;2800;15;9520;Cartão;Sim;Sim;3;Não;Não;July;18/07/2025
2074;C0718;48;M;Solteiro;Brasília;Centro-Oeste;6558;2;Loja;Cadeira Gamer;Móveis;3;1800;10;4860;Boleto;Sim;Não;4;Não;Não;July;08/07/2025
2075;C0574;57;F;Casado;Brasília;Centro-Oeste;10120;7;App;Monitor;Informática;2;1100;20;1760;Cartão;Sim;Não;4;Não;Não;January;24/01/2025
2076;C0351;69;M;Divorciado;Curitiba;Sul;1893;5;App;Cadeira Gamer;Móveis;1;1800;15;1530;Boleto;Sim;Sim;4;Não;Não;June;20/06/2025
2077;C0253;36;F;Divorciado;Brasília;Centro-Oeste;12519;13;Loja;Mouse;Informática;1;120;15;102;Boleto;Sim;Sim;4;Não;Não;October;03/10/2025
2078;C0281;25;F;Solteiro;Rio de Janeiro;Sudeste;21274;8;Site;Cadeira Gamer;Móveis;1;1800;5;1710;Boleto;Sim;Sim;4;Não;Não;June;28/06/2025
2079;C0587;39;F;Solteiro;Brasília;Centro-Oeste;8816;12;App;Notebook;Informática;4;4500;15;15300;Boleto;Sim;Sim;5;Não;Não;August;13/08/2025
2080;C0507;67;F;Casado;Rio de Janeiro;Sudeste;7549;14;App;Teclado;Informática;4;220;0;880;Pix;Não;Sim;3;Não;Não;September;05/09/2025
2081;C0070;52;M;Casado;Fortaleza;Nordeste;16148;13;Site;Impressora;Informática;1;950;0;950;Pix;Não;Sim;3;Não;Não;March;25/03/2025
2082;C0764;36;F;Divorciado;Recife;Nordeste;3198;4;Loja;SSD 1TB;Armazenamento;1;650;0;650;Boleto;Não;Não;3;Não;Não;January;10/01/2025
2083;C0682;18;M;Divorciado;Recife;Nordeste;4560;3;Site;Roteador;Redes;1;480;20;384;Pix;Sim;Não;4;Não;Não;July;27/07/2025
2084;C0381;46;M;Casado;Curitiba;Sul;10613;2;Site;Smartphone;Telefonia;2;2800;5;5320;Boleto;Sim;Não;5;Não;Não;September;24/09/2025
2085;C0769;33;M;Casado;Rio de Janeiro;Sudeste;3660;13;Site;Roteador;Redes;2;480;0;960;Cartão;Não;Sim;5;Não;Não;August;14/08/2025
2086;C0255;25;F;Casado;Fortaleza;Nordeste;5020;15;Loja;SSD 1TB;Armazenamento;3;650;0;1950;Boleto;Não;Sim;5;Não;Não;August;07/08/2025
2087;C0326;51;M;Solteiro;Curitiba;Sul;17282;8;Loja;Impressora;Informática;1;950;0;950;Boleto;Não;Não;2;Sim;Não;November;29/11/2025
2088;C0464;57;M;Solteiro;São Paulo;Sudeste;10805;15;Site;Smartphone;Telefonia;4;2800;0;11200;Pix;Não;Sim;4;Não;Sim;April;27/04/2025
2089;C0234;49;M;Solteiro;Fortaleza;Nordeste;14136;9;Loja;Impressora;Informática;3;950;5;2707,5;Pix;Sim;Sim;5;Não;Não;June;05/06/2025
2090;C0376;53;F;Casado;Rio de Janeiro;Sudeste;11606;5;App;Cadeira Gamer;Móveis;4;1800;0;7200;Boleto;Não;Sim;3;Não;Não;July;29/07/2025
2091;C0232;18;F;Solteiro;Brasília;Centro-Oeste;20463;15;Loja;Monitor;Informática;1;1100;0;1100;Cartão;Não;Sim;3;Não;Não;March;11/03/2025
2092;C0151;63;M;Casado;Manaus;Norte;12364;4;Site;Smartphone;Telefonia;1;2800;0;2800;Cartão;Não;Sim;4;Não;Não;March;21/03/2025
2093;C0592;43;F;Divorciado;Recife;Nordeste;15029;9;Loja;Monitor;Informática;1;1100;0;1100;Cartão;Não;Sim;4;Não;Não;September;07/09/2025
2094;C0493;44;F;Divorciado;Manaus;Norte;17615;6;App;Smartphone;Telefonia;4;2800;15;9520;Pix;Sim;Não;5;Não;Não;April;15/04/2025
2095;C0112;25;M;Divorciado;Rio de Janeiro;Sudeste;21973;14;App;Headset;Informática;3;380;5;1083;Cartão;Sim;Sim;5;Não;Não;July;25/07/2025
2096;C0032;46;M;Casado;Rio de Janeiro;Sudeste;13441;1;Loja;Teclado;Informática;1;220;15;187;Pix;Sim;Não;5;Não;Não;November;25/11/2025
2097;C0592;51;M;Solteiro;Brasília;Centro-Oeste;15006;11;Site;Notebook;Informática;3;4500;20;10800;Boleto;Sim;Sim;4;Não;Não;August;28/08/2025
2098;C0041;50;M;Divorciado;Manaus;Norte;19535;4;Site;Mouse;Informática;2;120;0;240;Boleto;Não;Sim;4;Não;Não;October;16/10/2025
2099;C0667;66;M;Solteiro;Recife;Nordeste;20125;1;Loja;Impressora;Informática;2;950;10;1710;Boleto;Sim;Não;5;Não;Não;November;27/11/2025
2100;C0566;34;F;Casado;São Paulo;Sudeste;20451;14;App;Smartphone;Telefonia;2;2800;15;4760;Pix;Sim;Sim;5;Não;Não;April;10/04/2025
2101;C0158;23;M;Casado;Recife;Nordeste;6377;2;Site;Monitor;Informática;2;1100;5;2090;Cartão;Sim;Não;2;Sim;Não;April;08/04/2025
2102;C0180;42;F;Solteiro;Rio de Janeiro;Sudeste;9865;10;Loja;Mouse;Informática;4;120;0;480;Boleto;Não;Sim;1;Sim;Não;June;08/06/2025
2103;C0435;59;M;Divorciado;São Paulo;Sudeste;11353;11;App;Smartphone;Telefonia;4;2800;15;9520;Boleto;Sim;Sim;2;Sim;Não;August;20/08/2025
2104;C0662;36;M;Divorciado;Rio de Janeiro;Sudeste;5227;11;App;Monitor;Informática;3;1100;0;3300;Boleto;Não;Não;3;Não;Não;July;23/07/2025
2105;C0195;45;M;Solteiro;Fortaleza;Nordeste;2522;6;App;Impressora;Informática;4;950;5;3610;Cartão;Sim;Sim;5;Não;Não;March;15/03/2025
2106;C0229;44;M;Casado;Manaus;Norte;11418;5;Site;Notebook;Informática;3;4500;15;11475;Cartão;Sim;Sim;4;Não;Não;September;20/09/2025
2107;C0428;62;M;Casado;Fortaleza;Nordeste;3657;10;App;Smartphone;Telefonia;3;2800;20;6720;Cartão;Sim;Sim;5;Não;Não;December;06/12/2025
2108;C0444;36;M;Divorciado;Rio de Janeiro;Sudeste;13399;13;Loja;Teclado;Informática;3;220;5;627;Pix;Sim;Sim;3;Não;Não;April;10/04/2025
2109;C0556;62;M;Divorciado;São Paulo;Sudeste;19760;0;App;Smartphone;Telefonia;3;2800;10;7560;Cartão;Sim;Não;3;Não;Não;October;04/10/2025
2110;C0557;34;M;Solteiro;Recife;Nordeste;10115;2;App;Roteador;Redes;4;480;0;1920;Pix;Não;Não;4;Não;Não;October;27/10/2025
2111;C0011;57;M;Divorciado;Brasília;Centro-Oeste;12779;9;Loja;Headset;Informática;3;380;5;1083;Cartão;Sim;Sim;4;Não;Não;March;06/03/2025
2112;C0555;63;M;Casado;São Paulo;Sudeste;14535;4;App;Monitor;Informática;2;1100;0;2200;Cartão;Não;Sim;3;Não;Não;March;22/03/2025
2113;C0682;59;F;Divorciado;Curitiba;Sul;6356;9;Loja;Notebook;Informática;4;4500;5;17100;Cartão;Sim;Sim;2;Sim;Não;April;28/04/2025
2114;C0007;36;M;Divorciado;Brasília;Centro-Oeste;5280;13;App;SSD 1TB;Armazenamento;2;650;5;1235;Boleto;Sim;Não;3;Não;Não;October;25/10/2025
2115;C0519;55;M;Solteiro;Manaus;Norte;20653;12;Loja;Notebook;Informática;1;4500;0;4500;Cartão;Não;Sim;5;Não;Não;October;01/10/2025
2116;C0240;57;F;Divorciado;Brasília;Centro-Oeste;7978;15;Loja;SSD 1TB;Armazenamento;2;650;0;1300;Pix;Não;Não;5;Não;Não;June;01/06/2025
2117;C0237;54;F;Casado;Brasília;Centro-Oeste;20878;10;App;Cadeira Gamer;Móveis;1;1800;20;1440;Cartão;Sim;Não;3;Não;Não;June;28/06/2025
2118;C0492;30;M;Divorciado;Rio de Janeiro;Sudeste;7992;5;Site;Headset;Informática;3;380;0;1140;Pix;Não;Não;3;Não;Não;June;15/06/2025
2119;C0296;67;F;Divorciado;Brasília;Centro-Oeste;17033;5;Site;Smartwatch;Wearables;3;1600;0;4800;Boleto;Não;Sim;5;Não;Não;June;26/06/2025
2120;C0379;67;M;Casado;São Paulo;Sudeste;13653;6;App;Monitor;Informática;2;1100;0;2200;Cartão;Não;Sim;5;Não;Não;May;27/05/2025
2121;C0726;63;F;Solteiro;Brasília;Centro-Oeste;18826;4;Site;Notebook;Informática;3;4500;5;12825;Pix;Sim;Sim;4;Não;Não;October;03/10/2025
2122;C0466;29;M;Casado;Recife;Nordeste;5372;5;Loja;Notebook;Informática;3;4500;0;13500;Pix;Não;Não;3;Não;Não;December;20/12/2025
2123;C0789;50;M;Divorciado;Manaus;Norte;21964;4;App;Mouse;Informática;4;120;5;456;Boleto;Sim;Sim;5;Não;Não;September;19/09/2025
2124;C0239;53;F;Divorciado;Curitiba;Sul;13481;4;Loja;Roteador;Redes;4;480;0;1920;Boleto;Não;Sim;5;Não;Não;October;09/10/2025
2125;C0215;35;F;Solteiro;Recife;Nordeste;16655;2;Site;Teclado;Informática;1;220;15;187;Boleto;Sim;Não;3;Não;Não;September;25/09/2025
2126;C0519;45;F;Solteiro;Recife;Nordeste;2745;1;Site;Impressora;Informática;3;950;10;2565;Pix;Sim;Não;5;Sim;Não;January;29/01/2025
2127;C0613;32;M;Divorciado;Rio de Janeiro;Sudeste;15290;1;App;Cadeira Gamer;Móveis;4;1800;10;6480;Pix;Sim;Não;5;Não;Não;September;23/09/2025
2128;C0354;68;M;Solteiro;Fortaleza;Nordeste;19594;15;Loja;Webcam;Informática;4;260;0;1040;Cartão;Não;Não;4;Não;Não;November;10/11/2025
2129;C0370;69;M;Divorciado;São Paulo;Sudeste;5610;7;App;Monitor;Informática;3;1100;10;2970;Boleto;Sim;Não;3;Não;Não;August;17/08/2025
2130;C0775;23;M;Solteiro;Rio de Janeiro;Sudeste;18542;4;Site;Smartwatch;Wearables;1;1600;0;1600;Cartão;Não;Sim;5;Não;Não;December;09/12/2025
2131;C0234;33;M;Divorciado;Rio de Janeiro;Sudeste;13806;13;App;Smartphone;Telefonia;4;2800;0;11200;Cartão;Não;Não;3;Não;Não;March;27/03/2025
2132;C0451;32;F;Solteiro;Recife;Nordeste;6253;6;Loja;Notebook;Informática;2;4500;0;9000;Boleto;Não;Não;5;Não;Não;April;07/04/2025
2133;C0286;18;M;Divorciado;Recife;Nordeste;8563;13;Loja;Roteador;Redes;1;480;5;456;Boleto;Sim;Sim;4;Não;Não;September;20/09/2025
2134;C0090;37;M;Casado;Rio de Janeiro;Sudeste;6451;10;App;Headset;Informática;3;380;0;1140;Cartão;Não;Sim;4;Não;Não;August;13/08/2025
2135;C0211;57;M;Solteiro;Curitiba;Sul;3683;10;Site;Smartwatch;Wearables;1;1600;10;1440;Pix;Sim;Não;5;Não;Não;July;14/07/2025
2136;C0084;69;M;Divorciado;Curitiba;Sul;10314;15;App;SSD 1TB;Armazenamento;1;650;0;650;Boleto;Não;Sim;5;Não;Não;January;29/01/2025
2137;C0573;29;F;Solteiro;Curitiba;Sul;14180;13;App;Monitor;Informática;3;1100;5;3135;Cartão;Sim;Sim;5;Não;Não;June;07/06/2025
2138;C0125;33;F;Divorciado;Manaus;Norte;10928;8;Loja;Mouse;Informática;2;120;15;204;Cartão;Sim;Sim;4;Não;Não;October;03/10/2025
2139;C0689;54;M;Solteiro;Recife;Nordeste;13052;9;Loja;Notebook;Informática;3;4500;0;13500;Boleto;Não;Sim;5;Não;Não;February;10/02/2025
2140;C0793;52;M;Casado;Fortaleza;Nordeste;8407;9;Site;Mouse;Informática;3;120;0;360;Boleto;Não;Não;5;Não;Não;November;19/11/2025
2141;C0457;19;M;Casado;Manaus;Norte;11405;12;Loja;Smartphone;Telefonia;4;2800;0;11200;Pix;Não;Não;4;Não;Não;February;26/02/2025
2142;C0703;34;M;Casado;Manaus;Norte;10082;12;Site;Notebook;Informática;3;4500;0;13500;Boleto;Não;Não;4;Não;Não;November;19/11/2025
2143;C0662;57;F;Divorciado;Recife;Nordeste;3337;13;Site;SSD 1TB;Armazenamento;1;650;5;617,5;Boleto;Sim;Não;5;Não;Não;May;25/05/2025
2144;C0503;39;M;Casado;Belém;Norte;12008;7;App;Smartphone;Telefonia;2;2800;0;5600;Cartão;Não;Não;4;Não;Não;October;14/10/2025
2145;C0294;39;F;Divorciado;Manaus;Norte;14528;10;Loja;Notebook;Informática;1;4500;0;4500;Cartão;Não;Sim;4;Não;Não;December;27/12/2025
2146;C0663;50;F;Solteiro;Brasília;Centro-Oeste;18538;15;App;Mouse;Informática;3;120;5;342;Boleto;Sim;Não;4;Não;Não;February;15/02/2025
2147;C0197;70;M;Casado;Brasília;Centro-Oeste;17292;11;App;Smartwatch;Wearables;4;1600;10;5760;Boleto;Sim;Sim;5;Não;Não;February;08/02/2025
2148;C0348;21;M;Divorciado;Manaus;Norte;18864;13;Loja;Mouse;Informática;4;120;15;408;Pix;Sim;Não;4;Não;Não;June;05/06/2025
2149;C0141;36;M;Casado;Brasília;Centro-Oeste;6879;2;Site;Notebook;Informática;3;4500;0;13500;Pix;Não;Não;3;Não;Não;March;21/03/2025
2150;C0122;56;F;Casado;Belém;Norte;4680;7;Site;Mouse;Informática;4;120;5;456;Pix;Sim;Não;5;Não;Não;May;19/05/2025
2151;C0790;32;M;Solteiro;Manaus;Norte;12670;6;App;Smartphone;Telefonia;2;2800;5;5320;Cartão;Sim;Sim;5;Não;Não;October;03/10/2025
2152;C0644;70;F;Divorciado;Recife;Nordeste;6168;13;Loja;Notebook;Informática;4;4500;0;18000;Cartão;Não;Sim;1;Sim;Não;January;30/01/2025
2153;C0057;28;M;Solteiro;Fortaleza;Nordeste;2655;2;App;Webcam;Informática;3;260;0;780;Pix;Não;Não;4;Não;Não;November;08/11/2025
2154;C0053;59;F;Solteiro;Brasília;Centro-Oeste;13645;15;Loja;SSD 1TB;Armazenamento;1;650;0;650;Pix;Não;Sim;3;Não;Não;September;11/09/2025
2155;C0038;64;F;Divorciado;Manaus;Norte;5053;5;App;Notebook;Informática;4;4500;20;14400;Pix;Sim;Sim;5;Não;Sim;June;05/06/2025
2156;C0331;60;M;Casado;Recife;Nordeste;20852;0;App;Smartwatch;Wearables;3;1600;10;4320;Boleto;Sim;Não;5;Não;Não;April;07/04/2025
2157;C0142;48;F;Casado;Brasília;Centro-Oeste;7557;13;Loja;SSD 1TB;Armazenamento;4;650;5;2470;Boleto;Sim;Não;5;Não;Não;March;10/03/2025
2158;C0261;70;M;Solteiro;Belém;Norte;12586;5;Site;Impressora;Informática;3;950;0;2850;Cartão;Não;Sim;4;Não;Não;July;08/07/2025
2159;C0072;35;F;Casado;Belém;Norte;14245;5;App;SSD 1TB;Armazenamento;2;650;0;1300;Boleto;Não;Sim;4;Não;Não;December;02/12/2025
2160;C0457;62;F;Casado;Brasília;Centro-Oeste;18044;9;App;Smartwatch;Wearables;2;1600;5;3040;Cartão;Sim;Sim;4;Não;Não;March;25/03/2025
2161;C0233;21;F;Casado;Curitiba;Sul;3996;15;App;Smartphone;Telefonia;3;2800;15;7140;Pix;Sim;Não;5;Não;Não;April;25/04/2025
2162;C0455;32;F;Solteiro;São Paulo;Sudeste;11585;10;Site;Smartwatch;Wearables;2;1600;15;2720;Cartão;Sim;Sim;5;Não;Não;November;07/11/2025
2163;C0291;49;M;Casado;Recife;Nordeste;3841;1;Site;SSD 1TB;Armazenamento;2;650;20;1040;Boleto;Sim;Não;4;Não;Não;August;30/08/2025
2164;C0682;19;F;Casado;Brasília;Centro-Oeste;21173;15;Loja;Cadeira Gamer;Móveis;1;1800;20;1440;Boleto;Sim;Não;3;Não;Não;September;11/09/2025
2165;C0253;24;F;Solteiro;Fortaleza;Nordeste;12645;7;Site;Mouse;Informática;3;120;15;306;Boleto;Sim;Sim;4;Não;Não;November;06/11/2025
2166;C0109;58;F;Solteiro;Brasília;Centro-Oeste;17829;4;Loja;Roteador;Redes;4;480;5;1824;Boleto;Sim;Sim;1;Sim;Não;August;26/08/2025
2167;C0122;54;F;Solteiro;Belém;Norte;15970;5;Loja;Smartphone;Telefonia;4;2800;15;9520;Cartão;Sim;Sim;2;Sim;Não;December;01/12/2025
2168;C0647;44;M;Divorciado;Recife;Nordeste;8467;0;Site;Headset;Informática;3;380;15;969;Boleto;Sim;Não;5;Não;Não;February;24/02/2025
2169;C0698;53;F;Divorciado;Rio de Janeiro;Sudeste;17337;6;App;Cadeira Gamer;Móveis;3;1800;5;5130;Boleto;Sim;Sim;4;Não;Não;May;30/05/2025
2170;C0064;27;M;Casado;Recife;Nordeste;20147;15;Site;Impressora;Informática;4;950;15;3230;Pix;Sim;Sim;5;Não;Não;November;15/11/2025
2171;C0460;55;F;Casado;Rio de Janeiro;Sudeste;1855;8;Loja;Webcam;Informática;4;260;0;1040;Pix;Não;Sim;4;Não;Não;April;10/04/2025
2172;C0293;51;F;Divorciado;Fortaleza;Nordeste;5252;8;Site;Roteador;Redes;1;480;0;480;Pix;Não;Sim;5;Não;Não;May;06/05/2025
2173;C0319;69;M;Divorciado;Rio de Janeiro;Sudeste;7298;2;App;SSD 1TB;Armazenamento;3;650;5;1852,5;Pix;Sim;Não;5;Não;Não;July;02/07/2025
2174;C0316;44;M;Casado;São Paulo;Sudeste;2256;14;Loja;Monitor;Informática;3;1100;5;3135;Pix;Sim;Sim;4;Não;Não;March;28/03/2025
2175;C0561;18;M;Casado;Brasília;Centro-Oeste;4106;9;Site;SSD 1TB;Armazenamento;4;650;15;2210;Cartão;Sim;Não;4;Não;Não;June;16/06/2025
2176;C0388;44;M;Casado;Fortaleza;Nordeste;4601;0;Loja;Smartphone;Telefonia;4;2800;10;10080;Boleto;Sim;Não;5;Não;Não;March;31/03/2025
2177;C0238;43;F;Solteiro;Rio de Janeiro;Sudeste;14108;5;App;Teclado;Informática;4;220;5;836;Cartão;Sim;Sim;5;Não;Não;February;02/02/2025
2178;C0399;67;M;Solteiro;Manaus;Norte;8738;6;Loja;Smartphone;Telefonia;3;2800;20;6720;Pix;Sim;Sim;4;Não;Não;May;16/05/2025
2179;C0126;60;M;Divorciado;Brasília;Centro-Oeste;8515;3;Site;Impressora;Informática;2;950;0;1900;Pix;Não;Não;5;Não;Não;March;22/03/2025
2180;C0422;27;M;Divorciado;Brasília;Centro-Oeste;6209;4;Loja;Headset;Informática;3;380;10;1026;Boleto;Sim;Sim;3;Não;Não;July;03/07/2025
2181;C0455;62;F;Casado;Belém;Norte;13306;4;App;Monitor;Informática;4;1100;0;4400;Boleto;Não;Sim;2;Sim;Não;November;28/11/2025
2182;C0525;44;M;Casado;Rio de Janeiro;Sudeste;20730;2;Loja;Roteador;Redes;4;480;5;1824;Cartão;Sim;Não;4;Não;Não;October;12/10/2025
2183;C0700;58;F;Divorciado;Curitiba;Sul;2066;7;App;Roteador;Redes;2;480;0;960;Pix;Não;Sim;4;Não;Não;April;18/04/2025
2184;C0414;46;F;Solteiro;Curitiba;Sul;16379;2;Loja;Mouse;Informática;2;120;0;240;Boleto;Não;Não;4;Não;Não;January;02/01/2025
2185;C0574;58;F;Solteiro;Brasília;Centro-Oeste;17620;7;Loja;Teclado;Informática;4;220;0;880;Cartão;Não;Sim;4;Não;Não;January;21/01/2025
2186;C0379;27;F;Casado;São Paulo;Sudeste;17372;2;App;Smartphone;Telefonia;1;2800;15;2380;Cartão;Sim;Não;4;Não;Não;June;22/06/2025
2187;C0325;34;F;Solteiro;São Paulo;Sudeste;13346;14;Loja;SSD 1TB;Armazenamento;1;650;0;650;Cartão;Não;Sim;5;Não;Não;August;12/08/2025
2188;C0022;30;F;Divorciado;Rio de Janeiro;Sudeste;9238;3;Loja;Smartphone;Telefonia;4;2800;5;10640;Cartão;Sim;Sim;5;Não;Não;December;23/12/2025
2189;C0175;27;F;Divorciado;Belém;Norte;19513;1;Site;Smartphone;Telefonia;3;2800;10;7560;Cartão;Sim;Não;2;Sim;Não;December;14/12/2025
2190;C0689;45;M;Divorciado;Rio de Janeiro;Sudeste;18957;0;App;Teclado;Informática;3;220;10;594;Cartão;Sim;Não;4;Não;Não;April;27/04/2025
2191;C0252;66;M;Solteiro;Fortaleza;Nordeste;5625;9;App;Smartphone;Telefonia;2;2800;10;5040;Cartão;Sim;Sim;5;Não;Não;November;30/11/2025
2192;C0250;63;F;Solteiro;Belém;Norte;20382;1;Site;Headset;Informática;1;380;10;342;Cartão;Sim;Não;5;Não;Não;October;13/10/2025
2193;C0525;45;M;Solteiro;Belém;Norte;5308;7;App;Monitor;Informática;4;1100;0;4400;Cartão;Não;Sim;4;Não;Não;June;26/06/2025
2194;C0135;56;M;Casado;Curitiba;Sul;1896;10;App;Headset;Informática;3;380;15;969;Pix;Sim;Sim;5;Não;Não;January;08/01/2025
2195;C0591;24;F;Divorciado;São Paulo;Sudeste;21761;0;Loja;Smartphone;Telefonia;1;2800;10;2520;Cartão;Sim;Não;3;Não;Não;February;20/02/2025
2196;C0008;22;M;Casado;Brasília;Centro-Oeste;14789;14;App;Roteador;Redes;1;480;15;408;Pix;Sim;Sim;4;Não;Não;December;16/12/2025
2197;C0064;56;F;Casado;Rio de Janeiro;Sudeste;13219;1;App;Smartwatch;Wearables;3;1600;10;4320;Boleto;Sim;Não;5;Não;Não;October;10/10/2025
2198;C0345;46;F;Casado;São Paulo;Sudeste;18201;7;Loja;Smartphone;Telefonia;3;2800;10;7560;Cartão;Sim;Sim;5;Não;Não;May;19/05/2025
2199;C0336;59;F;Casado;Rio de Janeiro;Sudeste;20740;15;Site;SSD 1TB;Armazenamento;1;650;15;552,5;Cartão;Sim;Sim;4;Não;Não;August;17/08/2025
2200;C0369;20;M;Divorciado;Manaus;Norte;21553;2;Loja;Headset;Informática;4;380;0;1520;Cartão;Não;Não;4;Não;Não;November;05/11/2025
2201;C0129;53;F;Casado;Belém;Norte;16221;6;App;Mouse;Informática;1;120;5;114;Pix;Sim;Não;4;Não;Não;August;22/08/2025
2202;C0048;32;F;Divorciado;São Paulo;Sudeste;13527;2;Site;SSD 1TB;Armazenamento;4;650;0;2600;Cartão;Não;Não;5;Não;Não;December;22/12/2025
2203;C0522;42;F;Solteiro;Fortaleza;Nordeste;10224;9;Loja;Roteador;Redes;2;480;0;960;Pix;Não;Sim;5;Não;Não;March;07/03/2025
2204;C0234;30;F;Solteiro;Manaus;Norte;19520;2;Site;Smartphone;Telefonia;1;2800;5;2660;Pix;Sim;Não;5;Não;Não;August;20/08/2025
2205;C0513;60;M;Casado;Recife;Nordeste;15027;8;Site;Monitor;Informática;3;1100;0;3300;Boleto;Não;Sim;5;Não;Não;December;15/12/2025
2206;C0566;34;F;Solteiro;Belém;Norte;15454;11;App;Smartphone;Telefonia;2;2800;5;5320;Pix;Sim;Sim;3;Não;Não;January;21/01/2025
2207;C0372;38;M;Solteiro;Recife;Nordeste;12807;6;Loja;Webcam;Informática;3;260;0;780;Cartão;Não;Não;4;Não;Não;December;17/12/2025
2208;C0457;23;F;Solteiro;Brasília;Centro-Oeste;8637;1;App;Mouse;Informática;4;120;10;432;Cartão;Sim;Não;5;Não;Não;October;04/10/2025
2209;C0374;49;F;Casado;Brasília;Centro-Oeste;7803;10;Site;Headset;Informática;3;380;5;1083;Boleto;Sim;Não;3;Não;Não;March;28/03/2025
2210;C0763;70;M;Divorciado;Curitiba;Sul;10411;9;Loja;Cadeira Gamer;Móveis;1;1800;0;1800;Cartão;Não;Sim;2;Sim;Não;September;11/09/2025
2211;C0395;33;F;Divorciado;Recife;Nordeste;20194;4;App;Headset;Informática;4;380;10;1368;Pix;Sim;Sim;3;Não;Não;July;14/07/2025
2212;C0682;50;F;Divorciado;Fortaleza;Nordeste;15747;14;Site;Roteador;Redes;4;480;5;1824;Pix;Sim;Não;5;Não;Não;May;27/05/2025
2213;C0515;69;F;Divorciado;Rio de Janeiro;Sudeste;20474;7;Loja;SSD 1TB;Armazenamento;3;650;0;1950;Pix;Não;Sim;4;Não;Não;July;10/07/2025
2214;C0555;49;F;Casado;Recife;Nordeste;11903;9;App;Teclado;Informática;4;220;0;880;Cartão;Não;Não;4;Não;Não;December;14/12/2025
2215;C0197;31;F;Divorciado;São Paulo;Sudeste;2263;7;Site;Smartwatch;Wearables;2;1600;10;2880;Cartão;Sim;Sim;5;Não;Não;August;01/08/2025
2216;C0571;67;M;Divorciado;Curitiba;Sul;18938;13;Loja;Impressora;Informática;3;950;0;2850;Cartão;Não;Sim;3;Não;Não;January;18/01/2025
2217;C0303;33;M;Solteiro;Manaus;Norte;20351;2;App;Smartphone;Telefonia;3;2800;5;7980;Pix;Sim;Não;5;Não;Não;September;04/09/2025
2218;C0359;24;F;Divorciado;Manaus;Norte;7037;7;App;Notebook;Informática;2;4500;5;8550;Cartão;Sim;Sim;4;Não;Não;October;22/10/2025
2219;C0463;45;F;Solteiro;São Paulo;Sudeste;9123;13;App;Monitor;Informática;2;1100;5;2090;Boleto;Sim;Sim;5;Não;Não;February;17/02/2025
2220;C0652;30;M;Solteiro;São Paulo;Sudeste;1922;9;Loja;Monitor;Informática;2;1100;0;2200;Boleto;Não;Sim;5;Não;Não;May;10/05/2025
2221;C0480;55;F;Casado;Brasília;Centro-Oeste;12531;7;App;Webcam;Informática;1;260;5;247;Cartão;Sim;Sim;3;Não;Não;October;15/10/2025
2222;C0212;27;F;Divorciado;Fortaleza;Nordeste;17795;7;App;Mouse;Informática;3;120;20;288;Boleto;Sim;Não;3;Não;Não;January;26/01/2025
2223;C0634;29;F;Divorciado;Curitiba;Sul;3683;13;App;Smartphone;Telefonia;4;2800;0;11200;Pix;Não;Não;4;Não;Sim;April;19/04/2025
2224;C0278;30;F;Divorciado;Belém;Norte;6439;10;Site;Mouse;Informática;3;120;0;360;Boleto;Não;Não;5;Não;Não;January;16/01/2025
2225;C0252;67;F;Casado;Curitiba;Sul;17672;1;Site;Webcam;Informática;2;260;10;468;Pix;Sim;Não;4;Não;Não;July;11/07/2025
2226;C0645;42;F;Solteiro;Rio de Janeiro;Sudeste;8960;4;App;Smartwatch;Wearables;2;1600;0;3200;Pix;Não;Não;2;Sim;Não;August;07/08/2025
2227;C0254;50;F;Solteiro;Manaus;Norte;3826;1;Loja;Mouse;Informática;1;120;10;108;Boleto;Sim;Não;4;Não;Não;February;03/02/2025
2228;C0355;24;M;Solteiro;Brasília;Centro-Oeste;2351;14;App;Headset;Informática;2;380;0;760;Cartão;Não;Sim;2;Sim;Não;November;09/11/2025
2229;C0745;23;M;Divorciado;Fortaleza;Nordeste;21573;5;App;Roteador;Redes;3;480;0;1440;Boleto;Não;Sim;5;Não;Não;February;08/02/2025
2230;C0277;61;M;Divorciado;Recife;Nordeste;7571;2;App;Monitor;Informática;3;1100;15;2805;Pix;Sim;Não;3;Não;Não;June;08/06/2025
2231;C0303;42;F;Casado;São Paulo;Sudeste;9047;8;Site;SSD 1TB;Armazenamento;2;650;5;1235;Cartão;Sim;Sim;5;Não;Não;February;15/02/2025
2232;C0253;64;M;Divorciado;Curitiba;Sul;21436;0;Loja;Notebook;Informática;3;4500;10;12150;Pix;Sim;Não;5;Não;Sim;September;01/09/2025
2233;C0754;18;F;Casado;São Paulo;Sudeste;6680;3;Loja;Smartphone;Telefonia;1;2800;0;2800;Cartão;Não;Não;4;Não;Não;July;17/07/2025
2234;C0654;59;F;Casado;Recife;Nordeste;15806;13;App;Monitor;Informática;3;1100;5;3135;Pix;Sim;Não;2;Sim;Não;January;20/01/2025
2235;C0375;44;F;Solteiro;Curitiba;Sul;4083;8;Loja;Cadeira Gamer;Móveis;2;1800;5;3420;Pix;Sim;Sim;3;Não;Não;November;08/11/2025
2236;C0309;25;M;Casado;Recife;Nordeste;6558;10;Site;Smartwatch;Wearables;2;1600;5;3040;Pix;Sim;Não;5;Não;Não;February;28/02/2025
2237;C0675;40;M;Solteiro;Belém;Norte;10013;11;App;SSD 1TB;Armazenamento;3;650;20;1560;Cartão;Sim;Não;2;Sim;Não;July;11/07/2025
2238;C0540;53;M;Casado;Curitiba;Sul;12549;1;Site;Mouse;Informática;1;120;15;102;Cartão;Sim;Não;4;Não;Não;September;05/09/2025
2239;C0538;52;F;Casado;São Paulo;Sudeste;11430;9;App;Monitor;Informática;4;1100;15;3740;Pix;Sim;Sim;2;Sim;Não;November;14/11/2025
2240;C0565;53;M;Divorciado;Recife;Nordeste;13985;7;App;Notebook;Informática;2;4500;5;8550;Cartão;Sim;Sim;5;Não;Não;August;01/08/2025
2241;C0792;19;F;Casado;Recife;Nordeste;17411;12;Site;Webcam;Informática;1;260;5;247;Boleto;Sim;Sim;4;Não;Não;July;18/07/2025
2242;C0291;22;F;Solteiro;São Paulo;Sudeste;20876;2;Loja;SSD 1TB;Armazenamento;1;650;5;617,5;Pix;Sim;Não;4;Não;Não;September;03/09/2025
2243;C0078;25;M;Casado;Belém;Norte;15518;7;Loja;SSD 1TB;Armazenamento;4;650;0;2600;Pix;Não;Não;5;Não;Não;April;20/04/2025
2244;C0684;29;M;Solteiro;Curitiba;Sul;15120;5;Site;Roteador;Redes;3;480;0;1440;Pix;Não;Sim;4;Não;Não;February;07/02/2025
2245;C0145;48;F;Casado;Brasília;Centro-Oeste;8641;11;Loja;Roteador;Redes;2;480;20;768;Boleto;Sim;Sim;2;Sim;Não;June;27/06/2025
2246;C0121;68;M;Solteiro;Rio de Janeiro;Sudeste;13157;12;Site;Impressora;Informática;1;950;0;950;Pix;Não;Sim;2;Sim;Não;November;19/11/2025
2247;C0377;63;F;Casado;Recife;Nordeste;14278;5;Loja;Roteador;Redes;2;480;0;960;Boleto;Não;Não;3;Não;Não;June;29/06/2025
2248;C0703;36;M;Casado;Recife;Nordeste;7982;2;Site;Smartwatch;Wearables;2;1600;0;3200;Boleto;Não;Não;2;Sim;Não;February;12/02/2025
2249;C0318;18;M;Solteiro;Brasília;Centro-Oeste;16086;5;Loja;SSD 1TB;Armazenamento;4;650;0;2600;Cartão;Não;Sim;4;Não;Não;August;31/08/2025
2250;C0718;53;M;Divorciado;Fortaleza;Nordeste;4741;4;Loja;Impressora;Informática;3;950;0;2850;Pix;Não;Sim;4;Não;Não;July;02/07/2025
2251;C0299;20;F;Casado;Rio de Janeiro;Sudeste;15876;1;Loja;Webcam;Informática;2;260;15;442;Boleto;Sim;Não;5;Não;Não;August;06/08/2025
2252;C0659;45;F;Casado;São Paulo;Sudeste;2688;1;Loja;Smartwatch;Wearables;3;1600;10;4320;Pix;Sim;Não;3;Não;Não;July;22/07/2025
2253;C0363;34;F;Casado;Brasília;Centro-Oeste;1835;15;Loja;Headset;Informática;2;380;5;722;Boleto;Sim;Não;3;Não;Não;April;09/04/2025
2254;C0369;45;F;Divorciado;Curitiba;Sul;4454;5;Site;Impressora;Informática;3;950;0;2850;Pix;Não;Sim;5;Não;Não;September;18/09/2025
2255;C0307;60;F;Solteiro;Rio de Janeiro;Sudeste;17438;11;App;Smartwatch;Wearables;1;1600;0;1600;Boleto;Não;Não;5;Não;Não;September;30/09/2025
2256;C0376;19;M;Solteiro;Brasília;Centro-Oeste;21660;5;Loja;Headset;Informática;2;380;0;760;Pix;Não;Não;5;Não;Não;January;12/01/2025
2257;C0160;23;M;Divorciado;São Paulo;Sudeste;21932;4;App;Smartphone;Telefonia;4;2800;0;11200;Cartão;Não;Não;4;Não;Não;August;30/08/2025
2258;C0002;31;M;Solteiro;Belém;Norte;20068;4;App;Cadeira Gamer;Móveis;1;1800;10;1620;Cartão;Sim;Sim;1;Sim;Não;May;28/05/2025
2259;C0511;41;M;Solteiro;São Paulo;Sudeste;19542;9;App;Smartphone;Telefonia;3;2800;0;8400;Boleto;Não;Sim;3;Não;Não;June;15/06/2025
2260;C0396;37;F;Casado;Brasília;Centro-Oeste;5691;15;Site;Mouse;Informática;4;120;15;408;Pix;Sim;Não;4;Não;Não;January;24/01/2025
2261;C0621;33;F;Solteiro;Brasília;Centro-Oeste;13234;2;Site;Mouse;Informática;2;120;10;216;Boleto;Sim;Não;5;Não;Não;November;06/11/2025
2262;C0646;32;F;Divorciado;Curitiba;Sul;10556;8;Loja;SSD 1TB;Armazenamento;2;650;0;1300;Cartão;Não;Sim;3;Não;Não;January;13/01/2025
2263;C0540;36;F;Solteiro;São Paulo;Sudeste;21049;0;Loja;Smartwatch;Wearables;3;1600;10;4320;Pix;Sim;Não;3;Não;Não;March;24/03/2025
2264;C0423;37;M;Casado;Belém;Norte;21706;10;Site;Headset;Informática;4;380;5;1444;Boleto;Sim;Sim;4;Não;Não;June;19/06/2025
2265;C0580;48;F;Solteiro;Recife;Nordeste;15593;14;Loja;Headset;Informática;2;380;10;684;Pix;Sim;Sim;2;Sim;Não;February;13/02/2025
2266;C0583;26;F;Divorciado;São Paulo;Sudeste;20435;13;Site;Monitor;Informática;3;1100;5;3135;Pix;Sim;Sim;4;Não;Não;August;17/08/2025
2267;C0058;45;F;Divorciado;Recife;Nordeste;15561;5;Loja;Mouse;Informática;3;120;10;324;Cartão;Sim;Não;5;Não;Não;March;11/03/2025
2268;C0100;27;M;Solteiro;São Paulo;Sudeste;5646;9;App;Smartwatch;Wearables;3;1600;15;4080;Pix;Sim;Sim;5;Não;Não;June;24/06/2025
2269;C0213;30;F;Solteiro;São Paulo;Sudeste;4013;7;App;SSD 1TB;Armazenamento;2;650;0;1300;Cartão;Não;Não;5;Não;Não;June;25/06/2025
2270;C0648;52;M;Casado;Brasília;Centro-Oeste;3596;13;Loja;Teclado;Informática;3;220;5;627;Cartão;Sim;Sim;5;Não;Não;May;02/05/2025
2271;C0620;43;F;Casado;Belém;Norte;17429;13;Site;Impressora;Informática;2;950;15;1615;Boleto;Sim;Não;5;Não;Não;August;12/08/2025
2272;C0228;24;F;Solteiro;Brasília;Centro-Oeste;21040;15;Loja;Roteador;Redes;3;480;15;1224;Boleto;Sim;Sim;5;Não;Não;November;28/11/2025
2273;C0358;56;M;Casado;Belém;Norte;21998;13;Loja;Notebook;Informática;3;4500;0;13500;Boleto;Não;Sim;4;Não;Não;September;25/09/2025
2274;C0307;27;F;Solteiro;Fortaleza;Nordeste;6005;0;Site;Impressora;Informática;3;950;10;2565;Boleto;Sim;Não;5;Não;Não;January;05/01/2025
2275;C0625;33;F;Divorciado;Curitiba;Sul;19055;1;Loja;Monitor;Informática;4;1100;20;3520;Pix;Sim;Não;5;Não;Não;February;15/02/2025
2276;C0142;70;F;Solteiro;Recife;Nordeste;14992;9;Loja;Roteador;Redes;4;480;0;1920;Cartão;Não;Sim;4;Não;Não;October;26/10/2025
2277;C0591;22;F;Divorciado;Curitiba;Sul;14857;0;App;Roteador;Redes;4;480;10;1728;Cartão;Sim;Não;5;Não;Não;November;09/11/2025
2278;C0301;48;M;Solteiro;Manaus;Norte;12938;8;App;Notebook;Informática;3;4500;0;13500;Cartão;Não;Sim;4;Não;Não;June;11/06/2025
2279;C0529;57;F;Solteiro;Manaus;Norte;19534;8;App;Headset;Informática;4;380;5;1444;Pix;Sim;Sim;5;Não;Não;April;18/04/2025
2280;C0215;54;F;Casado;Rio de Janeiro;Sudeste;16777;4;Site;SSD 1TB;Armazenamento;1;650;15;552,5;Boleto;Sim;Sim;5;Não;Não;November;21/11/2025
2281;C0088;56;F;Casado;Belém;Norte;4431;12;App;Smartwatch;Wearables;2;1600;0;3200;Pix;Não;Não;4;Não;Não;October;07/10/2025
2282;C0537;59;F;Divorciado;Brasília;Centro-Oeste;17038;13;Loja;Cadeira Gamer;Móveis;1;1800;0;1800;Cartão;Não;Sim;5;Não;Não;April;04/04/2025
2283;C0555;40;M;Solteiro;Manaus;Norte;3751;3;App;Mouse;Informática;3;120;0;360;Boleto;Não;Sim;1;Sim;Não;March;20/03/2025
2284;C0787;55;M;Casado;Fortaleza;Nordeste;7482;6;Site;Notebook;Informática;1;4500;15;3825;Cartão;Sim;Não;5;Não;Não;April;15/04/2025
2285;C0244;36;M;Divorciado;Manaus;Norte;6750;4;Loja;Mouse;Informática;4;120;5;456;Pix;Sim;Sim;4;Não;Não;November;29/11/2025
2286;C0036;32;F;Casado;Brasília;Centro-Oeste;7876;8;Loja;Cadeira Gamer;Móveis;3;1800;10;4860;Boleto;Sim;Não;2;Sim;Não;September;21/09/2025
2287;C0703;50;M;Casado;Rio de Janeiro;Sudeste;6565;8;Loja;Mouse;Informática;3;120;5;342;Cartão;Sim;Sim;5;Não;Não;September;23/09/2025
2288;C0286;40;M;Solteiro;Recife;Nordeste;1934;2;Loja;Impressora;Informática;3;950;10;2565;Boleto;Sim;Não;3;Não;Não;August;01/08/2025
2289;C0166;67;M;Casado;São Paulo;Sudeste;10007;6;Site;SSD 1TB;Armazenamento;4;650;10;2340;Pix;Sim;Sim;4;Não;Não;January;26/01/2025
2290;C0331;39;M;Casado;Curitiba;Sul;17549;2;Site;Impressora;Informática;1;950;0;950;Pix;Não;Não;4;Não;Não;April;05/04/2025
2291;C0522;23;F;Solteiro;Manaus;Norte;15963;6;Loja;Notebook;Informática;1;4500;0;4500;Boleto;Não;Sim;3;Não;Não;May;10/05/2025
2292;C0673;34;M;Solteiro;Curitiba;Sul;5055;14;Site;Notebook;Informática;4;4500;20;14400;Boleto;Sim;Sim;5;Não;Não;February;04/02/2025
2293;C0659;29;M;Divorciado;São Paulo;Sudeste;3165;8;App;Monitor;Informática;3;1100;0;3300;Pix;Não;Sim;4;Não;Não;June;17/06/2025
2294;C0075;57;M;Divorciado;Recife;Nordeste;15018;12;Site;Roteador;Redes;3;480;15;1224;Boleto;Sim;Não;4;Não;Não;June;21/06/2025
2295;C0300;41;F;Solteiro;Manaus;Norte;10632;12;App;Mouse;Informática;3;120;0;360;Pix;Não;Não;4;Não;Não;October;13/10/2025
2296;C0780;44;M;Casado;Fortaleza;Nordeste;16616;6;App;Teclado;Informática;2;220;5;418;Cartão;Sim;Sim;5;Não;Não;August;03/08/2025
2297;C0720;67;F;Casado;Brasília;Centro-Oeste;8312;13;Loja;Smartphone;Telefonia;2;2800;5;5320;Pix;Sim;Sim;5;Não;Não;December;20/12/2025
2298;C0140;36;F;Casado;Brasília;Centro-Oeste;3328;2;Site;Teclado;Informática;3;220;5;627;Cartão;Sim;Não;4;Não;Não;August;21/08/2025
2299;C0368;42;F;Divorciado;São Paulo;Sudeste;9757;5;Loja;Smartwatch;Wearables;1;1600;10;1440;Pix;Sim;Sim;1;Sim;Não;October;22/10/2025
2300;C0009;70;M;Divorciado;Manaus;Norte;5721;14;App;Notebook;Informática;2;4500;0;9000;Boleto;Não;Não;5;Não;Não;March;11/03/2025
2301;C0555;23;M;Casado;Fortaleza;Nordeste;2138;1;Site;Webcam;Informática;4;260;10;936;Cartão;Sim;Não;4;Sim;Não;July;24/07/2025
2302;C0050;67;M;Divorciado;Fortaleza;Nordeste;18540;10;Site;Webcam;Informática;2;260;0;520;Boleto;Não;Sim;5;Não;Não;September;10/09/2025
2303;C0179;70;M;Casado;Curitiba;Sul;1939;10;App;Smartphone;Telefonia;3;2800;0;8400;Boleto;Não;Não;3;Não;Não;February;19/02/2025
2304;C0136;64;M;Solteiro;Curitiba;Sul;16152;14;Loja;Cadeira Gamer;Móveis;3;1800;5;5130;Pix;Sim;Sim;5;Não;Não;October;22/10/2025
2305;C0664;58;M;Casado;Rio de Janeiro;Sudeste;3313;4;Loja;Monitor;Informática;3;1100;15;2805;Cartão;Sim;Não;4;Não;Não;August;08/08/2025
2306;C0034;63;M;Divorciado;Brasília;Centro-Oeste;14336;4;App;Webcam;Informática;3;260;5;741;Cartão;Sim;Não;4;Não;Não;October;24/10/2025
2307;C0384;49;M;Divorciado;Recife;Nordeste;21578;7;Loja;Roteador;Redes;4;480;5;1824;Boleto;Sim;Não;5;Não;Não;April;06/04/2025
2308;C0013;35;F;Casado;São Paulo;Sudeste;6003;8;Loja;Smartwatch;Wearables;3;1600;0;4800;Cartão;Não;Sim;4;Não;Não;May;12/05/2025
2309;C0569;29;F;Divorciado;Fortaleza;Nordeste;17694;9;App;Notebook;Informática;3;4500;0;13500;Boleto;Não;Sim;5;Não;Não;July;10/07/2025
2310;C0755;52;F;Divorciado;Curitiba;Sul;2455;3;Loja;Roteador;Redes;3;480;0;1440;Pix;Não;Sim;2;Sim;Não;November;19/11/2025
2311;C0067;46;F;Divorciado;Fortaleza;Nordeste;20038;10;App;Impressora;Informática;2;950;0;1900;Cartão;Não;Sim;5;Não;Não;November;09/11/2025
2312;C0689;43;F;Divorciado;São Paulo;Sudeste;13313;3;App;Monitor;Informática;3;1100;0;3300;Cartão;Não;Sim;5;Não;Não;June;19/06/2025
2313;C0646;63;M;Divorciado;Belém;Norte;11359;14;Loja;Webcam;Informática;3;260;0;780;Cartão;Não;Sim;4;Não;Não;March;25/03/2025
2314;C0189;59;M;Casado;Manaus;Norte;5844;9;Site;Mouse;Informática;3;120;0;360;Cartão;Não;Sim;4;Não;Não;June;08/06/2025
2315;C0515;37;M;Solteiro;Manaus;Norte;9251;7;Loja;Headset;Informática;3;380;0;1140;Pix;Não;Sim;4;Não;Não;May;25/05/2025
2316;C0348;24;F;Casado;Recife;Nordeste;10845;1;Site;Headset;Informática;1;380;10;342;Cartão;Sim;Não;4;Não;Não;March;15/03/2025
2317;C0160;44;F;Divorciado;Belém;Norte;15619;9;Loja;SSD 1TB;Armazenamento;4;650;0;2600;Cartão;Não;Sim;5;Não;Não;August;12/08/2025
2318;C0790;27;M;Divorciado;Rio de Janeiro;Sudeste;21189;9;Loja;Cadeira Gamer;Móveis;2;1800;10;3240;Boleto;Sim;Não;4;Não;Não;December;30/12/2025
2319;C0369;62;M;Solteiro;Manaus;Norte;2486;10;App;Notebook;Informática;3;4500;0;13500;Pix;Não;Sim;3;Não;Não;November;16/11/2025
2320;C0089;69;M;Divorciado;Brasília;Centro-Oeste;6319;15;Loja;Smartwatch;Wearables;2;1600;10;2880;Cartão;Sim;Sim;4;Não;Não;August;22/08/2025
2321;C0340;19;F;Solteiro;Brasília;Centro-Oeste;3817;4;Site;Smartphone;Telefonia;4;2800;0;11200;Cartão;Não;Não;5;Não;Não;June;26/06/2025
2322;C0120;39;F;Solteiro;Rio de Janeiro;Sudeste;13481;0;Loja;Mouse;Informática;1;120;10;108;Pix;Sim;Não;4;Não;Não;September;22/09/2025
2323;C0312;42;M;Casado;Recife;Nordeste;6273;15;Loja;SSD 1TB;Armazenamento;2;650;0;1300;Cartão;Não;Sim;3;Não;Não;April;11/04/2025
2324;C0643;27;M;Solteiro;Recife;Nordeste;19558;12;Loja;SSD 1TB;Armazenamento;4;650;0;2600;Boleto;Não;Sim;4;Não;Não;August;17/08/2025
2325;C0569;34;M;Divorciado;Brasília;Centro-Oeste;4692;4;Loja;Cadeira Gamer;Móveis;2;1800;0;3600;Cartão;Não;Não;5;Não;Não;January;15/01/2025
2326;C0059;19;F;Divorciado;São Paulo;Sudeste;16807;6;Site;SSD 1TB;Armazenamento;1;650;0;650;Cartão;Não;Sim;4;Não;Não;November;23/11/2025
2327;C0732;24;F;Divorciado;São Paulo;Sudeste;17682;15;Loja;Smartphone;Telefonia;1;2800;5;2660;Pix;Sim;Não;3;Não;Não;May;05/05/2025
2328;C0131;67;F;Solteiro;Rio de Janeiro;Sudeste;19085;0;Site;Impressora;Informática;3;950;10;2565;Pix;Sim;Não;5;Não;Não;October;21/10/2025
2329;C0095;26;M;Solteiro;Manaus;Norte;21800;8;Site;Headset;Informática;4;380;0;1520;Boleto;Não;Sim;5;Não;Não;May;14/05/2025
2330;C0140;31;F;Solteiro;Belém;Norte;20299;10;Loja;Monitor;Informática;4;1100;0;4400;Cartão;Não;Não;5;Não;Não;January;22/01/2025
2331;C0521;25;F;Solteiro;São Paulo;Sudeste;10174;3;App;Smartwatch;Wearables;2;1600;20;2560;Pix;Sim;Sim;4;Não;Não;May;01/05/2025
2332;C0155;38;F;Divorciado;Fortaleza;Nordeste;11907;9;Site;Smartwatch;Wearables;1;1600;15;1360;Cartão;Sim;Sim;4;Não;Não;January;20/01/2025
2333;C0654;18;M;Casado;Brasília;Centro-Oeste;20807;3;Loja;Webcam;Informática;3;260;5;741;Cartão;Sim;Não;4;Não;Não;May;20/05/2025
2334;C0395;33;F;Solteiro;Rio de Janeiro;Sudeste;20955;7;Loja;Roteador;Redes;3;480;0;1440;Cartão;Não;Sim;3;Não;Não;April;24/04/2025
2335;C0167;31;F;Solteiro;Manaus;Norte;12835;0;Loja;Mouse;Informática;3;120;10;324;Boleto;Sim;Não;1;Sim;Não;February;05/02/2025
2336;C0558;58;M;Solteiro;São Paulo;Sudeste;4932;14;Site;Monitor;Informática;4;1100;15;3740;Boleto;Sim;Sim;2;Sim;Não;November;16/11/2025
2337;C0341;31;M;Solteiro;Recife;Nordeste;5512;12;App;Notebook;Informática;3;4500;10;12150;Pix;Sim;Sim;3;Não;Não;January;28/01/2025
2338;C0725;30;F;Casado;Manaus;Norte;19294;7;App;Notebook;Informática;2;4500;0;9000;Boleto;Não;Sim;4;Não;Não;August;01/08/2025
2339;C0380;24;F;Casado;Rio de Janeiro;Sudeste;17949;10;Site;Notebook;Informática;2;4500;0;9000;Pix;Não;Sim;5;Não;Não;November;01/11/2025
2340;C0436;30;F;Solteiro;Recife;Nordeste;3089;7;App;Smartwatch;Wearables;4;1600;10;5760;Boleto;Sim;Sim;3;Não;Não;May;27/05/2025
2341;C0087;60;M;Solteiro;São Paulo;Sudeste;20187;6;App;SSD 1TB;Armazenamento;1;650;5;617,5;Boleto;Sim;Sim;4;Não;Não;December;14/12/2025
2342;C0199;25;M;Divorciado;Belém;Norte;18603;12;App;Monitor;Informática;4;1100;0;4400;Boleto;Não;Não;4;Não;Não;January;17/01/2025
2343;C0018;46;F;Casado;Recife;Nordeste;10677;13;Loja;Cadeira Gamer;Móveis;3;1800;20;4320;Cartão;Sim;Não;5;Não;Não;December;01/12/2025
2344;C0659;22;M;Divorciado;Belém;Norte;10886;3;App;SSD 1TB;Armazenamento;3;650;0;1950;Boleto;Não;Não;4;Não;Não;November;03/11/2025
2345;C0683;44;M;Solteiro;Recife;Nordeste;1918;15;Loja;Smartwatch;Wearables;3;1600;0;4800;Pix;Não;Não;5;Não;Não;September;24/09/2025
2346;C0528;28;F;Casado;Belém;Norte;2595;0;App;Mouse;Informática;2;120;10;216;Pix;Sim;Não;4;Não;Não;September;20/09/2025
2347;C0434;55;M;Solteiro;Manaus;Norte;7509;12;Loja;Mouse;Informática;3;120;15;306;Cartão;Sim;Sim;4;Não;Não;February;07/02/2025
2348;C0344;34;M;Casado;São Paulo;Sudeste;16951;7;App;Monitor;Informática;2;1100;0;2200;Boleto;Não;Sim;3;Não;Não;September;05/09/2025
2349;C0263;44;M;Divorciado;Manaus;Norte;13149;7;Site;Notebook;Informática;2;4500;10;8100;Cartão;Sim;Sim;5;Não;Não;October;21/10/2025
2350;C0114;59;M;Divorciado;Rio de Janeiro;Sudeste;10511;15;Site;Webcam;Informática;4;260;0;1040;Cartão;Não;Sim;5;Não;Não;January;07/01/2025
2351;C0492;25;F;Divorciado;Fortaleza;Nordeste;19604;7;Loja;Smartphone;Telefonia;2;2800;20;4480;Pix;Sim;Sim;5;Não;Não;November;23/11/2025
2352;C0220;53;F;Solteiro;Brasília;Centro-Oeste;7872;5;Loja;SSD 1TB;Armazenamento;4;650;0;2600;Cartão;Não;Sim;4;Não;Não;September;21/09/2025
2353;C0718;65;F;Solteiro;Manaus;Norte;15843;0;Loja;Smartphone;Telefonia;2;2800;10;5040;Pix;Sim;Não;5;Não;Não;April;18/04/2025
2354;C0483;19;F;Solteiro;Fortaleza;Nordeste;21549;5;Site;Monitor;Informática;3;1100;20;2640;Cartão;Sim;Sim;1;Sim;Não;July;26/07/2025
2355;C0365;34;F;Casado;Manaus;Norte;16250;14;App;Headset;Informática;4;380;15;1292;Boleto;Sim;Não;4;Não;Não;July;09/07/2025
2356;C0470;60;M;Divorciado;Belém;Norte;9070;7;Loja;Roteador;Redes;4;480;10;1728;Cartão;Sim;Sim;3;Não;Não;February;14/02/2025
2357;C0365;34;F;Casado;São Paulo;Sudeste;5346;1;App;Smartwatch;Wearables;4;1600;10;5760;Pix;Sim;Não;5;Não;Não;September;15/09/2025
2358;C0709;22;M;Solteiro;Recife;Nordeste;8402;2;Site;Mouse;Informática;3;120;10;324;Pix;Sim;Não;4;Não;Não;March;29/03/2025
2359;C0455;45;M;Casado;Belém;Norte;2443;1;Loja;Notebook;Informática;4;4500;10;16200;Pix;Sim;Não;3;Não;Sim;October;23/10/2025
2360;C0165;43;M;Solteiro;Fortaleza;Nordeste;8386;12;Site;Webcam;Informática;4;260;0;1040;Pix;Não;Sim;4;Não;Não;December;09/12/2025
2361;C0466;19;M;Divorciado;Recife;Nordeste;17881;13;Site;Monitor;Informática;4;1100;0;4400;Cartão;Não;Não;5;Não;Não;March;29/03/2025
2362;C0129;30;F;Casado;Recife;Nordeste;10196;2;App;Roteador;Redes;1;480;0;480;Boleto;Não;Não;5;Não;Não;February;16/02/2025
2363;C0084;44;F;Solteiro;Manaus;Norte;16309;8;Site;Smartphone;Telefonia;2;2800;0;5600;Cartão;Não;Sim;3;Não;Não;March;05/03/2025
2364;C0258;22;F;Casado;Brasília;Centro-Oeste;10061;3;Loja;Notebook;Informática;3;4500;20;10800;Pix;Sim;Sim;4;Não;Não;February;08/02/2025
2365;C0223;18;M;Divorciado;Manaus;Norte;17041;13;Loja;Smartphone;Telefonia;4;2800;20;8960;Pix;Sim;Não;3;Não;Sim;June;19/06/2025
2366;C0219;40;F;Casado;São Paulo;Sudeste;6450;2;Loja;Smartwatch;Wearables;3;1600;10;4320;Boleto;Sim;Não;4;Não;Não;March;23/03/2025
2367;C0054;32;F;Solteiro;Recife;Nordeste;3159;15;Site;Smartwatch;Wearables;2;1600;0;3200;Pix;Não;Sim;5;Não;Não;August;04/08/2025
2368;C0700;60;M;Casado;Rio de Janeiro;Sudeste;5219;5;Loja;Notebook;Informática;3;4500;10;12150;Pix;Sim;Sim;5;Não;Não;October;19/10/2025
2369;C0483;66;F;Solteiro;Curitiba;Sul;10828;2;Site;Headset;Informática;3;380;0;1140;Boleto;Não;Não;5;Não;Não;November;04/11/2025
2370;C0218;35;M;Divorciado;Recife;Nordeste;20362;7;App;Roteador;Redes;2;480;5;912;Cartão;Sim;Sim;5;Não;Não;October;13/10/2025
2371;C0169;58;F;Solteiro;Recife;Nordeste;13364;8;Loja;Teclado;Informática;4;220;10;792;Boleto;Sim;Sim;2;Sim;Não;June;22/06/2025
2372;C0239;49;M;Casado;Manaus;Norte;19166;12;Loja;Smartphone;Telefonia;2;2800;0;5600;Cartão;Não;Sim;4;Não;Não;August;30/08/2025
2373;C0403;60;F;Divorciado;Recife;Nordeste;4188;9;Loja;Roteador;Redes;2;480;10;864;Cartão;Sim;Sim;4;Não;Não;September;19/09/2025
2374;C0736;63;F;Divorciado;Recife;Nordeste;18240;6;App;Webcam;Informática;1;260;5;247;Boleto;Sim;Sim;5;Não;Não;January;29/01/2025
2375;C0518;34;M;Casado;Curitiba;Sul;15451;14;Site;Teclado;Informática;3;220;0;660;Boleto;Não;Sim;4;Não;Não;July;13/07/2025
2376;C0084;61;F;Casado;Belém;Norte;19833;11;Site;SSD 1TB;Armazenamento;1;650;0;650;Pix;Não;Não;4;Não;Não;February;01/02/2025
2377;C0508;54;M;Divorciado;Fortaleza;Nordeste;8241;12;Site;SSD 1TB;Armazenamento;2;650;5;1235;Cartão;Sim;Sim;5;Não;Não;May;01/05/2025
2378;C0631;59;F;Casado;Rio de Janeiro;Sudeste;21357;15;Loja;Monitor;Informática;2;1100;0;2200;Pix;Não;Não;3;Não;Não;June;14/06/2025
2379;C0216;28;F;Casado;Curitiba;Sul;20701;8;Loja;SSD 1TB;Armazenamento;4;650;10;2340;Cartão;Sim;Não;5;Não;Não;December;13/12/2025
2380;C0605;63;F;Casado;Rio de Janeiro;Sudeste;20709;8;Loja;Teclado;Informática;2;220;15;374;Pix;Sim;Sim;5;Não;Não;May;29/05/2025
2381;C0556;38;F;Casado;Manaus;Norte;11683;7;App;Headset;Informática;2;380;0;760;Cartão;Não;Sim;3;Não;Não;August;11/08/2025
2382;C0359;60;M;Solteiro;Manaus;Norte;3491;1;Loja;Notebook;Informática;2;4500;10;8100;Boleto;Sim;Não;5;Não;Não;January;19/01/2025
2383;C0575;23;M;Divorciado;Brasília;Centro-Oeste;10446;1;App;Notebook;Informática;4;4500;10;16200;Cartão;Sim;Não;5;Não;Não;February;24/02/2025
2384;C0007;62;F;Casado;Fortaleza;Nordeste;13817;5;Loja;Smartphone;Telefonia;2;2800;15;4760;Cartão;Sim;Não;5;Não;Não;June;11/06/2025
2385;C0721;41;F;Casado;Brasília;Centro-Oeste;9730;4;App;Teclado;Informática;4;220;10;792;Cartão;Sim;Sim;4;Não;Não;June;03/06/2025
2386;C0714;19;M;Divorciado;Recife;Nordeste;11750;2;Site;Impressora;Informática;3;950;5;2707,5;Boleto;Sim;Não;4;Não;Não;November;19/11/2025
2387;C0095;21;F;Solteiro;Manaus;Norte;18043;2;Loja;Mouse;Informática;4;120;0;480;Pix;Não;Não;5;Não;Não;September;07/09/2025
2388;C0601;41;M;Solteiro;São Paulo;Sudeste;2849;15;Site;Monitor;Informática;4;1100;0;4400;Pix;Não;Sim;2;Sim;Não;May;06/05/2025
2389;C0003;40;F;Solteiro;Curitiba;Sul;2046;15;Site;Notebook;Informática;3;4500;0;13500;Boleto;Não;Sim;4;Não;Não;March;09/03/2025
2390;C0137;49;M;Casado;Rio de Janeiro;Sudeste;17385;5;Loja;Smartwatch;Wearables;1;1600;0;1600;Cartão;Não;Não;2;Sim;Não;November;28/11/2025
2391;C0743;54;F;Casado;Manaus;Norte;11482;8;App;Headset;Informática;3;380;0;1140;Pix;Não;Não;5;Não;Não;November;27/11/2025
2392;C0350;56;M;Solteiro;Brasília;Centro-Oeste;7156;14;Loja;Smartphone;Telefonia;2;2800;5;5320;Cartão;Sim;Não;4;Não;Não;March;28/03/2025
2393;C0016;46;F;Solteiro;Manaus;Norte;15339;14;App;Headset;Informática;1;380;5;361;Boleto;Sim;Não;3;Não;Não;October;17/10/2025
2394;C0605;49;F;Divorciado;Curitiba;Sul;19394;11;Loja;Roteador;Redes;1;480;0;480;Boleto;Não;Sim;5;Não;Não;July;06/07/2025
2395;C0318;38;M;Casado;Rio de Janeiro;Sudeste;16217;13;Loja;Headset;Informática;3;380;5;1083;Boleto;Sim;Sim;5;Não;Não;October;23/10/2025
2396;C0673;54;F;Divorciado;São Paulo;Sudeste;9381;4;Site;SSD 1TB;Armazenamento;1;650;0;650;Pix;Não;Não;3;Não;Não;September;07/09/2025
2397;C0276;63;F;Solteiro;Belém;Norte;19987;8;App;Headset;Informática;1;380;0;380;Cartão;Não;Sim;5;Não;Não;November;22/11/2025
2398;C0723;67;M;Divorciado;São Paulo;Sudeste;13312;8;Loja;Smartwatch;Wearables;4;1600;5;6080;Pix;Sim;Sim;4;Não;Não;May;11/05/2025
2399;C0212;39;M;Solteiro;Recife;Nordeste;16874;15;App;Webcam;Informática;1;260;0;260;Pix;Não;Sim;2;Sim;Não;September;19/09/2025
2400;C0630;31;F;Solteiro;Belém;Norte;4901;5;App;Impressora;Informática;3;950;0;2850;Cartão;Não;Sim;3;Não;Não;July;14/07/2025
2401;C0457;31;F;Divorciado;Recife;Nordeste;4385;2;App;Cadeira Gamer;Móveis;2;1800;0;3600;Boleto;Não;Não;1;Sim;Não;March;27/03/2025
2402;C0748;39;F;Divorciado;Rio de Janeiro;Sudeste;10605;6;App;Headset;Informática;3;380;10;1026;Cartão;Sim;Sim;5;Não;Não;May;14/05/2025
2403;C0082;52;M;Solteiro;São Paulo;Sudeste;7842;10;App;SSD 1TB;Armazenamento;1;650;15;552,5;Pix;Sim;Não;4;Não;Não;December;22/12/2025
2404;C0107;35;M;Casado;São Paulo;Sudeste;20181;12;Site;Smartphone;Telefonia;4;2800;5;10640;Boleto;Sim;Não;3;Não;Não;May;27/05/2025
2405;C0765;61;F;Divorciado;Belém;Norte;8253;11;App;Smartwatch;Wearables;2;1600;0;3200;Cartão;Não;Sim;5;Não;Não;March;30/03/2025
2406;C0745;67;M;Casado;Fortaleza;Nordeste;4565;15;Site;Roteador;Redes;4;480;0;1920;Cartão;Não;Sim;4;Não;Não;August;04/08/2025
2407;C0593;39;M;Solteiro;Fortaleza;Nordeste;5098;5;Site;Smartwatch;Wearables;1;1600;0;1600;Cartão;Não;Sim;4;Não;Não;September;11/09/2025
2408;C0165;28;F;Divorciado;Belém;Norte;9241;2;Loja;Webcam;Informática;1;260;0;260;Pix;Não;Não;4;Não;Não;May;06/05/2025
2409;C0197;28;F;Divorciado;São Paulo;Sudeste;6317;10;App;Smartphone;Telefonia;4;2800;10;10080;Cartão;Sim;Sim;4;Não;Não;October;17/10/2025
2410;C0547;54;F;Divorciado;Fortaleza;Nordeste;16738;15;App;Teclado;Informática;2;220;0;440;Pix;Não;Sim;3;Não;Não;April;27/04/2025
2411;C0442;23;F;Divorciado;Curitiba;Sul;15658;8;Loja;Webcam;Informática;2;260;0;520;Boleto;Não;Sim;3;Não;Não;May;23/05/2025
2412;C0100;35;M;Divorciado;Curitiba;Sul;5954;7;Site;Smartphone;Telefonia;2;2800;0;5600;Cartão;Não;Não;5;Não;Não;August;22/08/2025
2413;C0605;28;M;Casado;Curitiba;Sul;12889;13;App;Mouse;Informática;4;120;0;480;Cartão;Não;Sim;5;Não;Não;June;25/06/2025
2414;C0212;63;M;Solteiro;Manaus;Norte;9882;9;Site;Notebook;Informática;4;4500;0;18000;Pix;Não;Não;5;Não;Sim;October;15/10/2025
2415;C0039;60;M;Divorciado;Manaus;Norte;18455;12;Site;Notebook;Informática;1;4500;10;4050;Boleto;Sim;Sim;3;Não;Não;August;21/08/2025
2416;C0730;63;M;Casado;São Paulo;Sudeste;15896;7;Loja;SSD 1TB;Armazenamento;1;650;0;650;Cartão;Não;Sim;2;Sim;Não;September;20/09/2025
2417;C0691;41;F;Divorciado;Brasília;Centro-Oeste;7740;5;Site;Headset;Informática;4;380;5;1444;Cartão;Sim;Sim;4;Não;Não;July;13/07/2025
2418;C0340;49;F;Solteiro;Belém;Norte;3708;11;Site;Headset;Informática;3;380;0;1140;Boleto;Não;Não;5;Não;Não;November;18/11/2025
2419;C0393;52;M;Divorciado;Recife;Nordeste;20136;0;Site;Roteador;Redes;1;480;10;432;Pix;Sim;Não;4;Não;Não;June;09/06/2025
2420;C0120;44;M;Casado;São Paulo;Sudeste;20377;5;App;Smartwatch;Wearables;1;1600;20;1280;Boleto;Sim;Não;3;Não;Não;November;23/11/2025
2421;C0514;21;M;Casado;São Paulo;Sudeste;21420;13;Loja;Monitor;Informática;2;1100;0;2200;Cartão;Não;Sim;4;Não;Não;August;20/08/2025
2422;C0558;48;M;Casado;Curitiba;Sul;2263;9;Loja;Cadeira Gamer;Móveis;2;1800;10;3240;Cartão;Sim;Não;2;Sim;Não;June;17/06/2025
2423;C0195;51;F;Divorciado;Recife;Nordeste;16984;11;Loja;Impressora;Informática;2;950;0;1900;Pix;Não;Sim;4;Não;Não;August;26/08/2025
2424;C0445;43;M;Divorciado;Brasília;Centro-Oeste;6385;3;Loja;Smartwatch;Wearables;2;1600;0;3200;Cartão;Não;Sim;4;Não;Não;November;25/11/2025
2425;C0001;26;M;Divorciado;Recife;Nordeste;14686;0;Loja;Monitor;Informática;4;1100;10;3960;Pix;Sim;Não;2;Sim;Não;August;27/08/2025
2426;C0115;30;F;Casado;Manaus;Norte;2876;5;Loja;Mouse;Informática;2;120;0;240;Cartão;Não;Não;4;Não;Não;August;28/08/2025
2427;C0156;66;M;Casado;Recife;Nordeste;10291;14;Site;Webcam;Informática;2;260;10;468;Boleto;Sim;Sim;3;Não;Não;October;20/10/2025
2428;C0695;26;M;Casado;Fortaleza;Nordeste;4987;8;Loja;Smartphone;Telefonia;1;2800;5;2660;Cartão;Sim;Sim;4;Não;Não;May;23/05/2025
2429;C0204;21;M;Divorciado;Curitiba;Sul;12710;13;Site;Smartwatch;Wearables;3;1600;5;4560;Pix;Sim;Sim;4;Não;Não;February;27/02/2025
2430;C0683;46;F;Divorciado;São Paulo;Sudeste;19361;11;Site;SSD 1TB;Armazenamento;2;650;0;1300;Cartão;Não;Não;5;Não;Não;November;02/11/2025
2431;C0555;55;F;Solteiro;Brasília;Centro-Oeste;8510;1;Loja;Roteador;Redes;1;480;20;384;Pix;Sim;Não;3;Não;Não;June;21/06/2025
2432;C0175;37;F;Casado;Brasília;Centro-Oeste;18201;5;Loja;Smartwatch;Wearables;1;1600;5;1520;Pix;Sim;Não;5;Não;Não;February;15/02/2025
2433;C0343;67;M;Solteiro;São Paulo;Sudeste;10379;9;Loja;SSD 1TB;Armazenamento;3;650;5;1852,5;Pix;Sim;Sim;5;Não;Não;December;04/12/2025
2434;C0275;42;M;Solteiro;Fortaleza;Nordeste;4457;15;Loja;SSD 1TB;Armazenamento;3;650;15;1657,5;Cartão;Sim;Sim;5;Não;Não;January;27/01/2025
2435;C0030;49;F;Divorciado;Manaus;Norte;21502;0;Loja;Notebook;Informática;2;4500;10;8100;Cartão;Sim;Não;1;Sim;Não;July;27/07/2025
2436;C0684;26;M;Casado;Curitiba;Sul;14967;6;Loja;Headset;Informática;2;380;10;684;Boleto;Sim;Não;5;Não;Não;October;30/10/2025
2437;C0566;39;M;Solteiro;Fortaleza;Nordeste;6751;5;App;Teclado;Informática;2;220;0;440;Boleto;Não;Não;3;Não;Não;January;07/01/2025
2438;C0414;25;F;Casado;São Paulo;Sudeste;5370;2;Loja;Monitor;Informática;1;1100;5;1045;Boleto;Sim;Não;4;Não;Não;July;09/07/2025
2439;C0530;27;M;Divorciado;Belém;Norte;2092;11;App;Impressora;Informática;1;950;5;902,5;Boleto;Sim;Não;4;Não;Não;November;10/11/2025
2440;C0735;46;M;Divorciado;São Paulo;Sudeste;4679;8;Loja;Monitor;Informática;4;1100;0;4400;Cartão;Não;Sim;5;Não;Não;October;17/10/2025
2441;C0727;44;M;Solteiro;Brasília;Centro-Oeste;12908;0;Loja;Roteador;Redes;4;480;10;1728;Cartão;Sim;Não;3;Não;Não;March;22/03/2025
2442;C0579;55;M;Casado;Fortaleza;Nordeste;16466;11;App;Smartwatch;Wearables;1;1600;5;1520;Pix;Sim;Sim;5;Não;Não;March;29/03/2025
2443;C0083;43;F;Casado;Curitiba;Sul;16073;1;App;Monitor;Informática;1;1100;10;990;Cartão;Sim;Não;5;Não;Não;July;05/07/2025
2444;C0019;44;F;Divorciado;Belém;Norte;5423;4;Site;Headset;Informática;4;380;0;1520;Pix;Não;Sim;5;Não;Não;February;22/02/2025
2445;C0152;47;M;Divorciado;Brasília;Centro-Oeste;19144;13;Site;Roteador;Redes;4;480;20;1536;Pix;Sim;Sim;4;Não;Sim;August;09/08/2025
2446;C0205;70;F;Casado;Rio de Janeiro;Sudeste;18147;9;App;Notebook;Informática;3;4500;10;12150;Boleto;Sim;Não;4;Não;Não;July;06/07/2025
2447;C0033;55;M;Casado;Recife;Nordeste;8749;0;Site;Monitor;Informática;4;1100;10;3960;Cartão;Sim;Não;4;Não;Não;January;15/01/2025
2448;C0330;68;F;Solteiro;Recife;Nordeste;9661;14;Loja;Impressora;Informática;1;950;10;855;Pix;Sim;Sim;4;Não;Não;June;18/06/2025
2449;C0099;38;M;Divorciado;Curitiba;Sul;2707;0;App;Roteador;Redes;3;480;10;1296;Boleto;Sim;Não;4;Não;Não;July;02/07/2025
2450;C0685;21;F;Casado;Manaus;Norte;7723;9;Loja;Headset;Informática;1;380;0;380;Pix;Não;Sim;3;Não;Não;January;25/01/2025
2451;C0409;41;M;Divorciado;Brasília;Centro-Oeste;18510;7;Site;Notebook;Informática;2;4500;0;9000;Cartão;Não;Não;3;Não;Não;December;29/12/2025
2452;C0319;39;F;Solteiro;Rio de Janeiro;Sudeste;21628;4;App;Smartphone;Telefonia;2;2800;5;5320;Pix;Sim;Não;5;Não;Não;February;28/02/2025
2453;C0049;37;M;Solteiro;Brasília;Centro-Oeste;2412;8;App;Smartwatch;Wearables;3;1600;0;4800;Pix;Não;Não;4;Não;Não;August;23/08/2025
2454;C0257;64;F;Solteiro;Brasília;Centro-Oeste;2762;12;Loja;Smartphone;Telefonia;4;2800;0;11200;Boleto;Não;Sim;5;Não;Não;December;28/12/2025
2455;C0546;39;M;Solteiro;Recife;Nordeste;2891;3;Site;Teclado;Informática;4;220;15;748;Cartão;Sim;Sim;3;Não;Não;August;21/08/2025
2456;C0741;67;F;Divorciado;Recife;Nordeste;9035;14;App;Teclado;Informática;2;220;5;418;Boleto;Sim;Não;5;Não;Não;March;21/03/2025
2457;C0438;21;F;Divorciado;São Paulo;Sudeste;18540;7;App;Monitor;Informática;1;1100;0;1100;Cartão;Não;Não;5;Não;Não;October;19/10/2025
2458;C0367;54;M;Divorciado;Rio de Janeiro;Sudeste;20686;2;App;Smartwatch;Wearables;1;1600;0;1600;Pix;Não;Não;4;Não;Não;December;25/12/2025
2459;C0317;69;M;Casado;Rio de Janeiro;Sudeste;20207;10;App;Monitor;Informática;3;1100;10;2970;Cartão;Sim;Sim;1;Sim;Não;October;18/10/2025
2460;C0166;49;F;Divorciado;São Paulo;Sudeste;17638;8;App;SSD 1TB;Armazenamento;4;650;10;2340;Boleto;Sim;Sim;5;Não;Não;August;04/08/2025
2461;C0123;65;F;Casado;Manaus;Norte;14384;2;App;Smartphone;Telefonia;3;2800;5;7980;Cartão;Sim;Não;5;Não;Não;February;13/02/2025
2462;C0576;29;F;Casado;Belém;Norte;15009;1;Site;Monitor;Informática;1;1100;10;990;Boleto;Sim;Não;4;Não;Não;February;16/02/2025
2463;C0282;26;M;Divorciado;Manaus;Norte;3600;15;Site;Notebook;Informática;1;4500;0;4500;Pix;Não;Sim;4;Não;Não;October;20/10/2025
2464;C0603;37;M;Solteiro;Recife;Nordeste;3078;11;Site;Impressora;Informática;1;950;15;807,5;Boleto;Sim;Sim;3;Não;Não;April;16/04/2025
2465;C0206;21;M;Solteiro;São Paulo;Sudeste;3464;13;Site;SSD 1TB;Armazenamento;3;650;0;1950;Cartão;Não;Sim;4;Não;Não;October;03/10/2025
2466;C0441;39;M;Divorciado;Recife;Nordeste;1902;11;Loja;Notebook;Informática;3;4500;10;12150;Boleto;Sim;Não;4;Não;Não;April;28/04/2025
2467;C0566;20;F;Solteiro;Recife;Nordeste;6793;13;Site;Mouse;Informática;2;120;15;204;Boleto;Sim;Sim;4;Não;Não;October;15/10/2025
2468;C0135;60;F;Solteiro;Fortaleza;Nordeste;14671;5;Loja;Impressora;Informática;2;950;5;1805;Boleto;Sim;Sim;4;Não;Não;October;02/10/2025
2469;C0135;49;F;Divorciado;Rio de Janeiro;Sudeste;13920;6;Loja;Impressora;Informática;3;950;15;2422,5;Pix;Sim;Não;4;Não;Não;May;03/05/2025
2470;C0195;35;M;Divorciado;Rio de Janeiro;Sudeste;15906;2;Loja;Monitor;Informática;3;1100;10;2970;Boleto;Sim;Não;5;Não;Não;May;24/05/2025
2471;C0107;52;F;Casado;Manaus;Norte;20203;5;App;Notebook;Informática;2;4500;0;9000;Boleto;Não;Sim;4;Não;Não;April;05/04/2025
2472;C0668;38;F;Divorciado;São Paulo;Sudeste;13438;13;Loja;Smartphone;Telefonia;3;2800;0;8400;Pix;Não;Sim;5;Não;Não;September;21/09/2025
2473;C0198;20;F;Solteiro;São Paulo;Sudeste;17264;4;Site;SSD 1TB;Armazenamento;2;650;15;1105;Pix;Sim;Sim;4;Não;Não;December;26/12/2025
2474;C0442;48;M;Casado;Fortaleza;Nordeste;10898;3;Site;SSD 1TB;Armazenamento;2;650;15;1105;Boleto;Sim;Sim;5;Não;Não;December;25/12/2025
2475;C0039;25;M;Solteiro;Rio de Janeiro;Sudeste;4825;0;Loja;Teclado;Informática;4;220;10;792;Boleto;Sim;Não;2;Sim;Não;July;07/07/2025
2476;C0628;63;F;Solteiro;Belém;Norte;12290;13;Site;Mouse;Informática;1;120;0;120;Cartão;Não;Não;3;Não;Não;September;13/09/2025
2477;C0331;35;F;Casado;Brasília;Centro-Oeste;21701;0;Loja;Monitor;Informática;1;1100;10;990;Boleto;Sim;Não;4;Não;Não;February;07/02/2025
2478;C0432;45;M;Casado;Curitiba;Sul;20253;2;Loja;Headset;Informática;4;380;15;1292;Pix;Sim;Não;4;Não;Não;January;01/01/2025
2479;C0453;44;F;Solteiro;São Paulo;Sudeste;17391;10;Loja;Smartwatch;Wearables;1;1600;10;1440;Cartão;Sim;Sim;2;Sim;Não;June;23/06/2025
2480;C0514;70;M;Divorciado;Rio de Janeiro;Sudeste;21283;1;Site;Webcam;Informática;1;260;15;221;Cartão;Sim;Não;5;Não;Não;July;01/07/2025
2481;C0035;41;F;Casado;Brasília;Centro-Oeste;13493;1;Loja;Cadeira Gamer;Móveis;1;1800;10;1620;Pix;Sim;Não;4;Não;Não;July;19/07/2025
2482;C0253;65;F;Solteiro;Brasília;Centro-Oeste;3323;1;App;SSD 1TB;Armazenamento;2;650;10;1170;Boleto;Sim;Não;2;Sim;Não;February;02/02/2025
2483;C0329;59;M;Solteiro;Rio de Janeiro;Sudeste;15702;9;App;Impressora;Informática;1;950;10;855;Boleto;Sim;Sim;5;Não;Não;January;31/01/2025
2484;C0602;28;F;Casado;Recife;Nordeste;14980;1;App;SSD 1TB;Armazenamento;2;650;10;1170;Boleto;Sim;Não;5;Não;Não;September;27/09/2025
2485;C0671;62;M;Casado;Rio de Janeiro;Sudeste;12010;15;Site;Cadeira Gamer;Móveis;3;1800;15;4590;Cartão;Sim;Sim;4;Não;Não;January;26/01/2025
2486;C0349;38;F;Divorciado;Recife;Nordeste;10969;13;App;Mouse;Informática;2;120;0;240;Cartão;Não;Sim;4;Não;Não;September;10/09/2025
2487;C0135;53;M;Solteiro;Belém;Norte;9267;14;Site;Impressora;Informática;4;950;20;3040;Boleto;Sim;Sim;5;Não;Não;April;29/04/2025
2488;C0693;58;F;Solteiro;Manaus;Norte;14519;2;App;Smartphone;Telefonia;3;2800;10;7560;Cartão;Sim;Não;4;Não;Não;March;02/03/2025
2489;C0713;36;F;Casado;Fortaleza;Nordeste;13607;0;App;Impressora;Informática;3;950;10;2565;Boleto;Sim;Não;3;Não;Não;October;09/10/2025
2490;C0033;32;M;Casado;Recife;Nordeste;21533;8;Loja;Webcam;Informática;2;260;0;520;Pix;Não;Sim;5;Não;Não;September;04/09/2025
2491;C0623;26;M;Casado;Brasília;Centro-Oeste;18084;11;App;Smartphone;Telefonia;3;2800;20;6720;Pix;Sim;Não;4;Não;Não;June;04/06/2025
2492;C0409;22;M;Divorciado;Fortaleza;Nordeste;16450;8;Site;Smartwatch;Wearables;4;1600;15;5440;Cartão;Sim;Sim;2;Sim;Não;May;30/05/2025
2493;C0391;31;F;Casado;Belém;Norte;21469;9;Site;Roteador;Redes;4;480;15;1632;Cartão;Sim;Não;5;Não;Não;May;02/05/2025
2494;C0261;24;M;Casado;Manaus;Norte;9619;14;Site;Mouse;Informática;4;120;0;480;Pix;Não;Sim;5;Não;Não;March;01/03/2025
2495;C0326;63;F;Solteiro;Fortaleza;Nordeste;12281;1;Site;Monitor;Informática;2;1100;15;1870;Pix;Sim;Não;4;Não;Não;May;09/05/2025
2496;C0330;22;F;Solteiro;Brasília;Centro-Oeste;2037;5;App;Webcam;Informática;1;260;0;260;Cartão;Não;Sim;4;Não;Não;July;09/07/2025
2497;C0579;32;F;Solteiro;Rio de Janeiro;Sudeste;20373;0;Site;Roteador;Redes;1;480;10;432;Pix;Sim;Não;1;Sim;Não;September;10/09/2025
2498;C0096;36;F;Divorciado;Curitiba;Sul;3028;6;App;Roteador;Redes;1;480;5;456;Pix;Sim;Não;4;Não;Não;May;22/05/2025
2499;C0417;43;F;Divorciado;São Paulo;Sudeste;12148;4;App;SSD 1TB;Armazenamento;2;650;0;1300;Pix;Não;Não;2;Sim;Não;July;02/07/2025
2500;C0193;47;M;Solteiro;Recife;Nordeste;9608;14;Site;Webcam;Informática;3;260;10;702;Pix;Sim;Não;5;Não;Não;September;12/09/2025
2501;C0141;30;M;Casado;Recife;Nordeste;20710;15;App;SSD 1TB;Armazenamento;4;650;5;2470;Cartão;Sim;Não;4;Não;Não;October;12/10/2025
2502;C0108;19;F;Divorciado;Fortaleza;Nordeste;16997;2;Loja;Roteador;Redes;3;480;5;1368;Cartão;Sim;Não;5;Não;Não;August;30/08/2025
2503;C0645;38;M;Casado;Brasília;Centro-Oeste;8145;12;App;Teclado;Informática;1;220;5;209;Cartão;Sim;Sim;4;Não;Não;April;27/04/2025
2504;C0269;56;F;Divorciado;Curitiba;Sul;13429;4;Site;Cadeira Gamer;Móveis;1;1800;5;1710;Boleto;Sim;Sim;4;Não;Não;March;10/03/2025
2505;C0313;50;M;Casado;Belém;Norte;8339;12;App;Teclado;Informática;3;220;0;660;Cartão;Não;Sim;3;Não;Não;June;11/06/2025
2506;C0191;41;F;Divorciado;Curitiba;Sul;10909;5;Loja;Smartwatch;Wearables;2;1600;5;3040;Boleto;Sim;Sim;1;Sim;Não;November;01/11/2025
2507;C0470;51;M;Casado;Curitiba;Sul;16196;1;Site;Notebook;Informática;4;4500;10;16200;Pix;Sim;Não;4;Não;Sim;October;15/10/2025
2508;C0217;53;M;Solteiro;São Paulo;Sudeste;5169;15;Site;Smartphone;Telefonia;3;2800;10;7560;Boleto;Sim;Sim;3;Não;Não;March;19/03/2025
2509;C0210;35;M;Divorciado;Curitiba;Sul;13138;14;App;Webcam;Informática;4;260;0;1040;Cartão;Não;Sim;3;Não;Não;August;12/08/2025
2510;C0417;26;F;Solteiro;São Paulo;Sudeste;20077;4;Site;SSD 1TB;Armazenamento;3;650;0;1950;Boleto;Não;Sim;2;Sim;Não;February;19/02/2025
2511;C0219;47;F;Solteiro;Manaus;Norte;13182;3;App;Notebook;Informática;3;4500;0;13500;Boleto;Não;Sim;4;Não;Não;January;16/01/2025
2512;C0594;18;F;Divorciado;São Paulo;Sudeste;10411;2;Site;Monitor;Informática;3;1100;0;3300;Boleto;Não;Não;3;Não;Não;November;06/11/2025
2513;C0553;19;M;Casado;Manaus;Norte;13755;3;Site;Mouse;Informática;1;120;10;108;Pix;Sim;Sim;2;Sim;Não;November;05/11/2025
2514;C0615;44;F;Casado;Belém;Norte;8605;4;Site;Mouse;Informática;2;120;0;240;Cartão;Não;Não;5;Não;Não;February;06/02/2025
2515;C0285;46;M;Solteiro;São Paulo;Sudeste;9779;13;App;Smartphone;Telefonia;2;2800;10;5040;Boleto;Sim;Não;2;Sim;Não;July;13/07/2025
2516;C0446;65;F;Casado;Curitiba;Sul;13018;13;App;Cadeira Gamer;Móveis;1;1800;0;1800;Cartão;Não;Sim;4;Não;Não;April;02/04/2025
2517;C0775;52;M;Solteiro;Manaus;Norte;4195;4;Loja;Notebook;Informática;2;4500;10;8100;Pix;Sim;Não;4;Não;Não;July;08/07/2025
2518;C0656;65;F;Divorciado;Brasília;Centro-Oeste;13653;13;Site;Roteador;Redes;4;480;0;1920;Boleto;Não;Sim;4;Não;Não;July;18/07/2025
2519;C0786;49;F;Casado;Fortaleza;Nordeste;12826;9;Loja;Cadeira Gamer;Móveis;3;1800;20;4320;Pix;Sim;Não;4;Não;Não;April;21/04/2025
2520;C0009;41;M;Divorciado;Fortaleza;Nordeste;11036;9;Site;Monitor;Informática;4;1100;0;4400;Pix;Não;Sim;5;Não;Não;May;09/05/2025
2521;C0390;66;M;Divorciado;São Paulo;Sudeste;11790;2;Loja;Smartwatch;Wearables;4;1600;15;5440;Boleto;Sim;Não;3;Não;Não;January;30/01/2025
2522;C0639;30;M;Divorciado;Fortaleza;Nordeste;13100;5;App;Smartwatch;Wearables;1;1600;15;1360;Cartão;Sim;Sim;4;Não;Não;February;27/02/2025
2523;C0277;59;M;Casado;Manaus;Norte;20180;1;Site;Mouse;Informática;4;120;10;432;Boleto;Sim;Não;5;Não;Não;September;01/09/2025
2524;C0504;57;M;Divorciado;Curitiba;Sul;2227;14;Site;Cadeira Gamer;Móveis;3;1800;5;5130;Cartão;Sim;Sim;3;Não;Não;April;29/04/2025
2525;C0281;23;M;Casado;Fortaleza;Nordeste;3584;10;App;Impressora;Informática;3;950;20;2280;Pix;Sim;Sim;5;Não;Não;March;09/03/2025
2526;C0529;42;F;Divorciado;Fortaleza;Nordeste;3270;11;App;Roteador;Redes;4;480;0;1920;Boleto;Não;Sim;3;Não;Não;January;11/01/2025
2527;C0639;33;M;Solteiro;Fortaleza;Nordeste;2190;13;Site;SSD 1TB;Armazenamento;3;650;5;1852,5;Cartão;Sim;Não;4;Sim;Não;July;05/07/2025
2528;C0116;38;M;Solteiro;Brasília;Centro-Oeste;9585;1;Site;Notebook;Informática;4;4500;10;16200;Cartão;Sim;Não;5;Não;Não;September;19/09/2025
2529;C0172;45;M;Divorciado;Belém;Norte;21760;11;Loja;SSD 1TB;Armazenamento;3;650;10;1755;Cartão;Sim;Sim;5;Não;Não;August;13/08/2025
2530;C0199;48;M;Casado;São Paulo;Sudeste;9871;5;Loja;Smartphone;Telefonia;1;2800;10;2520;Cartão;Sim;Sim;5;Não;Não;July;05/07/2025
2531;C0463;23;F;Divorciado;Brasília;Centro-Oeste;10425;7;Site;Smartphone;Telefonia;3;2800;5;7980;Cartão;Sim;Sim;5;Não;Não;May;27/05/2025
2532;C0234;53;F;Solteiro;Fortaleza;Nordeste;19909;2;App;Mouse;Informática;4;120;10;432;Cartão;Sim;Não;4;Não;Não;July;16/07/2025
2533;C0617;18;F;Solteiro;Fortaleza;Nordeste;9083;4;App;Notebook;Informática;4;4500;0;18000;Pix;Não;Sim;3;Não;Sim;April;22/04/2025
2534;C0410;47;F;Casado;Curitiba;Sul;3435;14;Loja;Roteador;Redes;2;480;0;960;Pix;Não;Sim;4;Não;Não;July;17/07/2025
2535;C0157;69;M;Casado;Curitiba;Sul;18965;3;App;Mouse;Informática;4;120;0;480;Pix;Não;Não;2;Sim;Não;September;26/09/2025
2536;C0593;34;F;Solteiro;Manaus;Norte;12472;1;Loja;Notebook;Informática;2;4500;10;8100;Pix;Sim;Não;4;Não;Não;September;03/09/2025
2537;C0562;55;F;Casado;Fortaleza;Nordeste;5628;9;Site;SSD 1TB;Armazenamento;2;650;15;1105;Cartão;Sim;Sim;3;Não;Não;April;24/04/2025
2538;C0396;30;F;Divorciado;Belém;Norte;3283;3;Site;Smartwatch;Wearables;3;1600;0;4800;Pix;Não;Sim;5;Não;Não;October;06/10/2025
2539;C0704;59;F;Casado;Brasília;Centro-Oeste;9672;0;Site;Mouse;Informática;2;120;10;216;Cartão;Sim;Não;4;Não;Não;September;03/09/2025
2540;C0734;65;M;Divorciado;Curitiba;Sul;10629;0;Site;Notebook;Informática;3;4500;10;12150;Boleto;Sim;Não;2;Sim;Não;March;09/03/2025
2541;C0114;69;F;Casado;Curitiba;Sul;12090;2;Loja;Webcam;Informática;3;260;5;741;Cartão;Sim;Não;3;Não;Não;January;26/01/2025
2542;C0170;50;F;Casado;São Paulo;Sudeste;2306;8;Site;SSD 1TB;Armazenamento;2;650;5;1235;Cartão;Sim;Não;5;Sim;Não;June;10/06/2025
2543;C0276;52;M;Casado;Belém;Norte;12682;8;Loja;Mouse;Informática;1;120;0;120;Boleto;Não;Não;5;Não;Não;September;14/09/2025
2544;C0225;56;F;Casado;Recife;Nordeste;14298;3;Loja;Mouse;Informática;4;120;0;480;Cartão;Não;Não;5;Não;Não;December;03/12/2025
2545;C0086;50;F;Divorciado;Fortaleza;Nordeste;12212;13;App;SSD 1TB;Armazenamento;2;650;0;1300;Cartão;Não;Sim;4;Não;Não;May;03/05/2025
2546;C0119;70;M;Casado;Fortaleza;Nordeste;3629;5;Site;Impressora;Informática;1;950;10;855;Cartão;Sim;Não;4;Não;Não;August;29/08/2025
2547;C0284;18;F;Casado;Curitiba;Sul;14412;14;Site;Cadeira Gamer;Móveis;2;1800;0;3600;Cartão;Não;Sim;2;Sim;Não;May;22/05/2025
2548;C0616;29;M;Divorciado;Fortaleza;Nordeste;9844;14;App;Teclado;Informática;3;220;10;594;Cartão;Sim;Sim;5;Não;Não;February;06/02/2025
2549;C0370;61;F;Divorciado;Recife;Nordeste;19829;7;Site;Smartphone;Telefonia;4;2800;0;11200;Cartão;Não;Não;5;Não;Não;August;06/08/2025
2550;C0504;58;M;Divorciado;Rio de Janeiro;Sudeste;8815;9;Site;Monitor;Informática;2;1100;0;2200;Pix;Não;Sim;3;Não;Não;July;19/07/2025
2551;C0254;32;F;Divorciado;Belém;Norte;13441;2;Loja;Headset;Informática;1;380;5;361;Boleto;Sim;Não;3;Não;Não;July;22/07/2025
2552;C0338;29;M;Solteiro;Rio de Janeiro;Sudeste;9140;4;Loja;Impressora;Informática;3;950;0;2850;Cartão;Não;Não;3;Não;Não;August;21/08/2025
2553;C0067;46;M;Casado;Brasília;Centro-Oeste;7828;12;Loja;SSD 1TB;Armazenamento;4;650;0;2600;Cartão;Não;Sim;5;Não;Não;May;17/05/2025
2554;C0084;39;F;Casado;Manaus;Norte;19313;8;Site;Headset;Informática;4;380;10;1368;Pix;Sim;Não;5;Não;Não;January;12/01/2025
2555;C0299;60;M;Divorciado;Rio de Janeiro;Sudeste;12379;6;Loja;Smartwatch;Wearables;2;1600;10;2880;Pix;Sim;Sim;4;Não;Não;August;24/08/2025
2556;C0035;58;M;Solteiro;Rio de Janeiro;Sudeste;9424;14;Loja;Smartphone;Telefonia;2;2800;15;4760;Pix;Sim;Sim;5;Não;Não;November;05/11/2025
2557;C0240;40;M;Solteiro;Curitiba;Sul;5779;8;App;Smartphone;Telefonia;1;2800;5;2660;Cartão;Sim;Não;5;Não;Não;July;23/07/2025
2558;C0253;49;F;Divorciado;Fortaleza;Nordeste;3898;3;Loja;SSD 1TB;Armazenamento;3;650;5;1852,5;Pix;Sim;Não;3;Não;Não;February;18/02/2025
2559;C0590;31;M;Divorciado;Curitiba;Sul;2526;7;App;Smartwatch;Wearables;2;1600;0;3200;Boleto;Não;Sim;4;Não;Não;November;07/11/2025
2560;C0461;51;M;Divorciado;Rio de Janeiro;Sudeste;7032;9;App;Cadeira Gamer;Móveis;1;1800;0;1800;Cartão;Não;Sim;4;Não;Não;September;14/09/2025
2561;C0499;25;M;Solteiro;Fortaleza;Nordeste;4168;9;Loja;Headset;Informática;4;380;10;1368;Boleto;Sim;Sim;5;Não;Não;May;31/05/2025
2562;C0399;20;M;Solteiro;Belém;Norte;9987;7;App;Headset;Informática;1;380;0;380;Boleto;Não;Não;5;Não;Não;January;11/01/2025
2563;C0099;51;M;Solteiro;Rio de Janeiro;Sudeste;18569;13;App;Headset;Informática;3;380;10;1026;Cartão;Sim;Sim;5;Não;Não;July;26/07/2025
2564;C0193;64;M;Divorciado;Brasília;Centro-Oeste;19620;12;Loja;Notebook;Informática;3;4500;5;12825;Cartão;Sim;Sim;5;Não;Não;October;02/10/2025
2565;C0747;57;F;Divorciado;Fortaleza;Nordeste;9937;2;App;Notebook;Informática;3;4500;0;13500;Pix;Não;Não;4;Não;Sim;December;23/12/2025
2566;C0159;47;M;Casado;Rio de Janeiro;Sudeste;18718;14;Loja;SSD 1TB;Armazenamento;3;650;0;1950;Pix;Não;Sim;5;Não;Não;August;24/08/2025
2567;C0172;18;F;Casado;Curitiba;Sul;19660;5;Site;Cadeira Gamer;Móveis;1;1800;5;1710;Cartão;Sim;Sim;4;Não;Não;October;04/10/2025
2568;C0446;38;F;Solteiro;Rio de Janeiro;Sudeste;21844;1;Loja;SSD 1TB;Armazenamento;4;650;15;2210;Pix;Sim;Não;3;Não;Não;February;26/02/2025
2569;C0393;40;F;Divorciado;Belém;Norte;6658;5;Loja;Webcam;Informática;4;260;0;1040;Boleto;Não;Sim;5;Não;Não;February;10/02/2025
2570;C0594;48;M;Divorciado;Belém;Norte;14991;0;Site;Smartwatch;Wearables;4;1600;10;5760;Boleto;Sim;Não;3;Não;Não;September;29/09/2025
2571;C0477;54;M;Divorciado;Brasília;Centro-Oeste;20832;10;Site;Teclado;Informática;2;220;5;418;Boleto;Sim;Sim;4;Não;Não;April;05/04/2025
2572;C0563;19;F;Casado;Rio de Janeiro;Sudeste;6864;13;Site;SSD 1TB;Armazenamento;1;650;0;650;Boleto;Não;Não;3;Não;Não;November;27/11/2025
2573;C0646;40;F;Divorciado;Recife;Nordeste;8558;10;App;Monitor;Informática;4;1100;5;4180;Boleto;Sim;Não;3;Não;Não;March;13/03/2025
2574;C0028;66;M;Casado;Manaus;Norte;21574;7;Loja;Headset;Informática;1;380;5;361;Cartão;Sim;Sim;4;Não;Não;April;11/04/2025
2575;C0366;61;F;Solteiro;Curitiba;Sul;20997;10;App;Teclado;Informática;4;220;0;880;Cartão;Não;Sim;3;Não;Não;December;21/12/2025
2576;C0610;59;F;Casado;Recife;Nordeste;11569;11;App;Mouse;Informática;1;120;0;120;Pix;Não;Não;3;Não;Não;September;25/09/2025
2577;C0288;62;M;Divorciado;Manaus;Norte;21936;3;Loja;Headset;Informática;2;380;0;760;Pix;Não;Sim;5;Não;Não;July;08/07/2025
2578;C0219;22;F;Casado;Manaus;Norte;19273;13;Site;Notebook;Informática;3;4500;10;12150;Pix;Sim;Sim;3;Não;Sim;November;12/11/2025
2579;C0452;42;F;Solteiro;Belém;Norte;20541;1;Loja;Headset;Informática;4;380;10;1368;Pix;Sim;Não;3;Não;Não;April;21/04/2025
2580;C0308;65;M;Casado;Recife;Nordeste;5004;0;Loja;Headset;Informática;4;380;10;1368;Boleto;Sim;Não;4;Não;Não;June;13/06/2025
2581;C0106;65;M;Solteiro;Recife;Nordeste;18054;6;Loja;SSD 1TB;Armazenamento;3;650;0;1950;Pix;Não;Sim;5;Não;Não;April;11/04/2025
2582;C0415;37;M;Solteiro;Manaus;Norte;18135;4;Loja;Mouse;Informática;4;120;0;480;Cartão;Não;Sim;2;Sim;Não;January;08/01/2025
2583;C0379;18;F;Divorciado;Recife;Nordeste;13433;11;Site;Webcam;Informática;2;260;5;494;Pix;Sim;Sim;4;Não;Não;December;10/12/2025
2584;C0455;37;M;Divorciado;Belém;Norte;3293;7;App;Teclado;Informática;1;220;0;220;Cartão;Não;Sim;5;Não;Não;June;26/06/2025
2585;C0016;66;M;Divorciado;Belém;Norte;5624;7;Loja;Smartphone;Telefonia;2;2800;20;4480;Pix;Sim;Não;5;Não;Não;December;28/12/2025
2586;C0223;32;F;Casado;São Paulo;Sudeste;6868;1;App;Smartphone;Telefonia;4;2800;10;10080;Pix;Sim;Não;4;Não;Não;December;25/12/2025
2587;C0386;61;F;Divorciado;Curitiba;Sul;14739;15;Site;Smartphone;Telefonia;3;2800;0;8400;Pix;Não;Não;4;Não;Não;September;11/09/2025
2588;C0337;26;F;Solteiro;Brasília;Centro-Oeste;19230;10;Site;Notebook;Informática;1;4500;0;4500;Pix;Não;Sim;5;Não;Não;May;16/05/2025
2589;C0393;50;M;Casado;Fortaleza;Nordeste;3814;2;App;Notebook;Informática;3;4500;0;13500;Boleto;Não;Não;4;Não;Não;March;13/03/2025
2590;C0180;33;F;Solteiro;Rio de Janeiro;Sudeste;2062;10;Site;SSD 1TB;Armazenamento;2;650;0;1300;Pix;Não;Sim;5;Não;Não;November;23/11/2025
2591;C0705;51;F;Divorciado;Belém;Norte;8499;4;Loja;SSD 1TB;Armazenamento;1;650;5;617,5;Cartão;Sim;Não;4;Não;Não;November;21/11/2025
2592;C0778;46;M;Divorciado;Manaus;Norte;11831;11;App;Headset;Informática;4;380;0;1520;Boleto;Não;Sim;3;Não;Não;January;06/01/2025
2593;C0043;36;M;Solteiro;Manaus;Norte;19520;1;Loja;Headset;Informática;1;380;10;342;Cartão;Sim;Não;5;Não;Não;September;01/09/2025
2594;C0777;40;M;Casado;Recife;Nordeste;10462;10;App;Mouse;Informática;2;120;0;240;Pix;Não;Sim;4;Não;Não;February;26/02/2025
2595;C0337;52;F;Divorciado;Manaus;Norte;20413;1;App;Smartphone;Telefonia;2;2800;10;5040;Boleto;Sim;Não;5;Não;Não;August;31/08/2025
2596;C0264;32;M;Divorciado;Belém;Norte;8921;4;Site;Headset;Informática;2;380;5;722;Pix;Sim;Não;5;Não;Não;March;16/03/2025
2597;C0358;63;M;Casado;Rio de Janeiro;Sudeste;18917;9;Site;Smartwatch;Wearables;1;1600;5;1520;Boleto;Sim;Sim;4;Não;Não;July;22/07/2025
2598;C0626;54;F;Solteiro;Fortaleza;Nordeste;18032;2;Site;Notebook;Informática;3;4500;0;13500;Cartão;Não;Não;3;Não;Não;September;04/09/2025
2599;C0375;41;F;Solteiro;Fortaleza;Nordeste;14758;7;Site;Smartwatch;Wearables;4;1600;0;6400;Pix;Não;Não;3;Não;Não;February;27/02/2025
2600;C0549;64;F;Casado;Curitiba;Sul;10652;10;Loja;Monitor;Informática;4;1100;5;4180;Pix;Sim;Sim;4;Não;Não;September;01/09/2025
2601;C0179;42;M;Solteiro;Curitiba;Sul;15003;10;Site;Impressora;Informática;4;950;5;3610;Cartão;Sim;Não;5;Não;Não;September;15/09/2025
2602;C0368;55;M;Divorciado;Curitiba;Sul;12777;9;App;Webcam;Informática;1;260;15;221;Boleto;Sim;Não;2;Sim;Não;November;25/11/2025
2603;C0504;18;F;Casado;Brasília;Centro-Oeste;8246;5;Site;Smartphone;Telefonia;3;2800;15;7140;Boleto;Sim;Sim;5;Não;Não;November;17/11/2025
2604;C0448;42;M;Divorciado;Belém;Norte;12875;4;Site;Monitor;Informática;1;1100;10;990;Boleto;Sim;Sim;5;Não;Não;August;04/08/2025
2605;C0617;64;M;Solteiro;Manaus;Norte;3574;1;Site;Mouse;Informática;1;120;10;108;Boleto;Sim;Não;1;Sim;Não;October;04/10/2025
2606;C0401;32;M;Divorciado;Fortaleza;Nordeste;17676;10;App;Cadeira Gamer;Móveis;4;1800;0;7200;Cartão;Não;Sim;4;Não;Não;July;27/07/2025
2607;C0056;53;F;Casado;Manaus;Norte;11572;4;App;Notebook;Informática;1;4500;5;4275;Pix;Sim;Não;4;Não;Não;September;18/09/2025
2608;C0781;41;M;Casado;Recife;Nordeste;11200;5;Loja;SSD 1TB;Armazenamento;2;650;20;1040;Cartão;Sim;Sim;4;Não;Não;June;06/06/2025
2609;C0245;65;M;Casado;Brasília;Centro-Oeste;6784;7;App;Mouse;Informática;4;120;15;408;Cartão;Sim;Sim;5;Não;Não;October;11/10/2025
2610;C0087;57;F;Solteiro;Recife;Nordeste;6757;5;Loja;Impressora;Informática;2;950;0;1900;Cartão;Não;Não;4;Não;Não;October;30/10/2025
2611;C0376;29;F;Casado;São Paulo;Sudeste;8662;8;Loja;Smartphone;Telefonia;2;2800;0;5600;Boleto;Não;Sim;5;Não;Não;November;26/11/2025
2612;C0073;24;M;Casado;Manaus;Norte;10629;10;Loja;Smartphone;Telefonia;3;2800;5;7980;Cartão;Sim;Sim;5;Não;Não;November;04/11/2025
2613;C0176;25;M;Divorciado;Belém;Norte;14107;3;App;Teclado;Informática;4;220;10;792;Pix;Sim;Não;4;Não;Não;November;03/11/2025
2614;C0674;64;M;Casado;Rio de Janeiro;Sudeste;15468;11;Loja;Cadeira Gamer;Móveis;4;1800;20;5760;Boleto;Sim;Sim;4;Não;Não;November;30/11/2025
2615;C0789;28;F;Casado;São Paulo;Sudeste;20137;8;Loja;Smartwatch;Wearables;1;1600;0;1600;Boleto;Não;Sim;4;Não;Não;March;26/03/2025
2616;C0649;35;M;Divorciado;Belém;Norte;10415;1;Loja;Teclado;Informática;4;220;10;792;Boleto;Sim;Não;5;Não;Não;December;17/12/2025
2617;C0283;23;F;Divorciado;Recife;Nordeste;8571;11;App;Notebook;Informática;2;4500;0;9000;Pix;Não;Sim;5;Não;Não;November;25/11/2025
2618;C0034;20;M;Solteiro;Manaus;Norte;17567;8;Loja;Smartphone;Telefonia;1;2800;0;2800;Cartão;Não;Sim;5;Não;Não;January;24/01/2025
2619;C0399;41;M;Divorciado;Belém;Norte;14668;10;Site;Notebook;Informática;2;4500;10;8100;Pix;Sim;Não;4;Não;Não;January;15/01/2025
2620;C0211;63;F;Casado;Recife;Nordeste;4821;5;App;Smartphone;Telefonia;3;2800;10;7560;Boleto;Sim;Sim;5;Não;Não;May;20/05/2025
2621;C0229;52;F;Solteiro;Fortaleza;Nordeste;18722;8;Loja;Impressora;Informática;4;950;15;3230;Boleto;Sim;Sim;4;Não;Não;October;29/10/2025
2622;C0336;28;M;Solteiro;Belém;Norte;10668;13;Loja;Monitor;Informática;4;1100;5;4180;Boleto;Sim;Não;3;Não;Não;June;22/06/2025
2623;C0065;24;M;Casado;Curitiba;Sul;4012;7;App;Roteador;Redes;2;480;15;816;Cartão;Sim;Sim;1;Sim;Não;May;29/05/2025
2624;C0303;29;F;Divorciado;Recife;Nordeste;6775;1;Loja;Mouse;Informática;1;120;10;108;Cartão;Sim;Não;3;Não;Não;July;09/07/2025
2625;C0720;65;M;Solteiro;Curitiba;Sul;6558;4;Site;Roteador;Redes;3;480;0;1440;Pix;Não;Sim;4;Não;Não;December;10/12/2025
2626;C0404;33;M;Divorciado;São Paulo;Sudeste;18527;5;Loja;SSD 1TB;Armazenamento;4;650;0;2600;Cartão;Não;Não;4;Não;Não;October;17/10/2025
2627;C0074;30;F;Divorciado;São Paulo;Sudeste;4268;0;App;Smartwatch;Wearables;4;1600;10;5760;Cartão;Sim;Não;5;Não;Não;November;13/11/2025
2628;C0080;51;M;Divorciado;Brasília;Centro-Oeste;4533;3;Loja;Smartphone;Telefonia;2;2800;15;4760;Boleto;Sim;Não;4;Não;Não;March;23/03/2025
2629;C0270;46;M;Divorciado;Brasília;Centro-Oeste;6737;11;App;Headset;Informática;1;380;10;342;Pix;Sim;Não;4;Não;Não;September;17/09/2025
2630;C0334;21;M;Divorciado;Brasília;Centro-Oeste;3307;4;App;Mouse;Informática;3;120;15;306;Cartão;Sim;Sim;4;Não;Não;March;18/03/2025
2631;C0639;39;M;Casado;Fortaleza;Nordeste;2836;9;Site;Teclado;Informática;2;220;0;440;Cartão;Não;Sim;5;Não;Não;January;20/01/2025
2632;C0745;58;F;Solteiro;São Paulo;Sudeste;16711;0;Loja;Monitor;Informática;2;1100;10;1980;Pix;Sim;Não;5;Não;Não;January;27/01/2025
2633;C0128;60;M;Casado;Brasília;Centro-Oeste;14228;7;App;Headset;Informática;1;380;0;380;Boleto;Não;Sim;4;Não;Não;March;10/03/2025
2634;C0484;66;M;Solteiro;Manaus;Norte;15791;7;Loja;Mouse;Informática;4;120;15;408;Pix;Sim;Sim;3;Não;Não;June;04/06/2025
2635;C0164;34;M;Casado;Recife;Nordeste;4690;10;Site;Monitor;Informática;3;1100;0;3300;Cartão;Não;Sim;4;Não;Não;October;09/10/2025
2636;C0438;62;F;Divorciado;Manaus;Norte;11580;4;Site;Smartphone;Telefonia;1;2800;0;2800;Cartão;Não;Sim;4;Não;Não;June;25/06/2025
2637;C0326;20;M;Solteiro;Rio de Janeiro;Sudeste;5852;0;Loja;Smartwatch;Wearables;1;1600;10;1440;Cartão;Sim;Não;5;Não;Não;February;04/02/2025
2638;C0358;34;M;Solteiro;São Paulo;Sudeste;15782;14;Loja;SSD 1TB;Armazenamento;1;650;10;585;Pix;Sim;Não;3;Não;Não;April;07/04/2025
2639;C0551;23;F;Divorciado;Brasília;Centro-Oeste;21662;8;App;Notebook;Informática;3;4500;0;13500;Pix;Não;Sim;4;Não;Sim;September;11/09/2025
2640;C0701;54;M;Divorciado;Manaus;Norte;12661;1;App;Notebook;Informática;4;4500;10;16200;Cartão;Sim;Não;2;Sim;Não;August;14/08/2025
2641;C0479;60;M;Solteiro;Curitiba;Sul;10518;11;Loja;Roteador;Redes;1;480;0;480;Pix;Não;Sim;5;Não;Não;June;14/06/2025
2642;C0087;38;M;Divorciado;Recife;Nordeste;2423;11;App;Headset;Informática;3;380;15;969;Cartão;Sim;Sim;4;Não;Não;March;15/03/2025
2643;C0571;67;M;Solteiro;Curitiba;Sul;13527;1;Site;Webcam;Informática;3;260;10;702;Boleto;Sim;Não;5;Não;Não;February;05/02/2025
2644;C0152;25;M;Divorciado;Curitiba;Sul;19773;3;App;Cadeira Gamer;Móveis;3;1800;0;5400;Cartão;Não;Não;4;Não;Não;March;15/03/2025
2645;C0161;44;M;Casado;Fortaleza;Nordeste;1815;13;Site;Teclado;Informática;3;220;10;594;Pix;Sim;Sim;5;Não;Não;March;25/03/2025
2646;C0796;33;M;Solteiro;Rio de Janeiro;Sudeste;14449;5;Loja;Webcam;Informática;1;260;0;260;Pix;Não;Sim;3;Não;Não;September;11/09/2025
2647;C0528;47;M;Divorciado;Belém;Norte;7000;4;App;Smartphone;Telefonia;4;2800;0;11200;Pix;Não;Sim;5;Não;Não;September;19/09/2025
2648;C0589;70;M;Solteiro;Fortaleza;Nordeste;4552;0;Site;Roteador;Redes;1;480;10;432;Pix;Sim;Não;2;Sim;Não;December;19/12/2025
2649;C0221;56;F;Divorciado;Rio de Janeiro;Sudeste;13596;14;App;Monitor;Informática;4;1100;0;4400;Boleto;Não;Sim;5;Não;Não;January;10/01/2025
2650;C0397;54;F;Solteiro;Brasília;Centro-Oeste;11212;13;Loja;Smartphone;Telefonia;2;2800;0;5600;Boleto;Não;Sim;2;Sim;Não;December;19/12/2025
2651;C0176;47;F;Casado;Brasília;Centro-Oeste;7024;1;Site;Smartwatch;Wearables;3;1600;10;4320;Boleto;Sim;Não;5;Não;Não;June;03/06/2025
2652;C0219;43;M;Casado;Fortaleza;Nordeste;19072;3;Loja;Monitor;Informática;4;1100;0;4400;Pix;Não;Não;2;Sim;Não;November;29/11/2025
2653;C0583;53;M;Divorciado;São Paulo;Sudeste;17849;1;App;Monitor;Informática;4;1100;10;3960;Pix;Sim;Não;4;Não;Não;October;04/10/2025
2654;C0496;53;F;Divorciado;Fortaleza;Nordeste;10052;11;Loja;Monitor;Informática;1;1100;0;1100;Boleto;Não;Sim;4;Não;Não;February;18/02/2025
2655;C0102;60;M;Solteiro;São Paulo;Sudeste;16239;0;Site;SSD 1TB;Armazenamento;4;650;10;2340;Boleto;Sim;Não;5;Não;Não;May;30/05/2025
2656;C0047;63;F;Solteiro;Manaus;Norte;2848;5;Loja;Smartphone;Telefonia;3;2800;15;7140;Boleto;Sim;Sim;4;Não;Não;June;06/06/2025
2657;C0094;40;M;Divorciado;Brasília;Centro-Oeste;10960;13;App;Notebook;Informática;3;4500;10;12150;Boleto;Sim;Não;5;Não;Não;July;08/07/2025
2658;C0753;69;F;Casado;Rio de Janeiro;Sudeste;1839;9;App;Monitor;Informática;4;1100;5;4180;Boleto;Sim;Não;5;Não;Não;May;03/05/2025
2659;C0039;32;M;Casado;Recife;Nordeste;14121;6;App;Webcam;Informática;3;260;0;780;Pix;Não;Sim;4;Não;Não;December;24/12/2025
2660;C0482;64;F;Solteiro;São Paulo;Sudeste;13589;10;Loja;Smartwatch;Wearables;3;1600;15;4080;Pix;Sim;Não;4;Não;Não;November;23/11/2025
2661;C0748;45;F;Casado;Manaus;Norte;14804;6;Loja;Smartphone;Telefonia;3;2800;0;8400;Cartão;Não;Sim;5;Não;Não;November;28/11/2025
2662;C0531;20;M;Divorciado;Belém;Norte;17268;9;App;Mouse;Informática;2;120;5;228;Boleto;Sim;Sim;5;Não;Não;January;14/01/2025
2663;C0218;23;M;Casado;Manaus;Norte;15091;14;App;Notebook;Informática;1;4500;0;4500;Boleto;Não;Sim;5;Não;Não;February;16/02/2025
2664;C0680;41;F;Casado;Belém;Norte;9810;10;App;Monitor;Informática;4;1100;20;3520;Cartão;Sim;Sim;3;Não;Não;December;23/12/2025
2665;C0739;58;M;Casado;São Paulo;Sudeste;19011;14;App;Monitor;Informática;2;1100;0;2200;Cartão;Não;Sim;1;Sim;Não;January;29/01/2025
2666;C0738;25;M;Casado;Brasília;Centro-Oeste;21318;6;App;Cadeira Gamer;Móveis;3;1800;0;5400;Pix;Não;Sim;4;Não;Não;August;22/08/2025
2667;C0757;55;F;Divorciado;São Paulo;Sudeste;17249;3;Site;SSD 1TB;Armazenamento;2;650;5;1235;Cartão;Sim;Sim;3;Não;Não;December;06/12/2025
2668;C0370;64;F;Casado;São Paulo;Sudeste;3039;8;App;Monitor;Informática;4;1100;0;4400;Pix;Não;Não;4;Não;Não;May;12/05/2025
2669;C0089;33;F;Solteiro;Fortaleza;Nordeste;3078;6;App;Notebook;Informática;4;4500;0;18000;Pix;Não;Não;4;Não;Não;May;24/05/2025
2670;C0283;37;M;Casado;Manaus;Norte;16178;8;App;Notebook;Informática;1;4500;5;4275;Pix;Sim;Sim;5;Não;Não;October;23/10/2025
2671;C0715;52;F;Casado;Fortaleza;Nordeste;9526;11;App;Monitor;Informática;1;1100;0;1100;Pix;Não;Sim;4;Não;Não;January;11/01/2025
2672;C0612;23;M;Solteiro;Recife;Nordeste;10156;11;App;Headset;Informática;3;380;15;969;Boleto;Sim;Sim;4;Não;Não;October;20/10/2025
2673;C0473;40;F;Solteiro;Recife;Nordeste;3699;8;Loja;Headset;Informática;3;380;0;1140;Cartão;Não;Não;5;Não;Não;August;23/08/2025
2674;C0335;68;F;Casado;Brasília;Centro-Oeste;6721;9;Loja;Impressora;Informática;4;950;0;3800;Cartão;Não;Sim;5;Não;Não;May;26/05/2025
2675;C0694;53;F;Solteiro;Curitiba;Sul;7269;4;Site;Smartwatch;Wearables;3;1600;10;4320;Cartão;Sim;Não;4;Não;Não;April;24/04/2025
2676;C0629;27;M;Solteiro;Brasília;Centro-Oeste;7797;10;App;Webcam;Informática;2;260;0;520;Boleto;Não;Não;4;Não;Não;September;29/09/2025
2677;C0457;22;F;Divorciado;Brasília;Centro-Oeste;4974;8;Loja;Teclado;Informática;2;220;0;440;Pix;Não;Sim;4;Não;Não;September;27/09/2025
2678;C0603;49;M;Divorciado;Brasília;Centro-Oeste;1975;15;Site;Mouse;Informática;2;120;10;216;Pix;Sim;Não;5;Sim;Não;July;02/07/2025
2679;C0251;52;F;Solteiro;Brasília;Centro-Oeste;4456;10;App;Teclado;Informática;1;220;15;187;Boleto;Sim;Não;5;Não;Não;July;30/07/2025
2680;C0783;37;F;Solteiro;Fortaleza;Nordeste;11541;12;Site;Cadeira Gamer;Móveis;2;1800;0;3600;Pix;Não;Sim;5;Não;Não;April;30/04/2025
2681;C0770;68;F;Divorciado;Manaus;Norte;18892;5;App;Smartphone;Telefonia;2;2800;0;5600;Cartão;Não;Sim;4;Não;Não;January;01/01/2025
2682;C0041;53;F;Divorciado;Manaus;Norte;19762;11;Site;Smartphone;Telefonia;4;2800;0;11200;Cartão;Não;Sim;1;Sim;Não;August;17/08/2025
2683;C0114;25;M;Divorciado;Recife;Nordeste;13139;4;Loja;Impressora;Informática;1;950;0;950;Boleto;Não;Sim;1;Sim;Não;August;19/08/2025
2684;C0003;21;M;Divorciado;Rio de Janeiro;Sudeste;17640;1;Loja;Roteador;Redes;3;480;15;1224;Boleto;Sim;Não;5;Não;Não;August;11/08/2025
2685;C0653;18;F;Divorciado;Manaus;Norte;11259;3;Loja;Headset;Informática;4;380;5;1444;Pix;Sim;Não;5;Não;Não;September;13/09/2025
2686;C0368;32;M;Casado;São Paulo;Sudeste;18432;5;Loja;Monitor;Informática;2;1100;0;2200;Pix;Não;Sim;5;Não;Não;May;07/05/2025
2687;C0125;63;F;Divorciado;São Paulo;Sudeste;1917;13;Loja;Smartwatch;Wearables;2;1600;5;3040;Cartão;Sim;Sim;4;Não;Não;July;02/07/2025
2688;C0522;24;M;Divorciado;Recife;Nordeste;17551;1;Site;Headset;Informática;2;380;10;684;Pix;Sim;Não;4;Não;Não;January;04/01/2025
2689;C0112;36;F;Casado;São Paulo;Sudeste;10618;3;App;Smartwatch;Wearables;2;1600;0;3200;Boleto;Não;Não;3;Não;Não;February;14/02/2025
2690;C0567;53;M;Divorciado;Recife;Nordeste;17646;3;Loja;Mouse;Informática;2;120;20;192;Boleto;Sim;Sim;4;Não;Não;September;29/09/2025
2691;C0423;39;F;Solteiro;Recife;Nordeste;4520;2;App;Notebook;Informática;4;4500;5;17100;Pix;Sim;Não;5;Não;Sim;April;07/04/2025
2692;C0138;59;M;Solteiro;Brasília;Centro-Oeste;3004;0;Site;Webcam;Informática;1;260;10;234;Cartão;Sim;Não;2;Sim;Não;April;28/04/2025
2693;C0577;54;F;Casado;Brasília;Centro-Oeste;16823;13;Loja;Headset;Informática;2;380;0;760;Pix;Não;Sim;4;Não;Não;July;23/07/2025
2694;C0775;45;F;Casado;Belém;Norte;12457;11;Loja;Headset;Informática;4;380;15;1292;Pix;Sim;Sim;4;Não;Não;April;07/04/2025
2695;C0643;29;F;Solteiro;Curitiba;Sul;9106;15;App;Smartwatch;Wearables;3;1600;0;4800;Pix;Não;Sim;5;Não;Não;May;06/05/2025
2696;C0730;45;M;Divorciado;Fortaleza;Nordeste;13145;4;Site;Impressora;Informática;2;950;0;1900;Cartão;Não;Sim;4;Não;Não;May;10/05/2025
2697;C0351;57;M;Solteiro;Manaus;Norte;7288;13;App;Smartphone;Telefonia;4;2800;0;11200;Boleto;Não;Sim;4;Não;Não;May;24/05/2025
2698;C0216;25;M;Casado;São Paulo;Sudeste;17917;13;Loja;SSD 1TB;Armazenamento;1;650;10;585;Cartão;Sim;Sim;3;Não;Não;December;21/12/2025
2699;C0728;68;F;Solteiro;Curitiba;Sul;13638;15;Site;Headset;Informática;2;380;5;722;Boleto;Sim;Sim;5;Não;Não;October;24/10/2025
2700;C0630;39;F;Casado;Belém;Norte;20971;15;App;Cadeira Gamer;Móveis;4;1800;5;6840;Pix;Sim;Sim;5;Não;Não;November;14/11/2025
2701;C0018;49;F;Casado;Fortaleza;Nordeste;20436;5;Loja;Monitor;Informática;2;1100;0;2200;Pix;Não;Sim;5;Não;Não;June;27/06/2025
2702;C0182;50;M;Divorciado;São Paulo;Sudeste;4562;7;Loja;Smartphone;Telefonia;4;2800;5;10640;Pix;Sim;Não;4;Não;Sim;May;07/05/2025
2703;C0081;69;M;Casado;Fortaleza;Nordeste;18618;9;App;Monitor;Informática;2;1100;10;1980;Cartão;Sim;Não;5;Não;Não;August;16/08/2025
2704;C0263;23;M;Divorciado;Curitiba;Sul;11691;0;Site;Headset;Informática;2;380;10;684;Boleto;Sim;Não;4;Não;Não;November;22/11/2025
2705;C0281;23;F;Casado;Curitiba;Sul;18330;10;Site;Smartwatch;Wearables;2;1600;5;3040;Boleto;Sim;Sim;3;Não;Não;January;03/01/2025
2706;C0761;69;M;Divorciado;Manaus;Norte;7538;11;App;Mouse;Informática;1;120;15;102;Boleto;Sim;Sim;5;Não;Não;February;09/02/2025
2707;C0133;30;F;Divorciado;Rio de Janeiro;Sudeste;21348;10;App;Cadeira Gamer;Móveis;4;1800;10;6480;Boleto;Sim;Sim;4;Não;Não;February;26/02/2025
2708;C0285;32;F;Solteiro;São Paulo;Sudeste;15802;12;App;SSD 1TB;Armazenamento;4;650;15;2210;Pix;Sim;Não;5;Não;Não;April;23/04/2025
2709;C0756;67;M;Casado;São Paulo;Sudeste;4072;10;App;SSD 1TB;Armazenamento;3;650;0;1950;Cartão;Não;Sim;4;Não;Não;April;23/04/2025
2710;C0795;29;F;Casado;Belém;Norte;21955;6;Loja;Teclado;Informática;3;220;5;627;Pix;Sim;Sim;5;Não;Não;September;08/09/2025
2711;C0020;29;F;Divorciado;Belém;Norte;21205;4;App;Smartphone;Telefonia;2;2800;0;5600;Pix;Não;Sim;2;Sim;Não;June;02/06/2025
2712;C0217;69;M;Casado;Manaus;Norte;3487;10;App;Headset;Informática;4;380;0;1520;Boleto;Não;Sim;4;Não;Não;February;26/02/2025
2713;C0518;34;M;Casado;Fortaleza;Nordeste;19150;8;App;Monitor;Informática;4;1100;5;4180;Boleto;Sim;Sim;5;Não;Não;January;02/01/2025
2714;C0255;51;F;Casado;São Paulo;Sudeste;14501;13;Loja;Smartphone;Telefonia;3;2800;5;7980;Cartão;Sim;Sim;2;Sim;Não;March;03/03/2025
2715;C0318;53;M;Divorciado;Recife;Nordeste;5063;6;Site;Impressora;Informática;3;950;5;2707,5;Pix;Sim;Sim;4;Não;Não;July;31/07/2025
2716;C0723;55;F;Solteiro;Fortaleza;Nordeste;10541;0;Loja;Impressora;Informática;1;950;10;855;Boleto;Sim;Não;3;Não;Não;October;13/10/2025
2717;C0639;25;M;Divorciado;Belém;Norte;7488;11;App;Impressora;Informática;2;950;0;1900;Cartão;Não;Sim;2;Sim;Não;September;01/09/2025
2718;C0206;54;M;Casado;Brasília;Centro-Oeste;10439;11;Loja;Smartwatch;Wearables;4;1600;10;5760;Cartão;Sim;Não;4;Não;Não;February;05/02/2025
2719;C0752;53;F;Casado;Fortaleza;Nordeste;18524;8;App;Mouse;Informática;3;120;5;342;Cartão;Sim;Sim;4;Não;Não;December;04/12/2025
2720;C0292;49;M;Casado;Belém;Norte;21328;12;App;SSD 1TB;Armazenamento;3;650;0;1950;Pix;Não;Não;4;Não;Não;October;31/10/2025
2721;C0363;38;M;Casado;Brasília;Centro-Oeste;5434;8;Loja;Mouse;Informática;2;120;5;228;Boleto;Sim;Não;4;Não;Não;August;25/08/2025
2722;C0092;35;M;Casado;Fortaleza;Nordeste;4158;6;Loja;SSD 1TB;Armazenamento;4;650;20;2080;Cartão;Sim;Sim;5;Não;Não;May;16/05/2025
2723;C0278;47;M;Divorciado;Manaus;Norte;16988;3;Site;Headset;Informática;3;380;10;1026;Boleto;Sim;Sim;4;Não;Não;March;14/03/2025
2724;C0306;58;M;Casado;Rio de Janeiro;Sudeste;9856;14;App;Notebook;Informática;4;4500;10;16200;Boleto;Sim;Não;4;Não;Não;April;14/04/2025
2725;C0448;54;M;Divorciado;Brasília;Centro-Oeste;7301;9;Loja;Roteador;Redes;2;480;0;960;Boleto;Não;Sim;4;Não;Não;August;18/08/2025
2726;C0580;67;F;Casado;Curitiba;Sul;10633;2;Loja;Mouse;Informática;2;120;15;204;Boleto;Sim;Não;4;Não;Não;January;23/01/2025
2727;C0753;69;F;Solteiro;Brasília;Centro-Oeste;17799;4;Site;Mouse;Informática;4;120;5;456;Pix;Sim;Sim;5;Não;Não;January;16/01/2025
2728;C0045;69;F;Solteiro;Brasília;Centro-Oeste;9032;6;App;Teclado;Informática;4;220;0;880;Pix;Não;Não;4;Não;Não;August;07/08/2025
2729;C0264;65;M;Solteiro;Recife;Nordeste;19470;8;App;Headset;Informática;4;380;20;1216;Boleto;Sim;Sim;3;Não;Não;January;13/01/2025
2730;C0491;23;M;Casado;Brasília;Centro-Oeste;18383;5;Site;SSD 1TB;Armazenamento;1;650;10;585;Boleto;Sim;Não;4;Não;Não;December;01/12/2025
2731;C0408;68;M;Casado;Belém;Norte;13951;8;Loja;Webcam;Informática;1;260;10;234;Cartão;Sim;Sim;2;Sim;Não;February;01/02/2025
2732;C0731;64;M;Solteiro;São Paulo;Sudeste;13778;10;App;Monitor;Informática;3;1100;10;2970;Boleto;Sim;Sim;4;Não;Não;February;06/02/2025
2733;C0519;44;M;Casado;Curitiba;Sul;20919;2;Loja;Smartphone;Telefonia;4;2800;5;10640;Pix;Sim;Não;5;Não;Não;December;06/12/2025
2734;C0272;37;F;Casado;São Paulo;Sudeste;21846;2;App;SSD 1TB;Armazenamento;4;650;0;2600;Pix;Não;Não;4;Não;Não;April;06/04/2025
2735;C0045;62;F;Divorciado;Manaus;Norte;21747;15;App;Headset;Informática;1;380;15;323;Boleto;Sim;Sim;4;Não;Não;September;03/09/2025
2736;C0278;37;M;Divorciado;Manaus;Norte;6882;6;App;Notebook;Informática;3;4500;0;13500;Boleto;Não;Não;4;Não;Não;September;11/09/2025
2737;C0264;49;M;Solteiro;Recife;Nordeste;6752;12;App;Notebook;Informática;4;4500;10;16200;Boleto;Sim;Sim;4;Não;Não;March;03/03/2025
2738;C0562;33;M;Divorciado;São Paulo;Sudeste;9178;11;Loja;Monitor;Informática;2;1100;5;2090;Pix;Sim;Não;2;Sim;Não;September;10/09/2025
2739;C0440;68;M;Casado;Belém;Norte;20798;13;Loja;Notebook;Informática;1;4500;0;4500;Cartão;Não;Não;4;Não;Não;May;04/05/2025
2740;C0008;30;F;Divorciado;Manaus;Norte;15147;3;Site;Headset;Informática;3;380;0;1140;Cartão;Não;Sim;2;Sim;Não;September;03/09/2025
2741;C0198;66;M;Solteiro;Manaus;Norte;17646;5;Site;Notebook;Informática;1;4500;0;4500;Pix;Não;Não;4;Não;Não;November;18/11/2025
2742;C0585;62;F;Casado;Manaus;Norte;20498;15;App;Mouse;Informática;1;120;0;120;Boleto;Não;Sim;3;Não;Não;February;19/02/2025
2743;C0232;61;F;Casado;Rio de Janeiro;Sudeste;16351;15;App;Mouse;Informática;3;120;15;306;Cartão;Sim;Sim;3;Não;Não;August;11/08/2025
2744;C0611;23;F;Divorciado;São Paulo;Sudeste;21395;5;Site;Monitor;Informática;1;1100;0;1100;Boleto;Não;Sim;5;Não;Não;April;24/04/2025
2745;C0505;57;F;Solteiro;Rio de Janeiro;Sudeste;7681;0;App;Smartphone;Telefonia;3;2800;20;6720;Boleto;Sim;Não;4;Não;Não;April;16/04/2025
2746;C0725;69;M;Divorciado;Recife;Nordeste;7625;3;Loja;SSD 1TB;Armazenamento;3;650;0;1950;Cartão;Não;Sim;2;Sim;Não;August;07/08/2025
2747;C0385;61;F;Casado;São Paulo;Sudeste;12590;5;Loja;SSD 1TB;Armazenamento;3;650;0;1950;Boleto;Não;Sim;5;Não;Não;January;03/01/2025
2748;C0111;28;F;Casado;Belém;Norte;5788;8;Loja;Monitor;Informática;2;1100;10;1980;Boleto;Sim;Sim;4;Não;Não;January;22/01/2025
2749;C0781;38;M;Divorciado;Recife;Nordeste;16630;10;App;SSD 1TB;Armazenamento;2;650;0;1300;Boleto;Não;Não;5;Não;Não;February;12/02/2025
2750;C0735;31;F;Divorciado;Belém;Norte;5785;8;App;Monitor;Informática;2;1100;5;2090;Pix;Sim;Sim;5;Não;Não;November;08/11/2025
2751;C0694;43;F;Divorciado;Belém;Norte;18347;9;Site;Webcam;Informática;3;260;15;663;Cartão;Sim;Não;4;Não;Não;January;01/01/2025
2752;C0654;58;F;Divorciado;Belém;Norte;15738;10;App;Notebook;Informática;1;4500;0;4500;Boleto;Não;Sim;5;Não;Não;October;03/10/2025
2753;C0029;38;M;Casado;Brasília;Centro-Oeste;5501;13;Site;Roteador;Redes;2;480;0;960;Cartão;Não;Não;4;Não;Não;June;16/06/2025
2754;C0244;61;F;Divorciado;Belém;Norte;3615;12;Loja;Monitor;Informática;3;1100;15;2805;Pix;Sim;Sim;1;Sim;Não;June;15/06/2025
2755;C0110;61;M;Solteiro;Belém;Norte;12593;14;Loja;Mouse;Informática;2;120;0;240;Pix;Não;Sim;5;Não;Não;August;27/08/2025
2756;C0291;35;F;Divorciado;Manaus;Norte;21429;8;App;Headset;Informática;2;380;15;646;Pix;Sim;Sim;4;Não;Não;July;18/07/2025
2757;C0048;36;M;Solteiro;Brasília;Centro-Oeste;6857;7;Site;Smartwatch;Wearables;4;1600;0;6400;Pix;Não;Sim;3;Não;Não;April;11/04/2025
2758;C0631;33;M;Casado;Manaus;Norte;5350;13;Site;Headset;Informática;2;380;0;760;Cartão;Não;Sim;4;Não;Não;February;10/02/2025
2759;C0459;65;F;Solteiro;Curitiba;Sul;3095;3;App;Mouse;Informática;1;120;0;120;Pix;Não;Sim;3;Não;Não;July;06/07/2025
2760;C0457;45;M;Solteiro;São Paulo;Sudeste;19787;7;Loja;Smartphone;Telefonia;3;2800;0;8400;Pix;Não;Sim;4;Não;Não;November;06/11/2025
2761;C0041;40;F;Divorciado;Manaus;Norte;19104;15;App;Headset;Informática;1;380;5;361;Cartão;Sim;Sim;3;Não;Não;April;20/04/2025
2762;C0085;53;F;Casado;São Paulo;Sudeste;18917;1;Loja;SSD 1TB;Armazenamento;1;650;10;585;Boleto;Sim;Não;5;Não;Não;June;09/06/2025
2763;C0410;19;M;Solteiro;Belém;Norte;21871;14;Site;Notebook;Informática;1;4500;0;4500;Boleto;Não;Não;4;Não;Não;August;17/08/2025
2764;C0070;33;F;Divorciado;Belém;Norte;4760;2;Loja;Mouse;Informática;4;120;0;480;Pix;Não;Não;4;Não;Não;June;05/06/2025
2765;C0429;68;F;Casado;Recife;Nordeste;4561;5;Loja;Mouse;Informática;4;120;0;480;Cartão;Não;Sim;5;Não;Não;January;07/01/2025
2766;C0512;34;F;Casado;São Paulo;Sudeste;17422;3;Site;Monitor;Informática;1;1100;0;1100;Boleto;Não;Sim;3;Não;Não;July;14/07/2025
2767;C0579;30;F;Divorciado;Rio de Janeiro;Sudeste;13803;4;Site;Notebook;Informática;2;4500;5;8550;Boleto;Sim;Não;4;Não;Não;January;25/01/2025
2768;C0680;24;M;Divorciado;Belém;Norte;18256;1;App;Headset;Informática;2;380;15;646;Pix;Sim;Não;2;Sim;Não;January;06/01/2025
2769;C0461;52;M;Solteiro;Manaus;Norte;3988;11;Site;Mouse;Informática;2;120;20;192;Boleto;Sim;Não;5;Não;Não;November;18/11/2025
2770;C0052;59;F;Divorciado;Manaus;Norte;21963;2;Loja;Headset;Informática;3;380;0;1140;Boleto;Não;Não;5;Não;Não;April;02/04/2025
2771;C0221;63;F;Casado;Fortaleza;Nordeste;13789;0;Site;Webcam;Informática;3;260;10;702;Cartão;Sim;Não;3;Não;Não;December;10/12/2025
2772;C0224;62;M;Solteiro;Recife;Nordeste;8443;12;Site;SSD 1TB;Armazenamento;2;650;10;1170;Pix;Sim;Sim;3;Não;Não;June;09/06/2025
2773;C0206;20;F;Solteiro;Recife;Nordeste;8590;4;Site;Headset;Informática;2;380;0;760;Boleto;Não;Não;5;Não;Não;February;07/02/2025
2774;C0313;24;M;Divorciado;Curitiba;Sul;19213;15;Loja;Smartwatch;Wearables;2;1600;10;2880;Boleto;Sim;Sim;5;Não;Não;June;08/06/2025
2775;C0569;27;F;Casado;Rio de Janeiro;Sudeste;16536;14;Site;Monitor;Informática;2;1100;0;2200;Boleto;Não;Sim;5;Não;Não;February;27/02/2025
2776;C0474;27;M;Casado;Manaus;Norte;9613;1;Loja;Smartphone;Telefonia;2;2800;10;5040;Boleto;Sim;Não;3;Não;Não;September;07/09/2025
2777;C0630;47;F;Divorciado;Brasília;Centro-Oeste;9481;3;App;Smartphone;Telefonia;1;2800;0;2800;Cartão;Não;Sim;3;Não;Não;February;16/02/2025
2778;C0446;28;M;Casado;São Paulo;Sudeste;12990;0;Loja;Smartwatch;Wearables;4;1600;10;5760;Pix;Sim;Não;5;Não;Não;September;11/09/2025
2779;C0711;60;M;Casado;Manaus;Norte;15710;11;Loja;Headset;Informática;2;380;5;722;Pix;Sim;Sim;5;Não;Não;October;12/10/2025
2780;C0388;53;F;Casado;Rio de Janeiro;Sudeste;12922;5;App;SSD 1TB;Armazenamento;2;650;0;1300;Cartão;Não;Não;4;Não;Não;May;12/05/2025
2781;C0291;61;M;Divorciado;Curitiba;Sul;5499;7;Site;Monitor;Informática;1;1100;5;1045;Boleto;Sim;Sim;5;Não;Não;December;27/12/2025
2782;C0785;21;M;Casado;Brasília;Centro-Oeste;19545;10;Loja;Smartwatch;Wearables;1;1600;0;1600;Pix;Não;Sim;3;Não;Não;June;18/06/2025
2783;C0776;57;F;Solteiro;Manaus;Norte;2662;13;Site;Headset;Informática;1;380;0;380;Boleto;Não;Sim;5;Não;Não;March;09/03/2025
2784;C0670;53;F;Casado;Belém;Norte;14433;15;Loja;Impressora;Informática;3;950;0;2850;Pix;Não;Sim;2;Sim;Não;December;29/12/2025
2785;C0430;62;M;Casado;Rio de Janeiro;Sudeste;18553;13;App;Notebook;Informática;2;4500;10;8100;Boleto;Sim;Sim;4;Não;Não;June;13/06/2025
2786;C0009;70;F;Divorciado;Curitiba;Sul;17571;13;Site;Headset;Informática;1;380;5;361;Cartão;Sim;Não;4;Não;Não;February;06/02/2025
2787;C0637;60;F;Divorciado;Curitiba;Sul;10494;13;Loja;Cadeira Gamer;Móveis;1;1800;5;1710;Cartão;Sim;Não;3;Não;Não;May;28/05/2025
2788;C0037;49;M;Divorciado;Curitiba;Sul;10467;1;Site;Impressora;Informática;1;950;10;855;Boleto;Sim;Não;5;Não;Não;April;13/04/2025
2789;C0717;50;F;Casado;Fortaleza;Nordeste;13608;10;Site;Impressora;Informática;4;950;0;3800;Cartão;Não;Sim;3;Não;Não;June;25/06/2025
2790;C0317;59;F;Solteiro;Belém;Norte;15441;12;Site;Teclado;Informática;3;220;5;627;Pix;Sim;Sim;5;Não;Não;November;25/11/2025
2791;C0516;34;M;Divorciado;Curitiba;Sul;18382;3;Loja;Cadeira Gamer;Móveis;3;1800;0;5400;Pix;Não;Sim;5;Não;Não;December;02/12/2025
2792;C0318;25;F;Casado;Fortaleza;Nordeste;11947;8;Loja;Smartwatch;Wearables;1;1600;0;1600;Pix;Não;Sim;4;Não;Não;March;04/03/2025
2793;C0603;34;M;Divorciado;Recife;Nordeste;21563;15;App;Headset;Informática;4;380;5;1444;Boleto;Sim;Sim;3;Não;Não;January;17/01/2025
2794;C0692;47;M;Casado;São Paulo;Sudeste;10462;11;Loja;SSD 1TB;Armazenamento;2;650;0;1300;Boleto;Não;Sim;5;Não;Não;April;05/04/2025
2795;C0147;26;M;Casado;São Paulo;Sudeste;8322;8;Site;Smartphone;Telefonia;2;2800;0;5600;Pix;Não;Sim;5;Não;Não;September;13/09/2025
2796;C0291;35;M;Solteiro;Brasília;Centro-Oeste;14564;12;App;SSD 1TB;Armazenamento;4;650;10;2340;Pix;Sim;Sim;5;Não;Não;September;24/09/2025
2797;C0768;26;F;Casado;Curitiba;Sul;16372;9;Site;Impressora;Informática;4;950;10;3420;Pix;Sim;Sim;5;Não;Não;March;13/03/2025
2798;C0761;58;F;Casado;Recife;Nordeste;7301;4;Loja;Cadeira Gamer;Móveis;3;1800;0;5400;Cartão;Não;Sim;5;Não;Não;April;01/04/2025
2799;C0430;28;M;Divorciado;Fortaleza;Nordeste;15858;2;Site;Webcam;Informática;4;260;10;936;Boleto;Sim;Não;5;Não;Não;April;15/04/2025
2800;C0292;25;M;Divorciado;Belém;Norte;3490;5;Loja;Mouse;Informática;1;120;0;120;Pix;Não;Sim;3;Não;Não;May;13/05/2025
2801;C0696;23;F;Solteiro;São Paulo;Sudeste;18338;3;Loja;Smartphone;Telefonia;3;2800;10;7560;Boleto;Sim;Sim;5;Não;Não;April;18/04/2025
2802;C0791;21;F;Divorciado;Fortaleza;Nordeste;3268;9;App;Mouse;Informática;2;120;10;216;Cartão;Sim;Não;5;Não;Não;February;15/02/2025
2803;C0123;48;F;Divorciado;Rio de Janeiro;Sudeste;15682;7;Loja;Webcam;Informática;3;260;10;702;Cartão;Sim;Sim;4;Não;Não;January;07/01/2025
2804;C0758;40;M;Casado;Belém;Norte;14994;13;App;Teclado;Informática;4;220;15;748;Cartão;Sim;Sim;3;Não;Não;February;20/02/2025
2805;C0565;27;M;Solteiro;Brasília;Centro-Oeste;8523;13;Site;Cadeira Gamer;Móveis;1;1800;0;1800;Cartão;Não;Sim;4;Não;Não;December;13/12/2025
2806;C0249;64;M;Solteiro;São Paulo;Sudeste;14727;5;Loja;SSD 1TB;Armazenamento;4;650;0;2600;Cartão;Não;Não;3;Não;Não;June;30/06/2025
2807;C0362;32;F;Casado;Manaus;Norte;20977;2;App;Mouse;Informática;4;120;0;480;Pix;Não;Não;4;Não;Não;December;31/12/2025
2808;C0415;62;M;Solteiro;Belém;Norte;18852;1;Site;Cadeira Gamer;Móveis;3;1800;10;4860;Pix;Sim;Não;4;Não;Não;April;08/04/2025
2809;C0152;23;M;Casado;Belém;Norte;19091;0;App;Cadeira Gamer;Móveis;2;1800;10;3240;Cartão;Sim;Não;4;Não;Não;January;24/01/2025
2810;C0346;46;F;Divorciado;Rio de Janeiro;Sudeste;9604;0;App;Cadeira Gamer;Móveis;2;1800;10;3240;Pix;Sim;Não;4;Não;Não;January;23/01/2025
2811;C0273;20;F;Casado;Recife;Nordeste;20999;11;Loja;Webcam;Informática;1;260;0;260;Cartão;Não;Sim;4;Não;Não;May;26/05/2025
2812;C0261;36;M;Solteiro;Recife;Nordeste;12987;4;Site;Smartphone;Telefonia;2;2800;0;5600;Pix;Não;Não;5;Não;Não;January;07/01/2025
2813;C0417;69;F;Solteiro;Rio de Janeiro;Sudeste;21337;5;Site;Teclado;Informática;1;220;0;220;Pix;Não;Sim;3;Não;Não;May;31/05/2025
2814;C0437;35;F;Casado;Rio de Janeiro;Sudeste;8990;12;App;SSD 1TB;Armazenamento;4;650;5;2470;Boleto;Sim;Sim;3;Não;Não;March;08/03/2025
2815;C0672;19;M;Casado;São Paulo;Sudeste;11357;2;Site;Smartwatch;Wearables;2;1600;0;3200;Boleto;Não;Não;5;Não;Não;July;22/07/2025
2816;C0647;70;M;Casado;Manaus;Norte;7449;11;App;Smartphone;Telefonia;4;2800;0;11200;Cartão;Não;Não;4;Não;Não;January;23/01/2025
2817;C0724;67;M;Casado;Fortaleza;Nordeste;3817;10;Loja;Smartwatch;Wearables;1;1600;0;1600;Cartão;Não;Sim;5;Não;Não;February;13/02/2025
2818;C0110;35;F;Divorciado;Manaus;Norte;19983;6;App;Notebook;Informática;1;4500;10;4050;Pix;Sim;Sim;5;Não;Não;September;30/09/2025
2819;C0290;31;F;Solteiro;Fortaleza;Nordeste;2963;13;Loja;Mouse;Informática;4;120;10;432;Cartão;Sim;Sim;3;Não;Não;January;05/01/2025
2820;C0375;32;F;Casado;Belém;Norte;12867;11;Loja;Cadeira Gamer;Móveis;3;1800;0;5400;Boleto;Não;Sim;5;Não;Não;May;21/05/2025
2821;C0236;40;M;Casado;São Paulo;Sudeste;20758;15;App;Monitor;Informática;4;1100;0;4400;Pix;Não;Sim;4;Não;Não;November;19/11/2025
2822;C0354;26;M;Casado;São Paulo;Sudeste;7124;13;App;SSD 1TB;Armazenamento;1;650;0;650;Boleto;Não;Sim;4;Não;Não;November;18/11/2025
2823;C0729;22;F;Solteiro;Rio de Janeiro;Sudeste;18014;15;Site;Smartwatch;Wearables;3;1600;10;4320;Cartão;Sim;Sim;4;Não;Não;November;06/11/2025
2824;C0539;26;M;Solteiro;Brasília;Centro-Oeste;9988;15;Site;Webcam;Informática;1;260;15;221;Boleto;Sim;Não;5;Não;Não;September;16/09/2025
2825;C0016;24;M;Solteiro;Fortaleza;Nordeste;2750;13;App;SSD 1TB;Armazenamento;4;650;0;2600;Pix;Não;Sim;5;Não;Não;March;02/03/2025
2826;C0328;67;F;Solteiro;Rio de Janeiro;Sudeste;19398;8;App;SSD 1TB;Armazenamento;3;650;10;1755;Cartão;Sim;Sim;5;Não;Não;December;02/12/2025
2827;C0395;68;M;Divorciado;Rio de Janeiro;Sudeste;19597;13;Site;Smartphone;Telefonia;2;2800;0;5600;Pix;Não;Não;3;Não;Não;December;29/12/2025
2828;C0797;24;F;Divorciado;Fortaleza;Nordeste;10379;14;Loja;Notebook;Informática;1;4500;20;3600;Boleto;Sim;Sim;5;Não;Não;March;22/03/2025
2829;C0580;64;M;Solteiro;São Paulo;Sudeste;20038;1;Site;Smartphone;Telefonia;1;2800;10;2520;Cartão;Sim;Não;5;Não;Não;May;05/05/2025
2830;C0315;55;M;Divorciado;Curitiba;Sul;16645;11;Loja;Webcam;Informática;4;260;0;1040;Cartão;Não;Sim;1;Sim;Não;April;16/04/2025
2831;C0220;28;M;Solteiro;Manaus;Norte;12378;0;Loja;Smartphone;Telefonia;1;2800;10;2520;Boleto;Sim;Não;4;Não;Não;January;29/01/2025
2832;C0392;47;M;Casado;Fortaleza;Nordeste;11589;10;App;Roteador;Redes;4;480;15;1632;Cartão;Sim;Sim;3;Não;Não;January;18/01/2025
2833;C0795;31;M;Solteiro;São Paulo;Sudeste;21619;8;Loja;Monitor;Informática;1;1100;15;935;Pix;Sim;Não;5;Não;Não;April;12/04/2025
2834;C0117;28;M;Casado;Recife;Nordeste;11925;4;App;Notebook;Informática;2;4500;0;9000;Cartão;Não;Sim;5;Não;Não;February;25/02/2025
2835;C0325;62;F;Casado;Curitiba;Sul;7901;13;Site;Smartwatch;Wearables;2;1600;10;2880;Boleto;Sim;Sim;5;Não;Não;September;18/09/2025
2836;C0506;44;F;Solteiro;Brasília;Centro-Oeste;2385;13;Loja;Roteador;Redes;2;480;0;960;Boleto;Não;Sim;5;Não;Não;October;01/10/2025
2837;C0671;49;M;Divorciado;Fortaleza;Nordeste;6443;3;Loja;Impressora;Informática;1;950;5;902,5;Boleto;Sim;Sim;5;Não;Não;October;05/10/2025
2838;C0582;64;M;Solteiro;Brasília;Centro-Oeste;2135;5;App;Notebook;Informática;4;4500;15;15300;Boleto;Sim;Sim;4;Não;Não;July;16/07/2025
2839;C0132;18;F;Solteiro;Recife;Nordeste;12359;2;Site;Webcam;Informática;1;260;15;221;Cartão;Sim;Não;4;Não;Não;July;29/07/2025
2840;C0376;63;M;Casado;Recife;Nordeste;10604;12;Site;Smartphone;Telefonia;4;2800;5;10640;Boleto;Sim;Sim;5;Não;Não;September;15/09/2025
2841;C0014;61;F;Divorciado;Curitiba;Sul;12738;8;Site;Monitor;Informática;2;1100;5;2090;Cartão;Sim;Não;4;Não;Não;August;25/08/2025
2842;C0289;28;F;Casado;São Paulo;Sudeste;16768;9;App;SSD 1TB;Armazenamento;2;650;5;1235;Cartão;Sim;Sim;4;Não;Não;November;21/11/2025
2843;C0446;44;F;Divorciado;Manaus;Norte;17326;6;App;Headset;Informática;2;380;0;760;Pix;Não;Não;4;Não;Não;June;13/06/2025
2844;C0162;19;F;Divorciado;Curitiba;Sul;11688;2;Loja;Notebook;Informática;1;4500;15;3825;Boleto;Sim;Não;3;Não;Não;March;14/03/2025
2845;C0402;54;M;Casado;Rio de Janeiro;Sudeste;2253;8;Loja;Monitor;Informática;4;1100;0;4400;Cartão;Não;Sim;3;Não;Não;November;15/11/2025
2846;C0372;41;M;Casado;Rio de Janeiro;Sudeste;13437;3;Site;Mouse;Informática;3;120;10;324;Cartão;Sim;Sim;5;Não;Não;January;27/01/2025
2847;C0068;49;F;Casado;São Paulo;Sudeste;13065;9;Loja;Smartwatch;Wearables;4;1600;0;6400;Boleto;Não;Sim;5;Não;Não;October;27/10/2025
2848;C0547;30;F;Solteiro;Fortaleza;Nordeste;18925;0;App;Mouse;Informática;3;120;10;324;Boleto;Sim;Não;3;Não;Não;February;10/02/2025
2849;C0328;63;M;Casado;Curitiba;Sul;17972;12;Site;Smartwatch;Wearables;1;1600;5;1520;Boleto;Sim;Sim;3;Não;Não;March;28/03/2025
2850;C0760;49;M;Divorciado;Curitiba;Sul;13777;11;Site;Notebook;Informática;1;4500;0;4500;Cartão;Não;Sim;3;Não;Não;April;24/04/2025
2851;C0374;19;F;Divorciado;Recife;Nordeste;17998;4;Loja;SSD 1TB;Armazenamento;4;650;15;2210;Pix;Sim;Sim;3;Não;Não;November;12/11/2025
2852;C0496;37;F;Casado;Rio de Janeiro;Sudeste;8448;11;Loja;Notebook;Informática;1;4500;10;4050;Boleto;Sim;Sim;4;Não;Não;May;01/05/2025
2853;C0127;29;F;Casado;Fortaleza;Nordeste;6415;14;Site;Headset;Informática;2;380;0;760;Cartão;Não;Sim;4;Não;Não;July;25/07/2025
2854;C0626;57;F;Casado;Fortaleza;Nordeste;9570;6;Site;Smartphone;Telefonia;1;2800;0;2800;Pix;Não;Sim;5;Não;Não;June;20/06/2025
2855;C0172;63;F;Divorciado;Manaus;Norte;13462;12;Loja;Smartphone;Telefonia;4;2800;10;10080;Pix;Sim;Não;5;Não;Não;August;23/08/2025
2856;C0047;18;M;Casado;Curitiba;Sul;18993;0;Site;Headset;Informática;1;380;10;342;Pix;Sim;Não;4;Não;Não;February;21/02/2025
2857;C0357;50;M;Casado;Manaus;Norte;3719;5;App;Mouse;Informática;1;120;10;108;Cartão;Sim;Sim;4;Não;Não;July;30/07/2025
2858;C0536;66;M;Divorciado;Rio de Janeiro;Sudeste;12058;3;Site;Mouse;Informática;1;120;0;120;Cartão;Não;Sim;5;Não;Não;July;22/07/2025
2859;C0073;44;F;Solteiro;Rio de Janeiro;Sudeste;19644;12;Site;Roteador;Redes;1;480;15;408;Boleto;Sim;Sim;4;Não;Não;August;22/08/2025
2860;C0257;50;M;Casado;Fortaleza;Nordeste;8859;9;Loja;Roteador;Redes;4;480;0;1920;Cartão;Não;Não;4;Não;Não;June;08/06/2025
2861;C0782;43;F;Solteiro;Brasília;Centro-Oeste;14051;2;App;Cadeira Gamer;Móveis;1;1800;0;1800;Boleto;Não;Não;4;Não;Não;May;23/05/2025
2862;C0667;47;M;Solteiro;Belém;Norte;3040;8;App;SSD 1TB;Armazenamento;4;650;5;2470;Pix;Sim;Sim;5;Não;Não;August;10/08/2025
2863;C0607;22;F;Divorciado;Curitiba;Sul;2628;11;App;Impressora;Informática;1;950;0;950;Cartão;Não;Não;5;Não;Não;November;08/11/2025
2864;C0328;51;F;Solteiro;Fortaleza;Nordeste;2514;9;Loja;Smartwatch;Wearables;2;1600;0;3200;Pix;Não;Sim;1;Sim;Não;August;27/08/2025
2865;C0071;23;F;Casado;Manaus;Norte;3188;2;Loja;Smartphone;Telefonia;3;2800;5;7980;Cartão;Sim;Não;4;Não;Não;April;13/04/2025
2866;C0645;38;F;Casado;Curitiba;Sul;8513;9;App;Headset;Informática;1;380;10;342;Boleto;Sim;Sim;2;Sim;Não;April;15/04/2025
2867;C0255;40;M;Casado;São Paulo;Sudeste;5957;10;Site;SSD 1TB;Armazenamento;2;650;0;1300;Pix;Não;Não;5;Não;Não;October;14/10/2025
2868;C0734;36;F;Casado;Brasília;Centro-Oeste;13496;10;App;Smartwatch;Wearables;1;1600;0;1600;Pix;Não;Sim;4;Não;Não;April;10/04/2025
2869;C0775;49;M;Solteiro;Manaus;Norte;6563;7;Loja;Mouse;Informática;3;120;15;306;Pix;Sim;Sim;3;Não;Não;February;23/02/2025
2870;C0639;38;M;Divorciado;Recife;Nordeste;5568;1;Loja;Impressora;Informática;3;950;10;2565;Boleto;Sim;Não;4;Não;Não;December;08/12/2025
2871;C0782;58;M;Solteiro;Manaus;Norte;10847;13;App;Mouse;Informática;2;120;15;204;Boleto;Sim;Não;4;Não;Não;February;12/02/2025
2872;C0361;32;M;Divorciado;São Paulo;Sudeste;16190;12;Loja;Smartwatch;Wearables;3;1600;0;4800;Boleto;Não;Não;4;Não;Não;May;17/05/2025
2873;C0522;64;F;Divorciado;São Paulo;Sudeste;13539;2;Loja;Monitor;Informática;2;1100;20;1760;Cartão;Sim;Não;1;Sim;Não;November;22/11/2025
2874;C0495;52;F;Casado;Rio de Janeiro;Sudeste;12609;10;Loja;Monitor;Informática;3;1100;5;3135;Boleto;Sim;Sim;5;Não;Não;September;22/09/2025
2875;C0451;46;F;Solteiro;Brasília;Centro-Oeste;2770;10;Loja;Roteador;Redes;2;480;20;768;Pix;Sim;Sim;5;Não;Não;July;09/07/2025
2876;C0202;67;F;Casado;Brasília;Centro-Oeste;14368;11;Site;Smartphone;Telefonia;1;2800;15;2380;Cartão;Sim;Sim;5;Não;Não;August;02/08/2025
2877;C0043;26;M;Solteiro;Recife;Nordeste;10949;4;Loja;Impressora;Informática;4;950;0;3800;Pix;Não;Sim;1;Sim;Não;May;24/05/2025
2878;C0740;26;F;Casado;Fortaleza;Nordeste;10714;0;Site;Webcam;Informática;2;260;10;468;Cartão;Sim;Não;4;Não;Não;April;10/04/2025
2879;C0358;19;M;Divorciado;Fortaleza;Nordeste;21403;2;App;Webcam;Informática;4;260;5;988;Cartão;Sim;Não;5;Não;Não;August;03/08/2025
2880;C0203;69;F;Divorciado;Fortaleza;Nordeste;13653;11;Loja;Mouse;Informática;4;120;0;480;Pix;Não;Sim;3;Não;Não;March;05/03/2025
2881;C0051;59;M;Divorciado;São Paulo;Sudeste;4926;15;Site;SSD 1TB;Armazenamento;1;650;0;650;Cartão;Não;Não;1;Sim;Não;September;27/09/2025
2882;C0177;30;F;Divorciado;São Paulo;Sudeste;9213;8;Site;Smartphone;Telefonia;1;2800;0;2800;Cartão;Não;Sim;5;Não;Não;January;23/01/2025
2883;C0588;28;F;Casado;Rio de Janeiro;Sudeste;9410;4;Site;Cadeira Gamer;Móveis;1;1800;20;1440;Cartão;Sim;Não;2;Sim;Não;June;18/06/2025
2884;C0417;69;F;Solteiro;Manaus;Norte;13600;15;App;Notebook;Informática;4;4500;10;16200;Pix;Sim;Sim;5;Não;Sim;March;23/03/2025
2885;C0208;27;M;Casado;São Paulo;Sudeste;11117;5;Site;Monitor;Informática;3;1100;20;2640;Boleto;Sim;Sim;5;Não;Não;September;15/09/2025
2886;C0310;21;M;Solteiro;Brasília;Centro-Oeste;7075;8;Loja;Roteador;Redes;3;480;5;1368;Boleto;Sim;Não;4;Não;Não;October;07/10/2025
2887;C0689;52;F;Solteiro;Belém;Norte;15440;0;Loja;Notebook;Informática;1;4500;10;4050;Cartão;Sim;Não;4;Não;Não;August;31/08/2025
2888;C0284;32;F;Casado;São Paulo;Sudeste;13759;9;Loja;Smartwatch;Wearables;4;1600;10;5760;Cartão;Sim;Sim;4;Não;Não;April;17/04/2025
2889;C0321;31;M;Divorciado;Rio de Janeiro;Sudeste;2197;10;Loja;Notebook;Informática;2;4500;5;8550;Pix;Sim;Não;5;Não;Não;June;07/06/2025
2890;C0762;57;M;Solteiro;Brasília;Centro-Oeste;9837;6;Loja;Impressora;Informática;4;950;5;3610;Cartão;Sim;Sim;4;Não;Não;February;04/02/2025
2891;C0142;33;F;Solteiro;Fortaleza;Nordeste;2480;11;Loja;Roteador;Redes;4;480;0;1920;Cartão;Não;Sim;3;Não;Não;November;04/11/2025
2892;C0515;70;M;Divorciado;Curitiba;Sul;15506;14;Site;Impressora;Informática;3;950;0;2850;Cartão;Não;Não;5;Não;Não;October;07/10/2025
2893;C0083;68;F;Casado;Curitiba;Sul;15594;1;Loja;Monitor;Informática;3;1100;10;2970;Boleto;Sim;Não;4;Não;Não;November;24/11/2025
2894;C0128;55;M;Casado;Recife;Nordeste;6023;11;Loja;Teclado;Informática;2;220;10;396;Cartão;Sim;Não;5;Não;Não;October;26/10/2025
2895;C0267;49;F;Casado;Fortaleza;Nordeste;16037;7;Site;Cadeira Gamer;Móveis;2;1800;0;3600;Boleto;Não;Sim;5;Não;Não;June;22/06/2025
2896;C0736;50;F;Divorciado;Rio de Janeiro;Sudeste;7796;10;App;Smartphone;Telefonia;1;2800;10;2520;Pix;Sim;Sim;4;Não;Não;April;16/04/2025
2897;C0533;49;M;Divorciado;Manaus;Norte;14735;0;Loja;Headset;Informática;4;380;10;1368;Pix;Sim;Não;4;Não;Não;November;13/11/2025
2898;C0270;45;F;Solteiro;Curitiba;Sul;5757;8;Loja;Teclado;Informática;3;220;20;528;Boleto;Sim;Sim;4;Não;Não;October;16/10/2025
2899;C0506;26;F;Casado;São Paulo;Sudeste;1926;0;Site;Smartphone;Telefonia;4;2800;10;10080;Boleto;Sim;Não;5;Sim;Não;April;27/04/2025
2900;C0793;59;M;Casado;Curitiba;Sul;14320;8;Site;Cadeira Gamer;Móveis;4;1800;0;7200;Cartão;Não;Sim;3;Não;Não;January;27/01/2025
2901;C0229;61;F;Divorciado;Curitiba;Sul;9176;2;Loja;Headset;Informática;3;380;5;1083;Cartão;Sim;Não;5;Não;Não;February;22/02/2025
2902;C0428;37;F;Solteiro;Belém;Norte;7498;15;Site;SSD 1TB;Armazenamento;1;650;15;552,5;Boleto;Sim;Sim;3;Não;Não;February;15/02/2025
2903;C0401;55;M;Casado;Brasília;Centro-Oeste;19027;2;Site;Teclado;Informática;2;220;0;440;Cartão;Não;Não;4;Não;Não;April;29/04/2025
2904;C0381;20;M;Casado;São Paulo;Sudeste;13345;12;App;SSD 1TB;Armazenamento;1;650;0;650;Boleto;Não;Sim;3;Não;Não;November;29/11/2025
2905;C0180;65;F;Divorciado;Brasília;Centro-Oeste;12868;6;Loja;Monitor;Informática;1;1100;0;1100;Boleto;Não;Sim;5;Não;Não;September;19/09/2025
2906;C0105;60;M;Solteiro;Belém;Norte;15214;9;Site;Monitor;Informática;4;1100;0;4400;Pix;Não;Sim;4;Não;Não;January;05/01/2025
2907;C0667;18;M;Divorciado;Brasília;Centro-Oeste;8336;3;Loja;Smartphone;Telefonia;4;2800;0;11200;Boleto;Não;Sim;3;Não;Não;March;11/03/2025
2908;C0150;41;F;Solteiro;Brasília;Centro-Oeste;6610;2;App;Teclado;Informática;3;220;20;528;Pix;Sim;Não;4;Não;Não;June;12/06/2025
2909;C0070;65;M;Casado;Fortaleza;Nordeste;5997;10;Site;Cadeira Gamer;Móveis;1;1800;10;1620;Cartão;Sim;Não;1;Sim;Não;April;28/04/2025
2910;C0768;33;M;Casado;Manaus;Norte;2648;2;Loja;Mouse;Informática;2;120;10;216;Boleto;Sim;Não;4;Não;Não;August;24/08/2025
2911;C0251;26;M;Divorciado;São Paulo;Sudeste;11138;6;Loja;Smartphone;Telefonia;2;2800;0;5600;Pix;Não;Sim;4;Não;Não;July;21/07/2025
2912;C0315;38;M;Solteiro;Curitiba;Sul;19936;10;App;Impressora;Informática;2;950;5;1805;Cartão;Sim;Não;5;Não;Não;June;23/06/2025
2913;C0006;21;F;Solteiro;Recife;Nordeste;10584;9;Site;Roteador;Redes;4;480;5;1824;Cartão;Sim;Sim;3;Não;Não;July;25/07/2025
2914;C0097;27;M;Solteiro;Belém;Norte;18553;15;Site;Roteador;Redes;2;480;0;960;Pix;Não;Sim;5;Não;Não;February;22/02/2025
2915;C0339;44;F;Solteiro;Brasília;Centro-Oeste;7156;1;Loja;Smartwatch;Wearables;2;1600;10;2880;Boleto;Sim;Não;4;Não;Não;May;28/05/2025
2916;C0394;42;F;Casado;Brasília;Centro-Oeste;17598;3;Site;SSD 1TB;Armazenamento;3;650;0;1950;Pix;Não;Sim;4;Não;Não;November;19/11/2025
2917;C0575;53;M;Casado;Rio de Janeiro;Sudeste;11635;1;App;Impressora;Informática;2;950;10;1710;Boleto;Sim;Não;5;Não;Não;May;01/05/2025
2918;C0066;40;F;Divorciado;Brasília;Centro-Oeste;12249;9;App;Notebook;Informática;4;4500;10;16200;Cartão;Sim;Sim;4;Não;Não;April;19/04/2025
2919;C0157;65;F;Divorciado;Manaus;Norte;21216;7;Site;Smartphone;Telefonia;1;2800;15;2380;Pix;Sim;Não;4;Não;Não;March;21/03/2025
2920;C0094;29;F;Casado;Manaus;Norte;8763;6;App;Headset;Informática;4;380;10;1368;Cartão;Sim;Não;5;Não;Não;October;02/10/2025
2921;C0122;39;F;Divorciado;Manaus;Norte;9926;12;App;Smartphone;Telefonia;4;2800;5;10640;Cartão;Sim;Sim;4;Não;Não;April;26/04/2025
2922;C0383;20;F;Solteiro;Rio de Janeiro;Sudeste;11840;7;Site;Mouse;Informática;4;120;10;432;Cartão;Sim;Não;5;Não;Não;July;02/07/2025
2923;C0169;22;F;Divorciado;Rio de Janeiro;Sudeste;8039;7;Site;Notebook;Informática;2;4500;0;9000;Boleto;Não;Sim;4;Não;Não;July;30/07/2025
2924;C0004;34;F;Solteiro;Fortaleza;Nordeste;4592;9;App;Roteador;Redes;1;480;20;384;Cartão;Sim;Sim;5;Não;Não;November;29/11/2025
2925;C0265;22;M;Solteiro;São Paulo;Sudeste;19616;10;Loja;Smartwatch;Wearables;3;1600;5;4560;Pix;Sim;Sim;4;Não;Não;August;31/08/2025
2926;C0655;41;M;Casado;Curitiba;Sul;5530;11;App;Smartphone;Telefonia;2;2800;5;5320;Pix;Sim;Não;3;Não;Não;April;12/04/2025
2927;C0015;35;M;Solteiro;Curitiba;Sul;3689;15;Loja;Teclado;Informática;2;220;0;440;Boleto;Não;Não;3;Não;Não;December;31/12/2025
2928;C0431;67;M;Solteiro;Recife;Nordeste;21810;14;Site;Teclado;Informática;2;220;10;396;Pix;Sim;Sim;5;Não;Não;June;12/06/2025
2929;C0386;37;F;Solteiro;São Paulo;Sudeste;4164;0;Site;Monitor;Informática;3;1100;10;2970;Boleto;Sim;Não;3;Não;Não;August;31/08/2025
2930;C0206;62;M;Solteiro;Belém;Norte;5672;4;Site;Smartphone;Telefonia;2;2800;0;5600;Boleto;Não;Sim;4;Não;Não;July;10/07/2025
2931;C0491;53;M;Solteiro;Recife;Nordeste;4009;2;Site;Webcam;Informática;3;260;0;780;Boleto;Não;Não;4;Não;Não;June;16/06/2025
2932;C0121;20;M;Casado;Brasília;Centro-Oeste;15859;12;App;Headset;Informática;1;380;0;380;Boleto;Não;Sim;5;Não;Não;November;30/11/2025
2933;C0673;23;M;Casado;Recife;Nordeste;14427;2;Site;Roteador;Redes;3;480;0;1440;Cartão;Não;Não;5;Não;Não;March;24/03/2025
2934;C0588;32;F;Divorciado;Recife;Nordeste;16060;15;Loja;SSD 1TB;Armazenamento;4;650;15;2210;Cartão;Sim;Sim;5;Não;Não;June;21/06/2025
2935;C0102;53;M;Casado;Curitiba;Sul;18079;1;App;Notebook;Informática;2;4500;10;8100;Cartão;Sim;Não;5;Não;Não;May;21/05/2025
2936;C0250;22;M;Solteiro;Fortaleza;Nordeste;19864;9;App;Headset;Informática;4;380;5;1444;Pix;Sim;Sim;4;Não;Não;June;17/06/2025
2937;C0778;66;F;Divorciado;Brasília;Centro-Oeste;11706;14;App;Monitor;Informática;1;1100;15;935;Pix;Sim;Sim;5;Não;Não;December;13/12/2025
2938;C0481;19;F;Solteiro;Belém;Norte;2568;6;Site;Smartwatch;Wearables;1;1600;10;1440;Boleto;Sim;Sim;4;Não;Não;July;19/07/2025
2939;C0101;54;F;Solteiro;Manaus;Norte;11025;1;Loja;Notebook;Informática;4;4500;10;16200;Pix;Sim;Não;5;Não;Sim;January;07/01/2025
2940;C0188;34;F;Solteiro;Belém;Norte;20276;10;App;Smartphone;Telefonia;2;2800;0;5600;Pix;Não;Sim;4;Não;Não;June;16/06/2025
2941;C0114;67;M;Divorciado;Fortaleza;Nordeste;19128;14;App;SSD 1TB;Armazenamento;1;650;10;585;Pix;Sim;Sim;4;Não;Não;July;15/07/2025
2942;C0442;48;M;Solteiro;Recife;Nordeste;21248;2;App;Cadeira Gamer;Móveis;1;1800;15;1530;Pix;Sim;Não;4;Não;Não;September;03/09/2025
2943;C0077;22;M;Divorciado;Recife;Nordeste;13096;7;App;Smartphone;Telefonia;1;2800;15;2380;Cartão;Sim;Sim;5;Não;Não;January;26/01/2025
2944;C0516;62;M;Casado;Manaus;Norte;7769;0;Site;Mouse;Informática;4;120;20;384;Pix;Sim;Não;5;Não;Não;September;16/09/2025
2945;C0400;54;M;Divorciado;Fortaleza;Nordeste;6435;13;App;Smartphone;Telefonia;4;2800;5;10640;Cartão;Sim;Não;5;Não;Não;June;06/06/2025
2946;C0438;48;M;Solteiro;Brasília;Centro-Oeste;3160;12;Loja;Mouse;Informática;1;120;15;102;Cartão;Sim;Sim;5;Não;Não;October;16/10/2025
2947;C0500;61;F;Solteiro;Fortaleza;Nordeste;15946;9;Loja;SSD 1TB;Armazenamento;4;650;5;2470;Pix;Sim;Não;4;Não;Não;November;22/11/2025
2948;C0348;28;F;Casado;São Paulo;Sudeste;14229;6;App;Smartwatch;Wearables;4;1600;20;5120;Cartão;Sim;Não;4;Não;Não;March;11/03/2025
2949;C0635;69;M;Divorciado;São Paulo;Sudeste;16407;11;Site;SSD 1TB;Armazenamento;3;650;0;1950;Boleto;Não;Não;3;Não;Não;June;26/06/2025
2950;C0027;29;F;Solteiro;Fortaleza;Nordeste;1919;4;App;Smartphone;Telefonia;1;2800;20;2240;Cartão;Sim;Sim;5;Não;Não;January;31/01/2025
2951;C0289;40;F;Divorciado;São Paulo;Sudeste;12750;15;Loja;Monitor;Informática;3;1100;15;2805;Boleto;Sim;Não;4;Não;Não;February;26/02/2025
2952;C0708;42;F;Solteiro;São Paulo;Sudeste;9271;6;Site;Monitor;Informática;2;1100;10;1980;Pix;Sim;Sim;5;Não;Não;January;14/01/2025
2953;C0399;47;M;Casado;Manaus;Norte;11594;4;App;Notebook;Informática;4;4500;5;17100;Boleto;Sim;Sim;4;Não;Não;February;05/02/2025
2954;C0170;19;F;Divorciado;Recife;Nordeste;14224;9;Site;Mouse;Informática;4;120;5;456;Cartão;Sim;Não;5;Não;Não;May;04/05/2025
2955;C0258;64;M;Divorciado;Fortaleza;Nordeste;4657;7;Site;Notebook;Informática;1;4500;0;4500;Pix;Não;Sim;4;Não;Não;April;25/04/2025
2956;C0780;44;M;Solteiro;Rio de Janeiro;Sudeste;12089;11;App;Roteador;Redes;4;480;0;1920;Cartão;Não;Não;4;Não;Não;August;31/08/2025
2957;C0696;54;F;Casado;Brasília;Centro-Oeste;16410;13;App;Notebook;Informática;3;4500;5;12825;Cartão;Sim;Sim;5;Não;Não;February;03/02/2025
2958;C0440;52;M;Divorciado;Fortaleza;Nordeste;11252;8;Site;Headset;Informática;1;380;10;342;Cartão;Sim;Sim;3;Não;Não;August;04/08/2025
2959;C0629;66;M;Solteiro;Rio de Janeiro;Sudeste;20123;13;Loja;Smartwatch;Wearables;2;1600;5;3040;Boleto;Sim;Não;3;Não;Não;February;03/02/2025
2960;C0786;41;M;Casado;Recife;Nordeste;10201;14;Loja;Monitor;Informática;1;1100;0;1100;Boleto;Não;Não;3;Não;Não;July;26/07/2025
2961;C0026;24;F;Casado;São Paulo;Sudeste;2927;9;Site;SSD 1TB;Armazenamento;3;650;5;1852,5;Cartão;Sim;Não;5;Sim;Não;December;23/12/2025
2962;C0639;47;F;Casado;Rio de Janeiro;Sudeste;4609;15;Loja;Headset;Informática;3;380;0;1140;Cartão;Não;Sim;3;Não;Não;July;13/07/2025
2963;C0253;67;M;Solteiro;Curitiba;Sul;19473;13;Loja;Impressora;Informática;1;950;0;950;Cartão;Não;Não;2;Sim;Não;April;01/04/2025
2964;C0307;60;M;Divorciado;Fortaleza;Nordeste;16320;7;App;Notebook;Informática;3;4500;5;12825;Cartão;Sim;Sim;5;Não;Não;February;19/02/2025
2965;C0017;34;M;Solteiro;Belém;Norte;19603;9;Loja;Webcam;Informática;3;260;5;741;Pix;Sim;Sim;1;Sim;Não;May;01/05/2025
2966;C0700;29;F;Divorciado;Manaus;Norte;4304;3;Site;Notebook;Informática;3;4500;0;13500;Boleto;Não;Sim;4;Não;Não;November;08/11/2025
2967;C0263;49;F;Divorciado;Brasília;Centro-Oeste;8673;8;Loja;Notebook;Informática;1;4500;0;4500;Cartão;Não;Não;1;Sim;Não;May;15/05/2025
2968;C0588;20;F;Solteiro;Rio de Janeiro;Sudeste;10703;15;Site;Roteador;Redes;2;480;5;912;Cartão;Sim;Sim;2;Sim;Não;January;08/01/2025
2969;C0084;54;M;Divorciado;Rio de Janeiro;Sudeste;5643;5;Loja;Smartwatch;Wearables;4;1600;0;6400;Boleto;Não;Não;4;Não;Não;September;07/09/2025
2970;C0053;21;F;Casado;Brasília;Centro-Oeste;9611;8;Site;Webcam;Informática;1;260;0;260;Cartão;Não;Sim;4;Não;Não;October;22/10/2025
2971;C0115;46;F;Solteiro;Recife;Nordeste;16062;13;Site;SSD 1TB;Armazenamento;2;650;5;1235;Pix;Sim;Sim;5;Não;Não;October;06/10/2025
2972;C0671;20;F;Divorciado;Recife;Nordeste;19706;13;Loja;Smartwatch;Wearables;1;1600;0;1600;Pix;Não;Sim;5;Não;Não;September;08/09/2025
2973;C0513;53;F;Casado;Manaus;Norte;11751;14;App;Notebook;Informática;3;4500;0;13500;Cartão;Não;Não;4;Não;Não;August;20/08/2025
2974;C0560;47;F;Casado;Manaus;Norte;5601;4;App;Smartphone;Telefonia;4;2800;10;10080;Boleto;Sim;Sim;1;Sim;Não;March;24/03/2025
2975;C0509;21;M;Casado;Curitiba;Sul;16642;6;Loja;Cadeira Gamer;Móveis;2;1800;0;3600;Cartão;Não;Sim;4;Não;Não;November;27/11/2025
2976;C0530;70;M;Casado;Recife;Nordeste;8815;5;App;Smartphone;Telefonia;2;2800;10;5040;Cartão;Sim;Sim;4;Não;Não;January;09/01/2025
2977;C0332;69;M;Solteiro;São Paulo;Sudeste;14690;9;Site;Smartphone;Telefonia;1;2800;0;2800;Pix;Não;Sim;5;Não;Não;October;03/10/2025
2978;C0175;56;F;Casado;Fortaleza;Nordeste;18689;14;Site;Smartwatch;Wearables;2;1600;0;3200;Cartão;Não;Não;5;Não;Não;May;22/05/2025
2979;C0187;53;F;Casado;Manaus;Norte;10329;8;Loja;Mouse;Informática;2;120;5;228;Cartão;Sim;Sim;2;Sim;Não;June;23/06/2025
2980;C0737;22;F;Casado;Rio de Janeiro;Sudeste;10830;14;Site;Mouse;Informática;4;120;0;480;Pix;Não;Não;4;Não;Não;March;28/03/2025
2981;C0231;30;M;Divorciado;Rio de Janeiro;Sudeste;6931;0;Loja;Mouse;Informática;4;120;15;408;Cartão;Sim;Não;1;Sim;Não;May;04/05/2025
2982;C0130;58;F;Solteiro;São Paulo;Sudeste;9320;6;App;SSD 1TB;Armazenamento;4;650;0;2600;Pix;Não;Sim;4;Não;Não;January;02/01/2025
2983;C0559;41;M;Casado;Fortaleza;Nordeste;15865;6;Loja;Impressora;Informática;4;950;15;3230;Boleto;Sim;Não;5;Não;Não;March;16/03/2025
2984;C0492;58;M;Divorciado;Fortaleza;Nordeste;17722;7;Loja;Headset;Informática;1;380;5;361;Pix;Sim;Sim;5;Não;Não;November;14/11/2025
2985;C0786;44;M;Casado;Belém;Norte;8128;15;Loja;Smartwatch;Wearables;1;1600;20;1280;Pix;Sim;Não;3;Não;Não;April;05/04/2025
2986;C0622;22;F;Solteiro;Manaus;Norte;19321;9;Site;Headset;Informática;2;380;5;722;Cartão;Sim;Sim;3;Não;Não;February;21/02/2025
2987;C0174;40;M;Casado;Belém;Norte;10806;6;App;Webcam;Informática;2;260;0;520;Boleto;Não;Sim;1;Sim;Não;May;23/05/2025
2988;C0198;42;M;Casado;Brasília;Centro-Oeste;8285;15;App;Roteador;Redes;1;480;10;432;Boleto;Sim;Sim;4;Não;Não;September;19/09/2025
2989;C0482;31;M;Divorciado;Belém;Norte;21689;1;App;Impressora;Informática;4;950;10;3420;Boleto;Sim;Não;4;Não;Não;March;12/03/2025
2990;C0053;43;F;Divorciado;Belém;Norte;14751;1;App;Mouse;Informática;4;120;10;432;Boleto;Sim;Não;3;Não;Não;February;28/02/2025
2991;C0402;40;F;Solteiro;Recife;Nordeste;18516;10;App;Mouse;Informática;4;120;0;480;Cartão;Não;Sim;4;Não;Não;January;15/01/2025
2992;C0691;24;M;Casado;Brasília;Centro-Oeste;7408;5;App;Monitor;Informática;3;1100;0;3300;Pix;Não;Não;1;Sim;Não;June;05/06/2025
2993;C0577;27;F;Casado;Manaus;Norte;7705;2;Loja;Mouse;Informática;2;120;0;240;Boleto;Não;Não;5;Não;Não;April;06/04/2025
2994;C0040;53;F;Divorciado;Fortaleza;Nordeste;12628;6;Loja;Cadeira Gamer;Móveis;3;1800;10;4860;Pix;Sim;Sim;4;Não;Não;January;26/01/2025
2995;C0513;67;F;Solteiro;Rio de Janeiro;Sudeste;13693;7;Loja;Roteador;Redes;2;480;5;912;Boleto;Sim;Não;4;Não;Não;November;23/11/2025
2996;C0437;34;F;Casado;Recife;Nordeste;20149;14;Loja;Teclado;Informática;4;220;0;880;Cartão;Não;Sim;4;Não;Não;December;10/12/2025
2997;C0785;22;F;Solteiro;Rio de Janeiro;Sudeste;5107;8;Loja;Notebook;Informática;2;4500;0;9000;Cartão;Não;Não;3;Não;Não;June;22/06/2025
2998;C0790;52;M;Divorciado;São Paulo;Sudeste;11935;2;App;Smartwatch;Wearables;1;1600;10;1440;Pix;Sim;Não;4;Não;Não;July;12/07/2025
2999;C0178;57;F;Casado;Rio de Janeiro;Sudeste;13803;2;Site;Webcam;Informática;1;260;0;260;Boleto;Não;Não;3;Não;Não;March;23/03/2025
3000;C0158;70;M;Solteiro;Brasília;Centro-Oeste;2459;11;App;Monitor;Informática;2;1100;0;2200;Boleto;Não;Sim;4;Não;Não;April;13/04/2025
3001;C0107;69;F;Casado;São Paulo;Sudeste;21207;11;App;Monitor;Informática;1;1100;0;1100;Cartão;Não;Sim;4;Não;Não;December;29/12/2025
3002;C0427;37;M;Solteiro;Fortaleza;Nordeste;15825;14;Site;Roteador;Redes;4;480;0;1920;Pix;Não;Sim;3;Não;Não;December;04/12/2025
3003;C0040;45;F;Divorciado;Fortaleza;Nordeste;11371;12;Site;Teclado;Informática;3;220;0;660;Cartão;Não;Sim;4;Não;Não;March;03/03/2025
3004;C0522;20;M;Solteiro;Fortaleza;Nordeste;18321;12;Loja;Headset;Informática;4;380;10;1368;Boleto;Sim;Sim;5;Não;Não;December;25/12/2025
3005;C0614;30;F;Solteiro;São Paulo;Sudeste;14759;11;Site;Monitor;Informática;1;1100;5;1045;Cartão;Sim;Sim;1;Sim;Não;February;06/02/2025
3006;C0351;20;M;Casado;Manaus;Norte;13786;13;Loja;Mouse;Informática;3;120;15;306;Cartão;Sim;Sim;5;Não;Não;October;31/10/2025
3007;C0164;33;F;Divorciado;Curitiba;Sul;2073;7;App;Mouse;Informática;3;120;0;360;Cartão;Não;Sim;5;Não;Não;February;17/02/2025
3008;C0677;47;M;Casado;Belém;Norte;3932;10;Site;Smartwatch;Wearables;3;1600;0;4800;Pix;Não;Sim;5;Não;Não;July;13/07/2025
3009;C0672;49;F;Solteiro;Manaus;Norte;9578;1;Loja;Headset;Informática;3;380;10;1026;Pix;Sim;Não;5;Não;Não;April;20/04/2025
3010;C0201;64;M;Solteiro;Belém;Norte;12021;2;Loja;SSD 1TB;Armazenamento;4;650;5;2470;Pix;Sim;Não;4;Não;Não;September;07/09/2025
3011;C0517;52;F;Casado;Rio de Janeiro;Sudeste;10383;11;App;Roteador;Redes;4;480;0;1920;Pix;Não;Não;2;Sim;Não;September;28/09/2025
3012;C0710;36;F;Solteiro;Belém;Norte;4729;9;App;Webcam;Informática;3;260;5;741;Cartão;Sim;Sim;5;Não;Não;February;26/02/2025
3013;C0005;28;F;Divorciado;Recife;Nordeste;8291;10;Site;Smartwatch;Wearables;2;1600;0;3200;Pix;Não;Sim;4;Não;Não;January;19/01/2025
3014;C0292;43;F;Solteiro;Fortaleza;Nordeste;5215;9;App;Notebook;Informática;2;4500;0;9000;Cartão;Não;Sim;4;Não;Não;July;03/07/2025
3015;C0161;65;F;Divorciado;São Paulo;Sudeste;3144;3;Site;Smartwatch;Wearables;1;1600;20;1280;Cartão;Sim;Sim;5;Não;Não;December;27/12/2025
3016;C0512;47;F;Casado;Fortaleza;Nordeste;6353;12;Loja;Smartphone;Telefonia;1;2800;0;2800;Boleto;Não;Sim;5;Não;Não;August;05/08/2025
3017;C0268;60;M;Divorciado;Curitiba;Sul;8868;14;Site;Mouse;Informática;2;120;0;240;Boleto;Não;Sim;4;Não;Não;June;27/06/2025
3018;C0294;65;M;Solteiro;Brasília;Centro-Oeste;6775;6;Loja;Headset;Informática;1;380;0;380;Pix;Não;Sim;3;Não;Não;March;03/03/2025
3019;C0526;45;F;Divorciado;Rio de Janeiro;Sudeste;16294;9;Loja;Smartphone;Telefonia;3;2800;5;7980;Pix;Sim;Não;4;Não;Não;March;03/03/2025
3020;C0567;57;F;Casado;Curitiba;Sul;9984;2;App;Monitor;Informática;2;1100;0;2200;Cartão;Não;Não;2;Sim;Não;October;12/10/2025
3021;C0063;32;F;Casado;Manaus;Norte;19211;0;App;Headset;Informática;1;380;10;342;Pix;Sim;Não;4;Não;Não;February;14/02/2025
3022;C0490;37;M;Solteiro;Belém;Norte;10468;13;Site;Notebook;Informática;2;4500;5;8550;Pix;Sim;Sim;4;Não;Não;June;14/06/2025
3023;C0098;60;F;Casado;Recife;Nordeste;18159;2;Site;Impressora;Informática;3;950;0;2850;Cartão;Não;Não;5;Não;Não;July;16/07/2025
3024;C0022;28;M;Divorciado;Rio de Janeiro;Sudeste;10854;11;Loja;Mouse;Informática;4;120;0;480;Boleto;Não;Sim;5;Não;Não;February;19/02/2025
3025;C0559;35;F;Casado;Fortaleza;Nordeste;17698;10;Loja;Mouse;Informática;2;120;5;228;Boleto;Sim;Sim;5;Não;Não;June;25/06/2025
3026;C0335;49;F;Casado;Brasília;Centro-Oeste;14295;4;Loja;Teclado;Informática;4;220;20;704;Cartão;Sim;Sim;4;Não;Não;January;25/01/2025
3027;C0598;66;M;Solteiro;Belém;Norte;21873;15;App;Impressora;Informática;3;950;0;2850;Pix;Não;Sim;4;Não;Não;April;09/04/2025
3028;C0677;56;M;Solteiro;Brasília;Centro-Oeste;8993;8;Loja;Webcam;Informática;4;260;0;1040;Pix;Não;Não;4;Não;Não;July;10/07/2025
3029;C0259;32;M;Divorciado;Curitiba;Sul;17604;15;Loja;Mouse;Informática;4;120;0;480;Pix;Não;Não;5;Não;Não;December;26/12/2025
3030;C0013;51;F;Casado;Rio de Janeiro;Sudeste;16295;6;App;Notebook;Informática;4;4500;20;14400;Boleto;Sim;Não;3;Não;Não;June;02/06/2025
3031;C0380;27;M;Solteiro;Curitiba;Sul;15352;6;Loja;SSD 1TB;Armazenamento;3;650;15;1657,5;Cartão;Sim;Não;5;Não;Não;January;21/01/2025
3032;C0191;32;M;Solteiro;Manaus;Norte;5807;3;App;Headset;Informática;2;380;0;760;Boleto;Não;Sim;4;Não;Não;October;15/10/2025
3033;C0654;52;F;Divorciado;Rio de Janeiro;Sudeste;20840;0;App;Smartwatch;Wearables;1;1600;10;1440;Pix;Sim;Não;4;Não;Não;April;05/04/2025
3034;C0510;69;M;Solteiro;Curitiba;Sul;19871;9;App;Notebook;Informática;4;4500;5;17100;Pix;Sim;Sim;1;Sim;Sim;March;14/03/2025
3035;C0242;48;M;Solteiro;Rio de Janeiro;Sudeste;14529;12;Loja;Monitor;Informática;1;1100;10;990;Pix;Sim;Sim;4;Não;Não;May;26/05/2025
3036;C0709;66;F;Divorciado;Rio de Janeiro;Sudeste;11249;3;App;Headset;Informática;3;380;15;969;Pix;Sim;Sim;3;Não;Não;November;21/11/2025
3037;C0110;57;F;Casado;Fortaleza;Nordeste;12403;5;Loja;Headset;Informática;4;380;20;1216;Pix;Sim;Sim;2;Sim;Não;March;30/03/2025
3038;C0546;30;F;Solteiro;São Paulo;Sudeste;15311;7;App;SSD 1TB;Armazenamento;2;650;10;1170;Boleto;Sim;Não;4;Não;Não;October;15/10/2025
3039;C0463;22;M;Divorciado;Rio de Janeiro;Sudeste;19374;12;Site;Cadeira Gamer;Móveis;1;1800;10;1620;Boleto;Sim;Sim;5;Não;Não;January;23/01/2025
3040;C0690;37;F;Solteiro;Rio de Janeiro;Sudeste;11923;11;App;Smartphone;Telefonia;4;2800;10;10080;Cartão;Sim;Não;3;Não;Não;March;26/03/2025
3041;C0482;59;M;Casado;Fortaleza;Nordeste;2418;0;Loja;Mouse;Informática;4;120;10;432;Pix;Sim;Não;5;Não;Não;September;11/09/2025
3042;C0476;62;F;Casado;Rio de Janeiro;Sudeste;3882;7;Site;Webcam;Informática;1;260;10;234;Cartão;Sim;Sim;4;Não;Não;February;28/02/2025
3043;C0168;70;M;Casado;Brasília;Centro-Oeste;19783;2;Loja;Monitor;Informática;1;1100;10;990;Boleto;Sim;Não;5;Não;Não;August;13/08/2025
3044;C0508;28;F;Solteiro;Recife;Nordeste;9293;11;Site;Mouse;Informática;1;120;15;102;Cartão;Sim;Sim;4;Não;Não;July;16/07/2025
3045;C0421;65;F;Casado;Curitiba;Sul;20877;15;Loja;Webcam;Informática;1;260;10;234;Boleto;Sim;Sim;4;Não;Não;February;20/02/2025
3046;C0588;29;F;Solteiro;São Paulo;Sudeste;13438;13;App;Smartwatch;Wearables;1;1600;0;1600;Pix;Não;Não;2;Sim;Não;October;01/10/2025
3047;C0226;27;F;Divorciado;Belém;Norte;17290;1;App;Smartwatch;Wearables;2;1600;20;2560;Cartão;Sim;Não;5;Não;Não;November;11/11/2025
3048;C0633;66;M;Solteiro;Curitiba;Sul;17055;15;App;Monitor;Informática;1;1100;5;1045;Boleto;Sim;Sim;3;Não;Não;August;23/08/2025
3049;C0604;54;M;Casado;Brasília;Centro-Oeste;10525;15;Loja;Smartphone;Telefonia;4;2800;20;8960;Cartão;Sim;Sim;4;Não;Sim;December;28/12/2025
3050;C0245;50;M;Casado;Manaus;Norte;3333;11;Loja;Headset;Informática;2;380;5;722;Boleto;Sim;Não;5;Não;Não;March;31/03/2025
3051;C0621;68;M;Solteiro;Fortaleza;Nordeste;6085;10;App;Notebook;Informática;4;4500;0;18000;Pix;Não;Sim;5;Não;Não;August;27/08/2025
3052;C0667;69;F;Casado;Belém;Norte;7755;3;App;SSD 1TB;Armazenamento;1;650;0;650;Pix;Não;Sim;2;Sim;Não;October;21/10/2025
3053;C0045;43;F;Solteiro;Recife;Nordeste;16780;13;Loja;Smartwatch;Wearables;4;1600;15;5440;Boleto;Sim;Sim;4;Não;Não;February;07/02/2025
3054;C0100;39;F;Divorciado;Recife;Nordeste;15686;13;App;SSD 1TB;Armazenamento;2;650;0;1300;Boleto;Não;Não;3;Não;Não;July;11/07/2025
3055;C0730;65;M;Divorciado;Fortaleza;Nordeste;20563;8;Loja;Teclado;Informática;2;220;0;440;Pix;Não;Sim;3;Não;Não;August;30/08/2025
3056;C0716;66;F;Divorciado;Brasília;Centro-Oeste;4328;2;Site;Notebook;Informática;2;4500;0;9000;Boleto;Não;Não;5;Não;Não;November;10/11/2025
3057;C0067;31;M;Solteiro;Curitiba;Sul;20157;12;Site;Smartwatch;Wearables;4;1600;15;5440;Boleto;Sim;Sim;3;Não;Não;November;15/11/2025
3058;C0348;19;F;Divorciado;Manaus;Norte;10525;11;Loja;Notebook;Informática;3;4500;5;12825;Cartão;Sim;Não;4;Não;Não;May;15/05/2025
3059;C0188;24;M;Divorciado;Rio de Janeiro;Sudeste;9770;9;Loja;Webcam;Informática;3;260;0;780;Boleto;Não;Sim;5;Não;Não;February;24/02/2025
3060;C0715;36;F;Solteiro;São Paulo;Sudeste;17648;10;Loja;SSD 1TB;Armazenamento;4;650;5;2470;Pix;Sim;Não;4;Não;Não;December;29/12/2025
3061;C0721;51;M;Divorciado;Fortaleza;Nordeste;7075;15;Site;Monitor;Informática;2;1100;10;1980;Cartão;Sim;Sim;4;Não;Não;August;25/08/2025
3062;C0544;19;M;Solteiro;Fortaleza;Nordeste;21231;2;App;Roteador;Redes;4;480;5;1824;Pix;Sim;Não;5;Não;Não;June;23/06/2025
3063;C0307;70;F;Solteiro;Recife;Nordeste;19016;5;App;Headset;Informática;2;380;5;722;Cartão;Sim;Sim;4;Não;Não;June;13/06/2025
3064;C0322;66;F;Casado;Fortaleza;Nordeste;9472;4;Loja;Monitor;Informática;4;1100;5;4180;Pix;Sim;Sim;4;Não;Não;February;05/02/2025
3065;C0269;35;M;Solteiro;Manaus;Norte;19533;1;Loja;Mouse;Informática;4;120;10;432;Boleto;Sim;Não;3;Não;Não;March;26/03/2025
3066;C0217;43;F;Casado;Curitiba;Sul;3052;11;Loja;SSD 1TB;Armazenamento;3;650;15;1657,5;Pix;Sim;Sim;4;Não;Não;June;02/06/2025
3067;C0051;47;M;Solteiro;Rio de Janeiro;Sudeste;13482;6;App;Smartwatch;Wearables;3;1600;0;4800;Boleto;Não;Sim;5;Não;Não;October;25/10/2025
3068;C0075;51;M;Casado;Rio de Janeiro;Sudeste;1952;7;Loja;Monitor;Informática;2;1100;5;2090;Pix;Sim;Sim;5;Não;Não;August;25/08/2025
3069;C0246;64;F;Casado;São Paulo;Sudeste;6125;3;App;SSD 1TB;Armazenamento;1;650;15;552,5;Boleto;Sim;Sim;4;Não;Não;October;16/10/2025
3070;C0688;58;M;Solteiro;Curitiba;Sul;5768;9;Loja;Monitor;Informática;3;1100;0;3300;Pix;Não;Sim;5;Não;Não;April;02/04/2025
3071;C0082;21;M;Solteiro;Fortaleza;Nordeste;18732;1;Site;Mouse;Informática;3;120;10;324;Boleto;Sim;Não;5;Não;Não;March;28/03/2025
3072;C0546;42;M;Solteiro;Belém;Norte;21712;5;Site;Notebook;Informática;4;4500;0;18000;Boleto;Não;Sim;4;Não;Não;September;19/09/2025
3073;C0171;50;M;Casado;Curitiba;Sul;15221;6;Site;Teclado;Informática;4;220;0;880;Cartão;Não;Sim;5;Não;Não;September;07/09/2025
3074;C0368;44;M;Casado;Recife;Nordeste;16408;14;Loja;SSD 1TB;Armazenamento;4;650;10;2340;Cartão;Sim;Sim;5;Não;Não;September;23/09/2025
3075;C0161;51;F;Casado;Belém;Norte;3721;2;App;Teclado;Informática;1;220;10;198;Boleto;Sim;Não;2;Sim;Não;August;30/08/2025
3076;C0503;30;M;Casado;Recife;Nordeste;12792;13;Site;Roteador;Redes;2;480;0;960;Boleto;Não;Não;3;Não;Não;July;07/07/2025
3077;C0359;50;M;Solteiro;São Paulo;Sudeste;10076;6;Site;SSD 1TB;Armazenamento;4;650;0;2600;Cartão;Não;Sim;3;Não;Não;April;07/04/2025
3078;C0742;39;M;Casado;Brasília;Centro-Oeste;12874;12;Site;Impressora;Informática;4;950;0;3800;Pix;Não;Sim;5;Não;Não;July;16/07/2025
3079;C0325;69;F;Casado;Recife;Nordeste;12820;4;App;Webcam;Informática;4;260;0;1040;Cartão;Não;Sim;5;Não;Não;April;18/04/2025
3080;C0415;34;F;Divorciado;Recife;Nordeste;19673;8;Loja;Headset;Informática;1;380;0;380;Cartão;Não;Sim;5;Não;Não;April;28/04/2025
3081;C0408;35;F;Solteiro;Manaus;Norte;16748;8;App;Notebook;Informática;1;4500;0;4500;Pix;Não;Não;3;Não;Não;June;15/06/2025
3082;C0310;43;F;Casado;Fortaleza;Nordeste;21478;3;Site;Notebook;Informática;3;4500;5;12825;Cartão;Sim;Não;4;Não;Não;September;19/09/2025
3083;C0004;40;F;Divorciado;Fortaleza;Nordeste;1824;15;Site;Teclado;Informática;3;220;0;660;Cartão;Não;Sim;2;Sim;Não;September;11/09/2025
3084;C0177;60;F;Casado;Curitiba;Sul;4317;4;App;Cadeira Gamer;Móveis;3;1800;15;4590;Cartão;Sim;Sim;5;Não;Não;February;11/02/2025
3085;C0354;64;F;Casado;Fortaleza;Nordeste;3223;1;Loja;Notebook;Informática;2;4500;10;8100;Pix;Sim;Não;5;Não;Não;March;30/03/2025
3086;C0419;45;M;Divorciado;Brasília;Centro-Oeste;4259;6;App;Impressora;Informática;2;950;0;1900;Pix;Não;Sim;4;Não;Não;October;17/10/2025
3087;C0082;49;M;Solteiro;Recife;Nordeste;19490;15;App;Monitor;Informática;1;1100;10;990;Pix;Sim;Sim;2;Sim;Não;July;06/07/2025
3088;C0652;36;M;Solteiro;Rio de Janeiro;Sudeste;13664;2;Loja;Impressora;Informática;2;950;10;1710;Boleto;Sim;Não;4;Não;Não;August;26/08/2025
3089;C0579;43;F;Divorciado;São Paulo;Sudeste;18980;1;App;SSD 1TB;Armazenamento;3;650;10;1755;Boleto;Sim;Não;4;Não;Não;January;24/01/2025
3090;C0527;51;M;Solteiro;Rio de Janeiro;Sudeste;11368;10;App;Monitor;Informática;2;1100;5;2090;Boleto;Sim;Não;2;Sim;Não;October;11/10/2025
3091;C0411;38;M;Solteiro;Brasília;Centro-Oeste;16178;9;Loja;Notebook;Informática;1;4500;0;4500;Boleto;Não;Não;5;Não;Não;May;11/05/2025
3092;C0641;30;F;Casado;Curitiba;Sul;13827;3;Site;Impressora;Informática;3;950;15;2422,5;Pix;Sim;Sim;4;Não;Não;October;12/10/2025
3093;C0734;65;M;Casado;Fortaleza;Nordeste;16352;13;App;SSD 1TB;Armazenamento;3;650;0;1950;Cartão;Não;Sim;2;Sim;Não;July;29/07/2025
3094;C0231;41;M;Solteiro;Brasília;Centro-Oeste;14088;9;Site;Monitor;Informática;3;1100;10;2970;Boleto;Sim;Sim;1;Sim;Não;January;28/01/2025
3095;C0630;40;F;Casado;São Paulo;Sudeste;6264;8;App;Smartphone;Telefonia;1;2800;10;2520;Pix;Sim;Sim;2;Sim;Não;June;13/06/2025
3096;C0332;39;F;Solteiro;Rio de Janeiro;Sudeste;16532;7;App;Smartwatch;Wearables;2;1600;0;3200;Boleto;Não;Sim;5;Não;Não;April;02/04/2025
3097;C0268;38;F;Solteiro;Manaus;Norte;6057;8;App;Notebook;Informática;4;4500;15;15300;Pix;Sim;Não;3;Não;Sim;June;22/06/2025
3098;C0198;20;M;Solteiro;Belém;Norte;18779;2;Loja;Monitor;Informática;1;1100;0;1100;Cartão;Não;Não;5;Não;Não;April;11/04/2025
3099;C0693;49;M;Divorciado;São Paulo;Sudeste;8015;12;Loja;Smartwatch;Wearables;1;1600;0;1600;Cartão;Não;Sim;4;Não;Não;June;25/06/2025
3100;C0270;53;F;Divorciado;Curitiba;Sul;21754;13;Site;Teclado;Informática;2;220;10;396;Boleto;Sim;Sim;5;Não;Não;September;03/09/2025
3101;C0655;43;M;Solteiro;Recife;Nordeste;21803;6;App;Headset;Informática;1;380;0;380;Pix;Não;Sim;4;Não;Não;August;11/08/2025
3102;C0223;34;M;Casado;Belém;Norte;8858;10;App;Roteador;Redes;3;480;5;1368;Cartão;Sim;Sim;3;Não;Não;December;03/12/2025
3103;C0270;49;F;Divorciado;São Paulo;Sudeste;13985;4;Loja;Smartwatch;Wearables;3;1600;5;4560;Boleto;Sim;Não;4;Não;Não;July;23/07/2025
3104;C0225;43;M;Divorciado;Recife;Nordeste;16190;9;App;Cadeira Gamer;Móveis;4;1800;15;6120;Cartão;Sim;Não;4;Não;Não;September;28/09/2025
3105;C0054;18;M;Divorciado;São Paulo;Sudeste;6498;14;Site;Smartphone;Telefonia;3;2800;5;7980;Pix;Sim;Sim;4;Não;Não;December;25/12/2025
3106;C0616;35;F;Divorciado;São Paulo;Sudeste;11515;6;Site;Smartphone;Telefonia;3;2800;0;8400;Cartão;Não;Sim;4;Não;Não;December;15/12/2025
3107;C0233;51;F;Divorciado;São Paulo;Sudeste;4409;0;App;Monitor;Informática;2;1100;10;1980;Pix;Sim;Não;4;Não;Não;April;18/04/2025
3108;C0014;65;F;Solteiro;Brasília;Centro-Oeste;9094;9;Site;Smartwatch;Wearables;1;1600;0;1600;Pix;Não;Sim;4;Não;Não;May;04/05/2025
3109;C0027;26;F;Divorciado;Brasília;Centro-Oeste;4902;5;App;Cadeira Gamer;Móveis;3;1800;0;5400;Pix;Não;Sim;4;Não;Não;March;25/03/2025
3110;C0042;40;M;Solteiro;Rio de Janeiro;Sudeste;21591;15;Site;Smartwatch;Wearables;2;1600;0;3200;Cartão;Não;Não;4;Não;Não;September;01/09/2025
3111;C0285;59;M;Divorciado;Curitiba;Sul;15997;7;Loja;Teclado;Informática;1;220;20;176;Pix;Sim;Sim;5;Não;Não;May;21/05/2025
3112;C0177;31;F;Casado;Manaus;Norte;11556;14;Loja;Notebook;Informática;4;4500;0;18000;Boleto;Não;Não;2;Sim;Não;January;06/01/2025
3113;C0240;56;F;Divorciado;Brasília;Centro-Oeste;4693;15;Loja;Smartwatch;Wearables;1;1600;0;1600;Pix;Não;Sim;5;Não;Não;September;24/09/2025
3114;C0046;19;F;Solteiro;Rio de Janeiro;Sudeste;5856;13;Loja;Smartwatch;Wearables;4;1600;0;6400;Pix;Não;Sim;3;Não;Não;November;14/11/2025
3115;C0229;53;M;Solteiro;Recife;Nordeste;2402;6;App;Smartwatch;Wearables;2;1600;0;3200;Boleto;Não;Não;5;Não;Não;August;24/08/2025
3116;C0715;20;F;Casado;Rio de Janeiro;Sudeste;16213;10;App;Monitor;Informática;1;1100;5;1045;Pix;Sim;Sim;4;Não;Não;August;28/08/2025
3117;C0638;57;F;Divorciado;Rio de Janeiro;Sudeste;16808;13;App;Impressora;Informática;2;950;0;1900;Pix;Não;Sim;3;Não;Não;December;27/12/2025
3118;C0464;54;F;Divorciado;Manaus;Norte;4003;2;Site;Notebook;Informática;2;4500;0;9000;Boleto;Não;Não;5;Não;Não;October;02/10/2025
3119;C0581;42;F;Divorciado;Belém;Norte;15743;7;App;SSD 1TB;Armazenamento;1;650;0;650;Pix;Não;Sim;3;Não;Não;May;20/05/2025
3120;C0694;38;M;Solteiro;Manaus;Norte;16995;11;Loja;Headset;Informática;3;380;5;1083;Boleto;Sim;Não;4;Não;Não;November;13/11/2025
3121;C0299;26;M;Casado;Recife;Nordeste;4812;13;App;Headset;Informática;2;380;15;646;Boleto;Sim;Não;5;Não;Não;April;25/04/2025
3122;C0431;34;F;Divorciado;Belém;Norte;20298;8;Site;Notebook;Informática;2;4500;5;8550;Boleto;Sim;Não;4;Não;Não;February;19/02/2025
3123;C0235;38;M;Casado;Brasília;Centro-Oeste;4454;2;App;Notebook;Informática;3;4500;0;13500;Pix;Não;Não;4;Não;Não;April;04/04/2025
3124;C0088;65;M;Solteiro;Brasília;Centro-Oeste;2938;12;Site;Webcam;Informática;4;260;5;988;Boleto;Sim;Sim;4;Não;Não;February;23/02/2025
3125;C0191;64;M;Divorciado;Fortaleza;Nordeste;21715;13;App;Teclado;Informática;1;220;15;187;Boleto;Sim;Sim;5;Não;Não;May;25/05/2025
3126;C0699;65;F;Solteiro;Recife;Nordeste;21938;15;App;Webcam;Informática;4;260;15;884;Boleto;Sim;Sim;2;Sim;Não;April;19/04/2025
3127;C0170;49;M;Divorciado;Brasília;Centro-Oeste;16714;12;Site;Teclado;Informática;3;220;0;660;Cartão;Não;Sim;5;Não;Não;November;09/11/2025
3128;C0219;51;F;Divorciado;Manaus;Norte;5082;0;App;Smartphone;Telefonia;1;2800;10;2520;Cartão;Sim;Não;5;Não;Não;December;25/12/2025
3129;C0131;31;F;Solteiro;Recife;Nordeste;10338;12;App;Mouse;Informática;4;120;5;456;Cartão;Sim;Não;5;Não;Não;July;20/07/2025
3130;C0285;25;M;Solteiro;Rio de Janeiro;Sudeste;16305;6;Loja;Smartwatch;Wearables;3;1600;10;4320;Boleto;Sim;Sim;5;Não;Não;July;21/07/2025
3131;C0393;38;F;Casado;São Paulo;Sudeste;11375;14;Loja;SSD 1TB;Armazenamento;2;650;0;1300;Boleto;Não;Sim;3;Não;Não;April;10/04/2025
3132;C0598;24;F;Casado;Belém;Norte;10853;8;App;Teclado;Informática;3;220;15;561;Pix;Sim;Não;3;Não;Não;February;27/02/2025
3133;C0503;60;F;Solteiro;Belém;Norte;13534;3;App;Impressora;Informática;4;950;0;3800;Pix;Não;Não;4;Não;Não;April;30/04/2025
3134;C0270;35;F;Solteiro;Fortaleza;Nordeste;20061;7;Loja;Cadeira Gamer;Móveis;1;1800;15;1530;Pix;Sim;Sim;3;Não;Não;October;26/10/2025
3135;C0638;51;F;Solteiro;Fortaleza;Nordeste;19940;4;App;Notebook;Informática;4;4500;10;16200;Cartão;Sim;Não;3;Não;Não;December;15/12/2025
3136;C0371;37;M;Divorciado;Manaus;Norte;4589;11;Loja;Headset;Informática;3;380;10;1026;Pix;Sim;Não;5;Não;Não;January;26/01/2025
3137;C0357;70;F;Solteiro;São Paulo;Sudeste;2665;15;Loja;Smartphone;Telefonia;3;2800;5;7980;Cartão;Sim;Sim;5;Não;Não;March;02/03/2025
3138;C0619;42;M;Divorciado;Brasília;Centro-Oeste;11756;4;Loja;Teclado;Informática;1;220;15;187;Cartão;Sim;Não;4;Não;Não;April;20/04/2025
3139;C0184;70;F;Divorciado;Recife;Nordeste;16422;13;App;Notebook;Informática;2;4500;15;7650;Cartão;Sim;Não;2;Sim;Não;August;27/08/2025
3140;C0451;33;F;Casado;Manaus;Norte;16996;1;Site;Notebook;Informática;1;4500;10;4050;Pix;Sim;Não;2;Sim;Não;January;28/01/2025
3141;C0322;69;M;Divorciado;Curitiba;Sul;21328;13;Loja;Impressora;Informática;4;950;5;3610;Cartão;Sim;Sim;4;Não;Não;December;04/12/2025
3142;C0763;39;F;Divorciado;Recife;Nordeste;15200;13;Site;Smartwatch;Wearables;3;1600;0;4800;Pix;Não;Sim;4;Não;Não;January;13/01/2025
3143;C0234;59;M;Divorciado;Brasília;Centro-Oeste;10307;10;App;Impressora;Informática;2;950;0;1900;Cartão;Não;Sim;4;Não;Não;October;12/10/2025
3144;C0366;48;F;Solteiro;Manaus;Norte;6478;11;App;Notebook;Informática;1;4500;15;3825;Cartão;Sim;Sim;3;Não;Não;February;04/02/2025
3145;C0492;29;M;Solteiro;Fortaleza;Nordeste;19413;2;Site;Monitor;Informática;3;1100;5;3135;Cartão;Sim;Não;4;Não;Não;April;15/04/2025
3146;C0489;32;F;Casado;Recife;Nordeste;5538;9;App;Headset;Informática;4;380;0;1520;Boleto;Não;Não;2;Sim;Não;March;19/03/2025
3147;C0509;39;M;Casado;Belém;Norte;14036;0;Loja;Roteador;Redes;3;480;10;1296;Boleto;Sim;Não;4;Não;Não;January;31/01/2025
3148;C0213;40;F;Casado;São Paulo;Sudeste;6886;3;Site;SSD 1TB;Armazenamento;4;650;0;2600;Pix;Não;Sim;5;Não;Não;November;21/11/2025
3149;C0317;64;M;Divorciado;São Paulo;Sudeste;2432;4;Loja;Smartphone;Telefonia;1;2800;0;2800;Boleto;Não;Sim;5;Não;Não;June;24/06/2025
3150;C0532;23;M;Casado;Brasília;Centro-Oeste;13743;10;App;Roteador;Redes;3;480;10;1296;Cartão;Sim;Não;5;Não;Não;January;17/01/2025
3151;C0269;44;M;Casado;Rio de Janeiro;Sudeste;2106;1;Loja;Monitor;Informática;3;1100;15;2805;Cartão;Sim;Não;1;Sim;Não;February;04/02/2025
3152;C0627;21;F;Divorciado;Brasília;Centro-Oeste;12656;11;App;Cadeira Gamer;Móveis;4;1800;0;7200;Boleto;Não;Sim;3;Não;Não;July;22/07/2025
3153;C0400;26;M;Solteiro;Curitiba;Sul;9590;7;Site;Smartphone;Telefonia;2;2800;0;5600;Boleto;Não;Não;5;Não;Não;December;20/12/2025
3154;C0595;44;F;Solteiro;Manaus;Norte;20772;2;Site;Mouse;Informática;4;120;5;456;Pix;Sim;Não;3;Não;Não;February;26/02/2025
3155;C0360;68;M;Solteiro;Recife;Nordeste;17668;5;App;Roteador;Redes;2;480;10;864;Pix;Sim;Sim;5;Não;Não;May;16/05/2025
3156;C0516;46;F;Solteiro;Brasília;Centro-Oeste;21996;14;Site;Cadeira Gamer;Móveis;1;1800;0;1800;Boleto;Não;Não;2;Sim;Não;June;26/06/2025
3157;C0354;20;F;Casado;Curitiba;Sul;4586;14;Loja;Smartwatch;Wearables;1;1600;0;1600;Boleto;Não;Sim;4;Não;Não;December;28/12/2025
3158;C0193;61;M;Solteiro;Curitiba;Sul;17277;12;App;Smartphone;Telefonia;3;2800;20;6720;Pix;Sim;Sim;4;Não;Não;June;13/06/2025
3159;C0615;21;M;Solteiro;Brasília;Centro-Oeste;4094;6;App;Teclado;Informática;2;220;0;440;Cartão;Não;Sim;2;Sim;Não;December;07/12/2025
3160;C0244;52;F;Solteiro;São Paulo;Sudeste;11859;3;Loja;Monitor;Informática;1;1100;5;1045;Boleto;Sim;Sim;5;Não;Não;September;09/09/2025
3161;C0285;55;M;Casado;Rio de Janeiro;Sudeste;11076;13;App;SSD 1TB;Armazenamento;1;650;5;617,5;Boleto;Sim;Sim;5;Não;Não;October;20/10/2025
3162;C0312;31;M;Casado;Fortaleza;Nordeste;14982;2;Site;Teclado;Informática;3;220;15;561;Pix;Sim;Não;5;Não;Não;November;15/11/2025
3163;C0422;66;M;Solteiro;Rio de Janeiro;Sudeste;18763;7;App;Mouse;Informática;2;120;20;192;Cartão;Sim;Não;4;Não;Não;March;28/03/2025
3164;C0320;58;F;Solteiro;Manaus;Norte;5607;8;App;Mouse;Informática;3;120;0;360;Cartão;Não;Sim;5;Não;Não;December;24/12/2025
3165;C0040;45;M;Solteiro;Recife;Nordeste;11927;8;Loja;Roteador;Redes;1;480;0;480;Cartão;Não;Sim;5;Não;Não;October;25/10/2025
3166;C0553;27;F;Casado;São Paulo;Sudeste;13166;6;Loja;Smartwatch;Wearables;3;1600;10;4320;Pix;Sim;Sim;4;Não;Não;July;20/07/2025
3167;C0218;38;M;Divorciado;Rio de Janeiro;Sudeste;7976;6;App;Mouse;Informática;1;120;0;120;Cartão;Não;Sim;5;Não;Não;October;05/10/2025
3168;C0016;26;F;Divorciado;Belém;Norte;19241;0;Loja;Impressora;Informática;3;950;10;2565;Cartão;Sim;Não;3;Não;Não;June;23/06/2025
3169;C0593;19;F;Solteiro;Fortaleza;Nordeste;11877;3;Loja;Smartwatch;Wearables;1;1600;5;1520;Pix;Sim;Sim;5;Não;Não;December;01/12/2025
3170;C0776;63;F;Casado;Manaus;Norte;8028;10;Loja;Mouse;Informática;2;120;0;240;Pix;Não;Sim;4;Não;Não;May;31/05/2025
3171;C0453;19;F;Solteiro;Manaus;Norte;21333;5;Site;Headset;Informática;4;380;5;1444;Pix;Sim;Sim;4;Não;Não;February;25/02/2025
3172;C0145;49;M;Casado;Brasília;Centro-Oeste;9373;0;Site;Webcam;Informática;3;260;10;702;Pix;Sim;Não;5;Não;Não;February;18/02/2025
3173;C0005;25;M;Casado;Belém;Norte;18721;12;App;Smartwatch;Wearables;2;1600;0;3200;Boleto;Não;Sim;4;Não;Não;February;13/02/2025
3174;C0297;30;M;Divorciado;Manaus;Norte;3785;9;Site;Mouse;Informática;4;120;0;480;Cartão;Não;Sim;4;Não;Não;March;16/03/2025
3175;C0107;34;F;Divorciado;Fortaleza;Nordeste;19044;6;Site;Smartwatch;Wearables;4;1600;10;5760;Cartão;Sim;Não;4;Não;Não;March;02/03/2025
3176;C0296;63;M;Casado;Fortaleza;Nordeste;12938;10;App;Impressora;Informática;4;950;0;3800;Pix;Não;Sim;3;Não;Não;August;16/08/2025
3177;C0200;46;M;Solteiro;Belém;Norte;11058;14;Loja;Smartphone;Telefonia;4;2800;0;11200;Cartão;Não;Sim;5;Não;Não;September;09/09/2025
3178;C0559;33;M;Divorciado;São Paulo;Sudeste;11234;4;Site;Monitor;Informática;4;1100;5;4180;Cartão;Sim;Não;3;Não;Não;December;20/12/2025
3179;C0165;64;M;Divorciado;Manaus;Norte;20319;7;Site;Smartphone;Telefonia;3;2800;5;7980;Cartão;Sim;Sim;2;Sim;Não;March;04/03/2025
3180;C0164;67;M;Divorciado;Manaus;Norte;17974;6;App;Headset;Informática;4;380;10;1368;Boleto;Sim;Não;5;Não;Não;December;09/12/2025
3181;C0721;30;M;Casado;Recife;Nordeste;9713;11;Loja;Impressora;Informática;2;950;10;1710;Boleto;Sim;Sim;5;Não;Não;May;17/05/2025
3182;C0021;21;F;Solteiro;Belém;Norte;6258;6;App;Mouse;Informática;1;120;0;120;Boleto;Não;Sim;4;Não;Não;November;14/11/2025
3183;C0695;31;F;Solteiro;Curitiba;Sul;20413;2;Site;Monitor;Informática;3;1100;10;2970;Boleto;Sim;Não;4;Não;Não;April;05/04/2025
3184;C0460;37;F;Divorciado;Belém;Norte;18048;2;Site;Monitor;Informática;3;1100;0;3300;Cartão;Não;Não;5;Não;Não;September;18/09/2025
3185;C0790;67;M;Solteiro;Rio de Janeiro;Sudeste;11768;2;Loja;Cadeira Gamer;Móveis;3;1800;0;5400;Cartão;Não;Não;4;Não;Não;April;04/04/2025
3186;C0404;56;M;Solteiro;Curitiba;Sul;17589;12;Loja;Notebook;Informática;4;4500;20;14400;Pix;Sim;Sim;3;Não;Não;August;29/08/2025
3187;C0070;28;M;Casado;Fortaleza;Nordeste;3998;1;Loja;Roteador;Redes;3;480;15;1224;Boleto;Sim;Não;5;Não;Não;April;22/04/2025
3188;C0216;28;M;Casado;Curitiba;Sul;21988;11;Loja;Smartwatch;Wearables;4;1600;0;6400;Boleto;Não;Sim;4;Não;Não;October;05/10/2025
3189;C0166;69;M;Casado;São Paulo;Sudeste;11803;10;Loja;SSD 1TB;Armazenamento;4;650;0;2600;Pix;Não;Sim;3;Não;Não;September;08/09/2025
3190;C0124;62;M;Divorciado;Curitiba;Sul;7678;12;Site;Notebook;Informática;3;4500;15;11475;Boleto;Sim;Não;5;Não;Não;October;18/10/2025
3191;C0009;21;M;Casado;Manaus;Norte;2639;15;Loja;Notebook;Informática;4;4500;5;17100;Cartão;Sim;Sim;5;Não;Não;October;28/10/2025
3192;C0457;23;M;Solteiro;Belém;Norte;5856;10;Loja;Smartphone;Telefonia;3;2800;0;8400;Pix;Não;Sim;3;Não;Não;September;14/09/2025
3193;C0422;51;M;Casado;Brasília;Centro-Oeste;11365;3;Loja;Impressora;Informática;4;950;15;3230;Cartão;Sim;Sim;4;Não;Não;January;17/01/2025
3194;C0631;49;F;Divorciado;Manaus;Norte;14077;15;App;Notebook;Informática;1;4500;0;4500;Pix;Não;Sim;5;Não;Não;November;08/11/2025
3195;C0688;33;M;Casado;Fortaleza;Nordeste;19632;12;App;Notebook;Informática;3;4500;5;12825;Pix;Sim;Sim;2;Sim;Não;February;14/02/2025
3196;C0096;19;F;Casado;Belém;Norte;14267;14;Loja;Notebook;Informática;4;4500;5;17100;Pix;Sim;Não;4;Não;Sim;March;09/03/2025
3197;C0668;69;F;Divorciado;Manaus;Norte;10894;11;App;Smartphone;Telefonia;4;2800;10;10080;Cartão;Sim;Sim;4;Não;Não;April;03/04/2025
3198;C0160;33;M;Divorciado;Curitiba;Sul;15552;11;Site;SSD 1TB;Armazenamento;2;650;0;1300;Cartão;Não;Sim;3;Não;Não;April;13/04/2025
3199;C0791;43;M;Divorciado;Belém;Norte;8033;2;App;Notebook;Informática;1;4500;5;4275;Pix;Sim;Não;5;Não;Não;August;05/08/2025
3200;C0415;59;M;Divorciado;Fortaleza;Nordeste;20020;8;Site;Smartwatch;Wearables;1;1600;10;1440;Boleto;Sim;Não;4;Não;Não;July;04/07/2025
3201;C0408;28;M;Solteiro;São Paulo;Sudeste;10671;3;Loja;Monitor;Informática;2;1100;20;1760;Pix;Sim;Não;3;Não;Não;December;04/12/2025
3202;C0235;53;M;Casado;Recife;Nordeste;6719;3;Site;Smartwatch;Wearables;2;1600;5;3040;Boleto;Sim;Sim;4;Não;Não;April;14/04/2025
3203;C0407;21;M;Casado;Belém;Norte;10312;9;Loja;Teclado;Informática;3;220;0;660;Pix;Não;Sim;4;Não;Não;April;18/04/2025
3204;C0755;39;F;Solteiro;São Paulo;Sudeste;2913;15;Loja;SSD 1TB;Armazenamento;3;650;15;1657,5;Cartão;Sim;Sim;5;Não;Não;June;29/06/2025
3205;C0327;40;M;Solteiro;Rio de Janeiro;Sudeste;16566;11;Loja;Smartwatch;Wearables;1;1600;0;1600;Pix;Não;Sim;4;Não;Não;June;19/06/2025
3206;C0648;23;F;Casado;Belém;Norte;2138;7;Site;SSD 1TB;Armazenamento;1;650;20;520;Pix;Sim;Sim;3;Não;Não;October;07/10/2025
3207;C0708;59;M;Casado;São Paulo;Sudeste;18539;4;App;Smartphone;Telefonia;2;2800;5;5320;Cartão;Sim;Sim;3;Não;Não;January;28/01/2025
3208;C0350;31;M;Casado;Recife;Nordeste;11532;0;Loja;Headset;Informática;1;380;10;342;Boleto;Sim;Não;5;Não;Não;August;29/08/2025
3209;C0372;46;F;Casado;São Paulo;Sudeste;21112;5;Loja;Smartwatch;Wearables;2;1600;20;2560;Pix;Sim;Sim;4;Não;Não;August;10/08/2025
3210;C0729;42;M;Solteiro;Manaus;Norte;20911;11;Loja;Mouse;Informática;2;120;10;216;Pix;Sim;Sim;3;Não;Não;September;07/09/2025
3211;C0708;53;F;Casado;Brasília;Centro-Oeste;3748;12;Site;SSD 1TB;Armazenamento;4;650;20;2080;Pix;Sim;Sim;4;Não;Não;April;02/04/2025
3212;C0764;40;M;Casado;Manaus;Norte;18179;3;Site;Notebook;Informática;1;4500;5;4275;Cartão;Sim;Sim;5;Não;Não;November;24/11/2025
3213;C0734;18;F;Casado;Recife;Nordeste;5106;2;Site;Teclado;Informática;3;220;5;627;Pix;Sim;Não;5;Não;Não;August;24/08/2025
3214;C0774;44;F;Solteiro;Belém;Norte;15415;10;Loja;Impressora;Informática;3;950;0;2850;Pix;Não;Sim;4;Não;Não;May;26/05/2025
3215;C0404;25;F;Divorciado;Belém;Norte;12720;8;App;Smartwatch;Wearables;3;1600;5;4560;Boleto;Sim;Sim;5;Não;Não;November;17/11/2025
3216;C0628;70;M;Solteiro;Belém;Norte;21179;11;App;Webcam;Informática;3;260;15;663;Pix;Sim;Sim;5;Não;Não;January;05/01/2025
3217;C0002;39;F;Divorciado;Curitiba;Sul;7473;12;Loja;Notebook;Informática;2;4500;5;8550;Boleto;Sim;Sim;4;Não;Não;October;30/10/2025
3218;C0170;50;M;Divorciado;São Paulo;Sudeste;19426;9;Loja;Monitor;Informática;4;1100;0;4400;Cartão;Não;Sim;4;Não;Não;July;26/07/2025
3219;C0022;69;M;Solteiro;Belém;Norte;3604;6;Loja;Mouse;Informática;2;120;10;216;Pix;Sim;Sim;1;Sim;Não;August;25/08/2025
3220;C0610;25;M;Solteiro;Belém;Norte;11229;3;App;Roteador;Redes;4;480;0;1920;Pix;Não;Não;3;Não;Não;March;09/03/2025
3221;C0036;55;M;Casado;Curitiba;Sul;15700;11;Site;Impressora;Informática;4;950;0;3800;Cartão;Não;Sim;5;Não;Não;December;14/12/2025
3222;C0298;52;M;Solteiro;Recife;Nordeste;19840;14;App;SSD 1TB;Armazenamento;3;650;5;1852,5;Boleto;Sim;Sim;5;Não;Não;December;16/12/2025
3223;C0769;21;M;Casado;Recife;Nordeste;5084;4;App;Mouse;Informática;3;120;5;342;Cartão;Sim;Sim;2;Sim;Não;May;23/05/2025
3224;C0216;50;M;Solteiro;Manaus;Norte;4654;9;Loja;Notebook;Informática;4;4500;15;15300;Pix;Sim;Sim;4;Não;Não;January;16/01/2025
3225;C0697;64;F;Casado;Manaus;Norte;8627;15;Site;Notebook;Informática;4;4500;5;17100;Boleto;Sim;Sim;4;Não;Não;February;03/02/2025
3226;C0458;22;F;Solteiro;Fortaleza;Nordeste;11724;8;Site;SSD 1TB;Armazenamento;2;650;15;1105;Boleto;Sim;Sim;3;Não;Não;June;02/06/2025
3227;C0305;62;F;Divorciado;Fortaleza;Nordeste;2627;14;Loja;Cadeira Gamer;Móveis;4;1800;0;7200;Pix;Não;Sim;2;Sim;Não;January;14/01/2025
3228;C0594;48;F;Casado;Curitiba;Sul;3446;11;Loja;Teclado;Informática;1;220;0;220;Cartão;Não;Não;1;Sim;Não;December;07/12/2025
3229;C0428;28;M;Casado;Recife;Nordeste;3053;13;Site;Mouse;Informática;1;120;0;120;Pix;Não;Não;4;Não;Não;August;04/08/2025
3230;C0192;70;F;Solteiro;São Paulo;Sudeste;16503;1;Loja;Monitor;Informática;3;1100;10;2970;Pix;Sim;Não;3;Não;Não;August;24/08/2025
3231;C0623;66;F;Divorciado;Belém;Norte;4468;14;App;Monitor;Informática;4;1100;0;4400;Boleto;Não;Sim;3;Não;Não;April;05/04/2025
3232;C0453;33;F;Casado;Brasília;Centro-Oeste;15279;8;Site;Notebook;Informática;1;4500;15;3825;Pix;Sim;Sim;5;Não;Não;November;03/11/2025
3233;C0554;47;F;Solteiro;Brasília;Centro-Oeste;8361;9;Loja;Headset;Informática;3;380;0;1140;Cartão;Não;Sim;3;Não;Não;March;20/03/2025
3234;C0252;44;M;Solteiro;Curitiba;Sul;6512;8;Site;Headset;Informática;3;380;0;1140;Pix;Não;Sim;4;Não;Não;February;26/02/2025
3235;C0062;21;F;Casado;São Paulo;Sudeste;6427;3;Site;SSD 1TB;Armazenamento;2;650;10;1170;Cartão;Sim;Sim;3;Não;Não;April;02/04/2025
3236;C0231;62;F;Solteiro;Brasília;Centro-Oeste;3939;13;Site;Cadeira Gamer;Móveis;4;1800;0;7200;Boleto;Não;Sim;4;Não;Não;January;22/01/2025
3237;C0058;66;M;Casado;Curitiba;Sul;4563;4;Loja;Cadeira Gamer;Móveis;2;1800;5;3420;Boleto;Sim;Não;4;Não;Não;August;28/08/2025
3238;C0351;59;M;Divorciado;Fortaleza;Nordeste;13276;12;Site;SSD 1TB;Armazenamento;4;650;10;2340;Boleto;Sim;Sim;2;Sim;Não;November;15/11/2025
3239;C0177;22;M;Solteiro;Fortaleza;Nordeste;20453;9;App;Smartphone;Telefonia;1;2800;0;2800;Pix;Não;Sim;5;Não;Não;May;31/05/2025
3240;C0776;58;F;Divorciado;Curitiba;Sul;10641;2;Site;Notebook;Informática;4;4500;10;16200;Cartão;Sim;Não;5;Não;Não;May;18/05/2025
3241;C0447;58;M;Solteiro;Rio de Janeiro;Sudeste;12067;7;Site;Notebook;Informática;2;4500;5;8550;Cartão;Sim;Não;4;Não;Não;April;03/04/2025
3242;C0130;68;F;Divorciado;Recife;Nordeste;21404;9;Site;Smartphone;Telefonia;3;2800;5;7980;Pix;Sim;Sim;5;Não;Não;July;24/07/2025
3243;C0065;68;M;Casado;Recife;Nordeste;5347;0;Loja;Roteador;Redes;3;480;15;1224;Boleto;Sim;Não;4;Não;Não;March;17/03/2025
3244;C0579;46;M;Divorciado;São Paulo;Sudeste;2475;11;Loja;Smartphone;Telefonia;1;2800;5;2660;Pix;Sim;Não;5;Não;Não;January;08/01/2025
3245;C0464;28;M;Divorciado;Manaus;Norte;21419;5;App;Notebook;Informática;3;4500;10;12150;Pix;Sim;Sim;4;Não;Não;August;17/08/2025
3246;C0094;67;M;Casado;Curitiba;Sul;10132;8;Loja;Cadeira Gamer;Móveis;4;1800;20;5760;Boleto;Sim;Não;4;Não;Sim;July;23/07/2025
3247;C0636;69;M;Casado;Curitiba;Sul;2119;15;Loja;Webcam;Informática;2;260;0;520;Cartão;Não;Sim;5;Não;Não;February;01/02/2025
3248;C0526;64;F;Solteiro;Curitiba;Sul;3906;13;Loja;Roteador;Redes;1;480;10;432;Cartão;Sim;Sim;2;Sim;Não;November;21/11/2025
3249;C0086;22;F;Casado;Fortaleza;Nordeste;9266;4;Loja;Impressora;Informática;4;950;0;3800;Cartão;Não;Sim;4;Não;Não;June;19/06/2025
3250;C0150;50;M;Solteiro;Recife;Nordeste;21318;5;Site;Headset;Informática;3;380;10;1026;Pix;Sim;Não;3;Não;Não;February;28/02/2025
3251;C0414;34;F;Divorciado;Fortaleza;Nordeste;6418;14;Site;Notebook;Informática;3;4500;20;10800;Cartão;Sim;Sim;2;Sim;Não;April;15/04/2025
3252;C0122;64;F;Casado;Belém;Norte;10857;15;Site;Headset;Informática;3;380;15;969;Pix;Sim;Sim;3;Não;Não;December;06/12/2025
3253;C0795;39;M;Solteiro;Manaus;Norte;3031;1;Site;Notebook;Informática;4;4500;10;16200;Boleto;Sim;Não;2;Sim;Não;October;29/10/2025
3254;C0607;62;F;Solteiro;Belém;Norte;16426;13;Site;Cadeira Gamer;Móveis;2;1800;5;3420;Boleto;Sim;Não;2;Sim;Não;December;07/12/2025
3255;C0235;66;M;Solteiro;São Paulo;Sudeste;15395;8;App;Smartwatch;Wearables;1;1600;5;1520;Boleto;Sim;Não;4;Não;Não;July;29/07/2025
3256;C0681;63;M;Casado;Rio de Janeiro;Sudeste;8652;12;App;Mouse;Informática;2;120;0;240;Pix;Não;Sim;5;Não;Não;April;30/04/2025
3257;C0055;62;M;Solteiro;Brasília;Centro-Oeste;8132;13;App;Mouse;Informática;2;120;0;240;Cartão;Não;Sim;5;Não;Não;August;10/08/2025
3258;C0728;45;M;Divorciado;Manaus;Norte;3993;9;Site;Smartphone;Telefonia;4;2800;15;9520;Boleto;Sim;Não;5;Não;Não;September;06/09/2025
3259;C0438;65;M;Divorciado;São Paulo;Sudeste;12692;6;App;Smartphone;Telefonia;2;2800;0;5600;Boleto;Não;Sim;4;Não;Não;November;16/11/2025
3260;C0128;45;F;Casado;Brasília;Centro-Oeste;20707;13;App;Headset;Informática;3;380;15;969;Cartão;Sim;Sim;5;Não;Não;August;27/08/2025
3261;C0724;65;M;Solteiro;Manaus;Norte;7686;5;App;Smartphone;Telefonia;3;2800;10;7560;Cartão;Sim;Sim;5;Não;Não;October;21/10/2025
3262;C0611;20;M;Divorciado;Manaus;Norte;5449;0;Site;Headset;Informática;4;380;10;1368;Cartão;Sim;Não;4;Não;Não;July;29/07/2025
3263;C0086;27;F;Solteiro;Recife;Nordeste;4433;0;Site;Impressora;Informática;3;950;10;2565;Cartão;Sim;Não;3;Não;Não;November;20/11/2025
3264;C0110;69;F;Divorciado;Fortaleza;Nordeste;3240;10;App;Notebook;Informática;1;4500;0;4500;Cartão;Não;Não;4;Não;Não;December;19/12/2025
3265;C0603;62;M;Casado;Fortaleza;Nordeste;13852;2;App;Headset;Informática;3;380;0;1140;Pix;Não;Não;5;Não;Não;October;18/10/2025
3266;C0799;42;M;Casado;Rio de Janeiro;Sudeste;9296;4;Site;Teclado;Informática;3;220;5;627;Pix;Sim;Não;4;Não;Não;May;11/05/2025
3267;C0612;60;M;Casado;Belém;Norte;7061;2;Loja;Webcam;Informática;2;260;15;442;Cartão;Sim;Não;4;Não;Não;October;05/10/2025
3268;C0151;45;M;Divorciado;Recife;Nordeste;9286;13;App;Impressora;Informática;3;950;0;2850;Boleto;Não;Sim;4;Não;Não;October;13/10/2025
3269;C0661;66;F;Casado;Brasília;Centro-Oeste;17040;1;Loja;Roteador;Redes;2;480;10;864;Pix;Sim;Não;5;Não;Não;May;09/05/2025
3270;C0522;44;F;Solteiro;Recife;Nordeste;21571;15;Loja;Headset;Informática;3;380;10;1026;Cartão;Sim;Sim;4;Não;Não;February;23/02/2025
3271;C0434;47;F;Divorciado;Belém;Norte;8101;14;App;Notebook;Informática;3;4500;10;12150;Cartão;Sim;Não;3;Não;Não;November;06/11/2025
3272;C0744;65;F;Casado;São Paulo;Sudeste;20905;7;Loja;SSD 1TB;Armazenamento;1;650;5;617,5;Cartão;Sim;Sim;4;Não;Não;May;27/05/2025
3273;C0415;43;M;Solteiro;São Paulo;Sudeste;3436;11;App;Smartwatch;Wearables;4;1600;0;6400;Cartão;Não;Não;5;Não;Não;May;27/05/2025
3274;C0266;40;F;Divorciado;Rio de Janeiro;Sudeste;8700;11;App;SSD 1TB;Armazenamento;3;650;10;1755;Pix;Sim;Sim;4;Não;Não;September;04/09/2025
3275;C0778;42;F;Divorciado;Rio de Janeiro;Sudeste;15677;15;App;SSD 1TB;Armazenamento;2;650;0;1300;Pix;Não;Sim;5;Não;Não;October;04/10/2025
3276;C0561;35;F;Divorciado;Brasília;Centro-Oeste;11584;7;App;Smartwatch;Wearables;4;1600;0;6400;Boleto;Não;Sim;3;Não;Não;May;25/05/2025
3277;C0791;41;M;Casado;São Paulo;Sudeste;13510;8;Loja;SSD 1TB;Armazenamento;2;650;10;1170;Boleto;Sim;Não;3;Não;Não;October;15/10/2025
3278;C0256;58;F;Solteiro;Rio de Janeiro;Sudeste;21268;6;Site;Mouse;Informática;2;120;0;240;Cartão;Não;Não;5;Não;Não;March;21/03/2025
3279;C0450;31;F;Casado;Recife;Nordeste;8881;11;App;Webcam;Informática;2;260;15;442;Boleto;Sim;Não;5;Não;Não;August;24/08/2025
3280;C0454;44;M;Divorciado;Manaus;Norte;12664;7;Site;Mouse;Informática;1;120;0;120;Boleto;Não;Não;4;Não;Não;March;17/03/2025
3281;C0515;37;F;Solteiro;Belém;Norte;15509;5;Loja;Monitor;Informática;1;1100;0;1100;Cartão;Não;Não;5;Não;Não;September;06/09/2025
3282;C0411;49;M;Solteiro;Curitiba;Sul;1863;3;Loja;Notebook;Informática;3;4500;5;12825;Cartão;Sim;Sim;5;Não;Não;May;31/05/2025
3283;C0598;27;F;Solteiro;Rio de Janeiro;Sudeste;11201;0;Loja;Cadeira Gamer;Móveis;3;1800;10;4860;Boleto;Sim;Não;4;Não;Não;August;14/08/2025
3284;C0485;25;M;Divorciado;Belém;Norte;21255;9;Loja;Impressora;Informática;3;950;0;2850;Cartão;Não;Sim;4;Não;Não;December;31/12/2025
3285;C0086;42;M;Solteiro;São Paulo;Sudeste;21186;9;Site;Smartphone;Telefonia;1;2800;0;2800;Cartão;Não;Não;5;Não;Não;September;09/09/2025
3286;C0191;36;M;Solteiro;Curitiba;Sul;6244;0;App;SSD 1TB;Armazenamento;2;650;15;1105;Pix;Sim;Não;5;Não;Não;January;17/01/2025
3287;C0676;66;M;Casado;Manaus;Norte;11861;3;App;Headset;Informática;4;380;5;1444;Cartão;Sim;Sim;5;Não;Não;August;13/08/2025
3288;C0782;31;M;Divorciado;Belém;Norte;4962;8;Site;Smartphone;Telefonia;4;2800;10;10080;Boleto;Sim;Não;3;Não;Não;December;19/12/2025
3289;C0121;47;F;Divorciado;Fortaleza;Nordeste;13119;6;Loja;SSD 1TB;Armazenamento;4;650;10;2340;Cartão;Sim;Sim;3;Não;Não;March;29/03/2025
3290;C0540;54;F;Solteiro;Recife;Nordeste;19228;1;Loja;Headset;Informática;3;380;15;969;Cartão;Sim;Não;2;Sim;Não;February;28/02/2025
3291;C0643;22;F;Divorciado;Curitiba;Sul;10182;11;App;Cadeira Gamer;Móveis;1;1800;10;1620;Pix;Sim;Sim;5;Não;Não;June;01/06/2025
3292;C0266;57;M;Casado;Recife;Nordeste;14763;8;App;Teclado;Informática;2;220;15;374;Pix;Sim;Sim;5;Não;Não;September;10/09/2025
3293;C0778;32;F;Casado;Fortaleza;Nordeste;20499;1;App;Roteador;Redes;4;480;10;1728;Cartão;Sim;Não;4;Não;Não;September;09/09/2025
3294;C0256;43;F;Divorciado;Recife;Nordeste;2928;12;Site;Teclado;Informática;3;220;0;660;Boleto;Não;Sim;4;Não;Não;May;27/05/2025
3295;C0613;59;M;Casado;Recife;Nordeste;14986;8;App;SSD 1TB;Armazenamento;2;650;0;1300;Pix;Não;Sim;4;Não;Não;February;05/02/2025
3296;C0591;33;F;Solteiro;Belém;Norte;3529;8;App;Webcam;Informática;4;260;10;936;Boleto;Sim;Sim;5;Não;Não;January;28/01/2025
3297;C0280;44;M;Divorciado;Recife;Nordeste;8133;4;App;Teclado;Informática;3;220;10;594;Pix;Sim;Sim;5;Não;Não;February;20/02/2025
3298;C0159;54;F;Divorciado;Fortaleza;Nordeste;2151;6;App;Cadeira Gamer;Móveis;4;1800;5;6840;Boleto;Sim;Sim;5;Não;Não;December;08/12/2025
3299;C0767;60;M;Divorciado;Fortaleza;Nordeste;5361;5;App;Cadeira Gamer;Móveis;2;1800;15;3060;Pix;Sim;Sim;4;Não;Não;August;25/08/2025
3300;C0556;22;F;Casado;Recife;Nordeste;2484;1;App;Monitor;Informática;3;1100;10;2970;Cartão;Sim;Não;4;Não;Não;August;06/08/2025
3301;C0481;56;F;Solteiro;Brasília;Centro-Oeste;5643;0;Site;Impressora;Informática;2;950;10;1710;Boleto;Sim;Não;3;Não;Não;December;26/12/2025
3302;C0707;48;M;Solteiro;Curitiba;Sul;6767;11;Site;Mouse;Informática;4;120;10;432;Cartão;Sim;Sim;5;Não;Não;August;15/08/2025
3303;C0763;34;F;Divorciado;Curitiba;Sul;5491;15;Site;Mouse;Informática;3;120;0;360;Cartão;Não;Não;4;Não;Não;November;10/11/2025
3304;C0014;58;F;Divorciado;Belém;Norte;11577;8;Site;Headset;Informática;1;380;10;342;Boleto;Sim;Sim;5;Não;Não;August;27/08/2025
3305;C0556;47;F;Divorciado;Belém;Norte;12675;3;App;Smartwatch;Wearables;2;1600;10;2880;Boleto;Sim;Não;3;Não;Não;July;19/07/2025
3306;C0784;42;M;Divorciado;Recife;Nordeste;8626;12;Site;Smartwatch;Wearables;1;1600;15;1360;Pix;Sim;Sim;4;Não;Não;May;22/05/2025
3307;C0435;68;M;Divorciado;Fortaleza;Nordeste;13197;4;Loja;Roteador;Redes;1;480;15;408;Pix;Sim;Não;5;Não;Não;November;16/11/2025
3308;C0281;37;F;Divorciado;Fortaleza;Nordeste;11726;10;Site;Monitor;Informática;2;1100;0;2200;Boleto;Não;Sim;5;Não;Não;May;10/05/2025
3309;C0608;54;M;Casado;Recife;Nordeste;20353;15;Site;Smartphone;Telefonia;2;2800;0;5600;Pix;Não;Não;3;Não;Não;September;25/09/2025
3310;C0447;61;M;Casado;Manaus;Norte;2647;14;Loja;Notebook;Informática;4;4500;5;17100;Boleto;Sim;Sim;4;Não;Não;January;22/01/2025
3311;C0587;39;M;Divorciado;Recife;Nordeste;10666;5;Loja;Monitor;Informática;4;1100;0;4400;Cartão;Não;Sim;4;Não;Não;April;03/04/2025
3312;C0266;69;M;Divorciado;Brasília;Centro-Oeste;6983;1;Loja;Impressora;Informática;3;950;10;2565;Boleto;Sim;Não;5;Não;Não;March;17/03/2025
3313;C0675;42;F;Divorciado;São Paulo;Sudeste;2261;11;App;SSD 1TB;Armazenamento;2;650;5;1235;Cartão;Sim;Sim;5;Não;Não;April;02/04/2025
3314;C0445;69;F;Casado;Belém;Norte;11224;1;Loja;Roteador;Redes;3;480;10;1296;Cartão;Sim;Não;5;Não;Não;October;31/10/2025
3315;C0025;65;M;Divorciado;Recife;Nordeste;17400;8;App;Roteador;Redes;3;480;5;1368;Pix;Sim;Sim;5;Não;Não;January;28/01/2025
3316;C0186;43;M;Solteiro;Rio de Janeiro;Sudeste;21612;15;App;Mouse;Informática;3;120;0;360;Cartão;Não;Não;5;Não;Não;September;27/09/2025
3317;C0231;38;F;Casado;Manaus;Norte;13127;13;Loja;Notebook;Informática;1;4500;0;4500;Pix;Não;Não;3;Não;Não;January;19/01/2025
3318;C0421;65;M;Divorciado;São Paulo;Sudeste;2675;15;Site;Smartphone;Telefonia;4;2800;0;11200;Boleto;Não;Sim;5;Não;Não;August;24/08/2025
3319;C0046;28;F;Divorciado;Brasília;Centro-Oeste;12388;5;App;Mouse;Informática;2;120;0;240;Pix;Não;Sim;1;Sim;Não;February;24/02/2025
3320;C0552;18;F;Solteiro;Manaus;Norte;15394;15;Site;Notebook;Informática;3;4500;20;10800;Cartão;Sim;Sim;3;Não;Não;March;30/03/2025
3321;C0002;46;F;Divorciado;Belém;Norte;6294;0;App;Headset;Informática;1;380;15;323;Cartão;Sim;Não;5;Não;Não;August;09/08/2025
3322;C0098;19;F;Casado;Manaus;Norte;18491;1;Loja;Smartphone;Telefonia;4;2800;20;8960;Boleto;Sim;Não;3;Não;Não;April;02/04/2025
3323;C0035;38;M;Casado;Recife;Nordeste;11243;4;Site;Smartphone;Telefonia;2;2800;10;5040;Boleto;Sim;Sim;5;Não;Não;November;01/11/2025
3324;C0472;57;F;Casado;Brasília;Centro-Oeste;18454;6;App;SSD 1TB;Armazenamento;3;650;15;1657,5;Pix;Sim;Sim;3;Não;Não;May;09/05/2025
3325;C0436;32;F;Solteiro;Curitiba;Sul;3797;8;Site;Cadeira Gamer;Móveis;1;1800;15;1530;Pix;Sim;Não;4;Não;Não;September;17/09/2025
3326;C0481;46;F;Solteiro;Manaus;Norte;7556;13;Loja;Notebook;Informática;1;4500;0;4500;Cartão;Não;Não;5;Não;Não;October;21/10/2025
3327;C0680;48;M;Casado;Recife;Nordeste;14776;0;Site;Headset;Informática;2;380;20;608;Boleto;Sim;Não;5;Não;Não;June;07/06/2025
3328;C0798;34;F;Casado;Belém;Norte;5945;9;Site;Headset;Informática;3;380;15;969;Pix;Sim;Sim;5;Não;Não;September;18/09/2025
3329;C0786;19;F;Solteiro;Recife;Nordeste;1854;15;App;Monitor;Informática;1;1100;10;990;Boleto;Sim;Não;5;Não;Não;May;08/05/2025
3330;C0519;34;F;Divorciado;Recife;Nordeste;12872;1;App;Notebook;Informática;3;4500;10;12150;Boleto;Sim;Não;4;Não;Não;August;12/08/2025
3331;C0390;61;F;Divorciado;Recife;Nordeste;8564;11;Loja;Headset;Informática;1;380;0;380;Cartão;Não;Sim;4;Não;Não;July;31/07/2025
3332;C0336;56;M;Divorciado;Belém;Norte;15960;13;App;Webcam;Informática;4;260;10;936;Pix;Sim;Sim;3;Não;Não;July;25/07/2025
3333;C0760;35;F;Casado;Brasília;Centro-Oeste;11557;11;Loja;Notebook;Informática;3;4500;0;13500;Pix;Não;Sim;5;Não;Sim;September;19/09/2025
3334;C0292;30;F;Divorciado;Belém;Norte;17500;13;Site;Monitor;Informática;3;1100;5;3135;Pix;Sim;Sim;5;Não;Não;February;05/02/2025
3335;C0384;70;M;Casado;Fortaleza;Nordeste;14086;9;Loja;Roteador;Redes;1;480;0;480;Cartão;Não;Sim;5;Não;Não;April;27/04/2025
3336;C0006;32;M;Casado;Recife;Nordeste;14126;2;Site;Webcam;Informática;4;260;20;832;Boleto;Sim;Não;3;Não;Não;November;29/11/2025
3337;C0661;26;M;Casado;Brasília;Centro-Oeste;9184;10;App;Notebook;Informática;2;4500;5;8550;Boleto;Sim;Não;5;Não;Não;June;29/06/2025
3338;C0051;30;M;Casado;Brasília;Centro-Oeste;9465;7;Loja;Webcam;Informática;1;260;5;247;Pix;Sim;Sim;3;Não;Não;October;15/10/2025
3339;C0726;27;M;Divorciado;Fortaleza;Nordeste;9514;12;Loja;Smartwatch;Wearables;3;1600;0;4800;Boleto;Não;Sim;3;Não;Não;November;07/11/2025
3340;C0042;25;F;Solteiro;Manaus;Norte;4756;7;Loja;Notebook;Informática;4;4500;10;16200;Pix;Sim;Sim;4;Não;Não;November;05/11/2025
3341;C0512;60;F;Solteiro;Fortaleza;Nordeste;20945;8;App;Smartwatch;Wearables;3;1600;0;4800;Pix;Não;Sim;3;Não;Não;January;31/01/2025
3342;C0430;56;F;Casado;Manaus;Norte;12655;6;Site;Smartphone;Telefonia;2;2800;0;5600;Cartão;Não;Não;5;Não;Não;July;30/07/2025
3343;C0317;66;F;Solteiro;Recife;Nordeste;3419;9;Loja;Smartwatch;Wearables;3;1600;15;4080;Pix;Sim;Sim;5;Não;Não;February;09/02/2025
3344;C0797;65;F;Casado;Manaus;Norte;6652;0;Loja;Headset;Informática;2;380;10;684;Boleto;Sim;Não;4;Não;Não;June;28/06/2025
3345;C0302;44;F;Casado;Recife;Nordeste;10574;8;Loja;Smartwatch;Wearables;3;1600;0;4800;Pix;Não;Sim;5;Não;Não;December;18/12/2025
3346;C0699;27;F;Solteiro;Brasília;Centro-Oeste;2092;3;Site;Smartwatch;Wearables;3;1600;0;4800;Pix;Não;Sim;5;Não;Não;September;27/09/2025
3347;C0117;34;M;Divorciado;Curitiba;Sul;2019;15;App;Smartphone;Telefonia;4;2800;5;10640;Cartão;Sim;Sim;4;Não;Não;July;22/07/2025
3348;C0233;54;F;Solteiro;Rio de Janeiro;Sudeste;15703;12;App;Roteador;Redes;4;480;0;1920;Cartão;Não;Sim;1;Sim;Não;September;26/09/2025
3349;C0367;26;F;Casado;Belém;Norte;14314;7;Loja;Roteador;Redes;3;480;10;1296;Pix;Sim;Sim;5;Não;Não;August;15/08/2025
3350;C0627;22;M;Divorciado;Belém;Norte;4277;7;App;Webcam;Informática;2;260;5;494;Cartão;Sim;Sim;5;Não;Não;August;02/08/2025
3351;C0507;30;F;Casado;Manaus;Norte;14523;10;App;Notebook;Informática;3;4500;0;13500;Cartão;Não;Sim;4;Não;Não;June;02/06/2025
3352;C0743;68;F;Casado;São Paulo;Sudeste;15290;15;Loja;Smartphone;Telefonia;3;2800;15;7140;Cartão;Sim;Sim;5;Não;Não;July;24/07/2025
3353;C0582;69;F;Casado;Curitiba;Sul;19189;15;Loja;Teclado;Informática;4;220;15;748;Pix;Sim;Sim;2;Sim;Não;February;13/02/2025
3354;C0620;23;F;Divorciado;Recife;Nordeste;17881;13;Loja;Roteador;Redes;4;480;10;1728;Cartão;Sim;Sim;5;Não;Não;May;06/05/2025
3355;C0116;67;F;Solteiro;Fortaleza;Nordeste;21802;13;App;Webcam;Informática;1;260;0;260;Boleto;Não;Sim;1;Sim;Não;December;27/12/2025
3356;C0696;50;M;Casado;Belém;Norte;21295;8;App;Mouse;Informática;3;120;20;288;Boleto;Sim;Sim;4;Não;Não;February;21/02/2025
3357;C0159;34;M;Divorciado;Recife;Nordeste;3628;3;Loja;Mouse;Informática;4;120;20;384;Cartão;Sim;Não;5;Não;Sim;December;02/12/2025
3358;C0512;63;M;Divorciado;Rio de Janeiro;Sudeste;6414;11;Loja;Smartwatch;Wearables;1;1600;0;1600;Boleto;Não;Sim;2;Sim;Não;October;02/10/2025
3359;C0647;39;M;Casado;Curitiba;Sul;11307;15;Loja;Notebook;Informática;1;4500;20;3600;Pix;Sim;Sim;4;Não;Não;August;14/08/2025
3360;C0411;66;F;Solteiro;Manaus;Norte;18738;5;Loja;Smartphone;Telefonia;2;2800;20;4480;Pix;Sim;Sim;3;Não;Não;May;01/05/2025
3361;C0745;63;M;Divorciado;Fortaleza;Nordeste;16384;11;Site;Roteador;Redes;3;480;0;1440;Boleto;Não;Não;5;Não;Não;October;10/10/2025
3362;C0074;22;F;Solteiro;Manaus;Norte;8163;9;Site;Smartphone;Telefonia;2;2800;15;4760;Pix;Sim;Não;5;Não;Não;November;06/11/2025
3363;C0794;68;M;Divorciado;Manaus;Norte;21286;6;App;Headset;Informática;4;380;0;1520;Pix;Não;Sim;3;Não;Não;February;22/02/2025
3364;C0223;31;M;Casado;Curitiba;Sul;11507;7;App;Smartphone;Telefonia;2;2800;10;5040;Boleto;Sim;Não;5;Não;Não;June;15/06/2025
3365;C0771;32;M;Casado;Rio de Janeiro;Sudeste;2849;12;Loja;Cadeira Gamer;Móveis;3;1800;5;5130;Pix;Sim;Sim;5;Não;Não;November;07/11/2025
3366;C0202;56;M;Casado;Manaus;Norte;19118;1;Loja;Notebook;Informática;2;4500;10;8100;Pix;Sim;Não;5;Não;Não;September;16/09/2025
3367;C0523;68;F;Solteiro;Recife;Nordeste;11215;0;Loja;Roteador;Redes;2;480;10;864;Boleto;Sim;Não;4;Não;Não;December;22/12/2025
3368;C0698;50;F;Casado;Recife;Nordeste;16603;8;Site;Monitor;Informática;4;1100;10;3960;Boleto;Sim;Sim;5;Não;Não;January;15/01/2025
3369;C0089;66;F;Divorciado;São Paulo;Sudeste;17764;8;Loja;Smartwatch;Wearables;1;1600;0;1600;Cartão;Não;Sim;5;Não;Não;February;20/02/2025
3370;C0009;70;M;Divorciado;Curitiba;Sul;2441;0;App;Headset;Informática;2;380;10;684;Pix;Sim;Não;4;Não;Não;September;02/09/2025
3371;C0331;23;F;Divorciado;Curitiba;Sul;15069;1;App;Webcam;Informática;2;260;10;468;Cartão;Sim;Não;4;Não;Não;June;02/06/2025
3372;C0065;62;M;Casado;Brasília;Centro-Oeste;6026;5;Loja;Headset;Informática;4;380;0;1520;Boleto;Não;Não;3;Não;Não;May;02/05/2025
3373;C0686;47;M;Solteiro;São Paulo;Sudeste;9220;0;App;Smartwatch;Wearables;2;1600;10;2880;Pix;Sim;Não;5;Não;Não;February;03/02/2025
3374;C0315;22;F;Solteiro;Brasília;Centro-Oeste;17606;12;Site;Monitor;Informática;4;1100;0;4400;Cartão;Não;Sim;1;Sim;Não;February;26/02/2025
3375;C0686;57;M;Divorciado;Fortaleza;Nordeste;14578;7;Loja;Roteador;Redes;4;480;0;1920;Pix;Não;Sim;4;Não;Não;September;18/09/2025
3376;C0214;37;F;Solteiro;Fortaleza;Nordeste;9647;12;App;Notebook;Informática;4;4500;0;18000;Pix;Não;Sim;5;Não;Sim;June;08/06/2025
3377;C0157;57;M;Solteiro;Recife;Nordeste;6470;12;Site;Monitor;Informática;1;1100;5;1045;Pix;Sim;Não;5;Não;Não;October;01/10/2025
3378;C0558;70;F;Divorciado;Rio de Janeiro;Sudeste;4839;0;App;Monitor;Informática;2;1100;10;1980;Cartão;Sim;Não;5;Não;Não;February;15/02/2025
3379;C0719;54;M;Solteiro;Curitiba;Sul;2175;10;App;Smartwatch;Wearables;4;1600;0;6400;Cartão;Não;Sim;4;Não;Não;June;19/06/2025
3380;C0248;69;M;Solteiro;Belém;Norte;9539;0;Site;Webcam;Informática;2;260;10;468;Pix;Sim;Não;5;Não;Não;January;08/01/2025
3381;C0424;31;M;Solteiro;Belém;Norte;9458;11;Loja;Roteador;Redes;4;480;5;1824;Cartão;Sim;Sim;5;Não;Não;January;19/01/2025
3382;C0046;53;F;Casado;Recife;Nordeste;21994;14;Site;Smartwatch;Wearables;3;1600;10;4320;Cartão;Sim;Sim;4;Não;Não;July;01/07/2025
3383;C0713;34;F;Divorciado;Recife;Nordeste;3096;7;Loja;Webcam;Informática;3;260;15;663;Pix;Sim;Sim;4;Não;Não;November;08/11/2025
3384;C0487;25;F;Solteiro;Belém;Norte;21266;4;Site;Mouse;Informática;4;120;0;480;Cartão;Não;Não;3;Não;Não;August;06/08/2025
3385;C0185;23;F;Casado;Manaus;Norte;15500;15;App;Headset;Informática;2;380;10;684;Pix;Sim;Sim;5;Não;Não;February;27/02/2025
3386;C0787;28;M;Divorciado;Manaus;Norte;19893;12;App;Notebook;Informática;3;4500;0;13500;Cartão;Não;Sim;3;Não;Não;October;22/10/2025
3387;C0345;59;M;Solteiro;Rio de Janeiro;Sudeste;11894;14;App;Monitor;Informática;3;1100;0;3300;Boleto;Não;Sim;4;Não;Não;March;31/03/2025
3388;C0010;37;M;Casado;Belém;Norte;21294;7;Site;Webcam;Informática;4;260;15;884;Pix;Sim;Não;4;Não;Não;March;26/03/2025
3389;C0165;41;F;Divorciado;Fortaleza;Nordeste;6648;11;App;SSD 1TB;Armazenamento;1;650;15;552,5;Cartão;Sim;Sim;3;Não;Não;May;02/05/2025
3390;C0779;59;M;Divorciado;Recife;Nordeste;13916;12;App;SSD 1TB;Armazenamento;1;650;5;617,5;Pix;Sim;Não;4;Não;Não;September;08/09/2025
3391;C0739;70;F;Divorciado;São Paulo;Sudeste;13080;15;App;Monitor;Informática;2;1100;5;2090;Boleto;Sim;Não;2;Sim;Não;June;17/06/2025
3392;C0764;29;F;Divorciado;Recife;Nordeste;20642;11;Loja;Roteador;Redes;2;480;5;912;Pix;Sim;Sim;5;Não;Não;July;08/07/2025
3393;C0120;41;M;Casado;Rio de Janeiro;Sudeste;9496;10;App;SSD 1TB;Armazenamento;3;650;0;1950;Boleto;Não;Sim;4;Não;Não;August;13/08/2025
3394;C0247;50;F;Solteiro;Curitiba;Sul;10612;1;Loja;Webcam;Informática;1;260;15;221;Boleto;Sim;Não;2;Sim;Não;April;19/04/2025
3395;C0301;45;M;Divorciado;Rio de Janeiro;Sudeste;5551;10;Loja;Impressora;Informática;3;950;10;2565;Pix;Sim;Sim;5;Não;Não;January;10/01/2025
3396;C0476;50;M;Divorciado;Rio de Janeiro;Sudeste;10959;4;Loja;Teclado;Informática;4;220;0;880;Boleto;Não;Não;5;Não;Não;April;26/04/2025
3397;C0363;50;F;Casado;Recife;Nordeste;20886;14;App;Cadeira Gamer;Móveis;3;1800;0;5400;Boleto;Não;Sim;4;Não;Não;September;06/09/2025
3398;C0330;49;M;Solteiro;Rio de Janeiro;Sudeste;13591;3;App;Roteador;Redes;3;480;15;1224;Boleto;Sim;Sim;5;Não;Não;July;30/07/2025
3399;C0435;27;F;Divorciado;Manaus;Norte;5927;3;Site;Smartphone;Telefonia;3;2800;15;7140;Cartão;Sim;Sim;4;Não;Não;March;14/03/2025
3400;C0673;39;F;Divorciado;Fortaleza;Nordeste;4397;1;Loja;Teclado;Informática;1;220;20;176;Pix;Sim;Não;4;Não;Não;February;16/02/2025
3401;C0775;19;F;Divorciado;Brasília;Centro-Oeste;19210;11;Loja;SSD 1TB;Armazenamento;2;650;20;1040;Cartão;Sim;Não;4;Não;Não;July;18/07/2025
3402;C0181;19;F;Casado;Belém;Norte;11691;8;App;Notebook;Informática;2;4500;0;9000;Boleto;Não;Não;2;Sim;Não;July;18/07/2025
3403;C0129;41;F;Casado;Rio de Janeiro;Sudeste;9785;6;Loja;Notebook;Informática;3;4500;0;13500;Boleto;Não;Sim;4;Não;Não;October;08/10/2025
3404;C0620;28;F;Solteiro;Curitiba;Sul;7499;12;App;Impressora;Informática;1;950;10;855;Cartão;Sim;Sim;3;Não;Não;January;27/01/2025
3405;C0767;54;F;Solteiro;São Paulo;Sudeste;14458;3;App;Monitor;Informática;3;1100;10;2970;Cartão;Sim;Sim;5;Não;Não;March;13/03/2025
3406;C0421;23;M;Divorciado;Recife;Nordeste;2531;1;Loja;Headset;Informática;1;380;10;342;Cartão;Sim;Não;3;Não;Não;September;13/09/2025
3407;C0110;62;F;Casado;Recife;Nordeste;18220;15;Loja;Cadeira Gamer;Móveis;3;1800;10;4860;Pix;Sim;Sim;4;Não;Não;June;03/06/2025
3408;C0001;56;M;Solteiro;Fortaleza;Nordeste;16384;9;App;Smartphone;Telefonia;1;2800;5;2660;Cartão;Sim;Não;5;Não;Não;October;29/10/2025
3409;C0485;20;M;Solteiro;Curitiba;Sul;5330;15;App;Roteador;Redes;4;480;5;1824;Boleto;Sim;Não;4;Não;Não;March;31/03/2025
3410;C0311;33;F;Divorciado;Brasília;Centro-Oeste;17979;7;Loja;Mouse;Informática;1;120;10;108;Pix;Sim;Sim;5;Não;Não;February;04/02/2025
3411;C0590;22;M;Divorciado;Curitiba;Sul;18090;12;Site;Notebook;Informática;1;4500;10;4050;Pix;Sim;Sim;3;Não;Não;September;30/09/2025
3412;C0374;55;M;Solteiro;Curitiba;Sul;7201;14;Loja;Impressora;Informática;4;950;0;3800;Cartão;Não;Sim;5;Não;Não;May;21/05/2025
3413;C0151;31;F;Casado;São Paulo;Sudeste;5409;11;App;Monitor;Informática;1;1100;15;935;Boleto;Sim;Sim;3;Não;Não;April;18/04/2025
3414;C0390;41;F;Casado;Rio de Janeiro;Sudeste;5556;10;Loja;Headset;Informática;1;380;0;380;Boleto;Não;Não;5;Não;Não;January;28/01/2025
3415;C0172;21;F;Divorciado;Manaus;Norte;11039;11;Loja;Smartphone;Telefonia;1;2800;0;2800;Pix;Não;Sim;4;Não;Não;December;28/12/2025
3416;C0044;61;F;Casado;Recife;Nordeste;6588;3;Loja;Webcam;Informática;4;260;0;1040;Boleto;Não;Não;4;Não;Não;June;07/06/2025
3417;C0045;18;M;Solteiro;São Paulo;Sudeste;5243;8;Site;SSD 1TB;Armazenamento;4;650;15;2210;Cartão;Sim;Não;3;Não;Não;November;17/11/2025
3418;C0796;48;M;Solteiro;Rio de Janeiro;Sudeste;14945;11;Site;Monitor;Informática;4;1100;0;4400;Boleto;Não;Não;5;Não;Não;December;20/12/2025
3419;C0690;41;M;Divorciado;Manaus;Norte;9566;5;Site;Mouse;Informática;2;120;5;228;Pix;Sim;Sim;4;Não;Não;April;24/04/2025
3420;C0674;56;M;Solteiro;Brasília;Centro-Oeste;19520;12;Site;Impressora;Informática;1;950;5;902,5;Cartão;Sim;Não;3;Não;Não;September;01/09/2025
3421;C0051;68;F;Casado;Brasília;Centro-Oeste;16818;11;App;Webcam;Informática;4;260;5;988;Boleto;Sim;Não;5;Não;Não;August;05/08/2025
3422;C0350;69;F;Solteiro;Brasília;Centro-Oeste;2834;8;App;Monitor;Informática;1;1100;0;1100;Cartão;Não;Sim;4;Não;Não;July;31/07/2025
3423;C0124;47;F;Solteiro;São Paulo;Sudeste;20356;13;Loja;SSD 1TB;Armazenamento;1;650;5;617,5;Cartão;Sim;Sim;5;Não;Não;August;16/08/2025
3424;C0453;66;F;Divorciado;Fortaleza;Nordeste;18084;15;Site;Monitor;Informática;1;1100;15;935;Pix;Sim;Sim;5;Não;Não;February;02/02/2025
3425;C0367;54;M;Solteiro;Belém;Norte;5608;5;App;Mouse;Informática;2;120;15;204;Pix;Sim;Sim;3;Não;Não;May;15/05/2025
3426;C0238;53;M;Divorciado;São Paulo;Sudeste;4446;10;Site;Smartwatch;Wearables;2;1600;10;2880;Cartão;Sim;Sim;2;Sim;Não;January;22/01/2025
3427;C0611;69;F;Solteiro;Belém;Norte;17216;3;Site;Mouse;Informática;4;120;0;480;Pix;Não;Não;4;Não;Não;April;25/04/2025
3428;C0522;45;F;Casado;Recife;Nordeste;10494;0;Loja;Teclado;Informática;1;220;10;198;Pix;Sim;Não;5;Não;Não;April;01/04/2025
3429;C0654;66;F;Solteiro;São Paulo;Sudeste;17590;11;App;Monitor;Informática;4;1100;5;4180;Pix;Sim;Não;4;Não;Não;July;20/07/2025
3430;C0546;54;F;Divorciado;Fortaleza;Nordeste;4628;12;Site;Webcam;Informática;4;260;10;936;Pix;Sim;Não;2;Sim;Não;June;15/06/2025
3431;C0260;39;F;Divorciado;Recife;Nordeste;11611;7;Site;Mouse;Informática;3;120;10;324;Pix;Sim;Não;3;Não;Não;January;29/01/2025
3432;C0012;67;F;Casado;Brasília;Centro-Oeste;5709;4;Site;Impressora;Informática;4;950;5;3610;Boleto;Sim;Sim;5;Não;Não;December;22/12/2025
3433;C0270;26;M;Solteiro;Recife;Nordeste;2977;3;Loja;Cadeira Gamer;Móveis;1;1800;0;1800;Cartão;Não;Não;4;Não;Não;February;11/02/2025
3434;C0383;63;M;Divorciado;Fortaleza;Nordeste;8719;5;Site;Impressora;Informática;2;950;10;1710;Boleto;Sim;Sim;5;Não;Não;February;25/02/2025
3435;C0354;29;M;Divorciado;Brasília;Centro-Oeste;5418;5;Site;Mouse;Informática;2;120;0;240;Boleto;Não;Sim;5;Não;Não;January;28/01/2025
3436;C0314;53;F;Solteiro;Rio de Janeiro;Sudeste;18885;5;Site;Webcam;Informática;4;260;0;1040;Pix;Não;Sim;5;Não;Não;February;03/02/2025
3437;C0638;69;F;Solteiro;Manaus;Norte;17051;1;App;Mouse;Informática;1;120;10;108;Cartão;Sim;Não;3;Não;Não;May;21/05/2025
3438;C0778;61;M;Divorciado;Recife;Nordeste;17923;7;Site;Roteador;Redes;3;480;0;1440;Pix;Não;Sim;5;Não;Não;August;15/08/2025
3439;C0213;26;M;Solteiro;Rio de Janeiro;Sudeste;15379;5;Site;Cadeira Gamer;Móveis;1;1800;10;1620;Boleto;Sim;Sim;3;Não;Não;August;30/08/2025
3440;C0740;59;M;Solteiro;São Paulo;Sudeste;15933;15;Site;Monitor;Informática;2;1100;5;2090;Cartão;Sim;Sim;5;Não;Não;May;05/05/2025
3441;C0468;24;F;Solteiro;Brasília;Centro-Oeste;12152;5;App;Monitor;Informática;4;1100;5;4180;Pix;Sim;Sim;5;Não;Não;November;10/11/2025
3442;C0138;59;F;Divorciado;Fortaleza;Nordeste;9479;2;App;Mouse;Informática;3;120;10;324;Cartão;Sim;Não;3;Não;Não;September;04/09/2025
3443;C0255;51;F;Solteiro;Fortaleza;Nordeste;19062;12;Site;Webcam;Informática;4;260;5;988;Cartão;Sim;Não;5;Não;Não;August;15/08/2025
3444;C0202;31;F;Solteiro;Belém;Norte;6359;5;Site;Mouse;Informática;2;120;5;228;Pix;Sim;Não;3;Não;Não;June;22/06/2025
3445;C0203;40;F;Casado;São Paulo;Sudeste;21078;15;Loja;SSD 1TB;Armazenamento;4;650;0;2600;Pix;Não;Sim;2;Sim;Não;July;26/07/2025
3446;C0130;47;M;Solteiro;Fortaleza;Nordeste;14157;0;Loja;Mouse;Informática;4;120;10;432;Boleto;Sim;Não;4;Não;Não;December;20/12/2025
3447;C0435;26;F;Casado;Recife;Nordeste;16300;7;App;Smartwatch;Wearables;1;1600;10;1440;Pix;Sim;Não;4;Não;Não;August;16/08/2025
3448;C0710;58;F;Solteiro;Brasília;Centro-Oeste;13745;1;Site;Mouse;Informática;1;120;10;108;Cartão;Sim;Não;4;Não;Não;July;12/07/2025
3449;C0215;31;M;Casado;Fortaleza;Nordeste;16554;13;App;Teclado;Informática;3;220;10;594;Pix;Sim;Sim;2;Sim;Não;January;26/01/2025
3450;C0421;42;F;Casado;Fortaleza;Nordeste;2350;0;App;Smartphone;Telefonia;3;2800;10;7560;Pix;Sim;Não;5;Não;Não;March;24/03/2025
3451;C0554;29;F;Solteiro;Recife;Nordeste;17501;6;App;Monitor;Informática;3;1100;10;2970;Boleto;Sim;Sim;4;Não;Não;November;24/11/2025
3452;C0655;48;F;Solteiro;Curitiba;Sul;2506;8;Site;Smartphone;Telefonia;2;2800;5;5320;Boleto;Sim;Sim;4;Não;Não;May;29/05/2025
3453;C0116;24;M;Casado;São Paulo;Sudeste;17623;13;Site;Smartphone;Telefonia;3;2800;5;7980;Cartão;Sim;Não;5;Não;Não;March;03/03/2025
3454;C0290;35;F;Casado;Brasília;Centro-Oeste;19052;1;App;Webcam;Informática;4;260;10;936;Cartão;Sim;Não;3;Não;Não;April;24/04/2025
3455;C0765;51;F;Casado;Brasília;Centro-Oeste;2317;0;App;Monitor;Informática;2;1100;15;1870;Boleto;Sim;Não;5;Não;Não;April;23/04/2025
3456;C0342;64;F;Casado;Brasília;Centro-Oeste;14703;9;Loja;Headset;Informática;4;380;5;1444;Pix;Sim;Sim;5;Não;Não;November;30/11/2025
3457;C0256;66;M;Casado;Belém;Norte;16196;14;Loja;SSD 1TB;Armazenamento;3;650;0;1950;Boleto;Não;Sim;4;Não;Não;November;14/11/2025
3458;C0506;25;F;Solteiro;São Paulo;Sudeste;7535;1;Loja;SSD 1TB;Armazenamento;4;650;10;2340;Cartão;Sim;Não;5;Não;Não;May;10/05/2025
3459;C0593;28;F;Casado;Brasília;Centro-Oeste;12994;0;Site;Smartwatch;Wearables;2;1600;10;2880;Boleto;Sim;Não;5;Não;Não;September;27/09/2025
3460;C0714;21;M;Divorciado;Rio de Janeiro;Sudeste;21869;0;App;Headset;Informática;1;380;10;342;Boleto;Sim;Não;4;Não;Não;April;02/04/2025
3461;C0636;70;M;Solteiro;Recife;Nordeste;13608;0;App;Webcam;Informática;2;260;10;468;Cartão;Sim;Não;5;Não;Não;May;02/05/2025
3462;C0605;46;M;Casado;São Paulo;Sudeste;21110;9;Site;SSD 1TB;Armazenamento;4;650;5;2470;Pix;Sim;Não;3;Não;Não;March;05/03/2025
3463;C0658;67;F;Solteiro;Belém;Norte;9339;6;Loja;Headset;Informática;3;380;0;1140;Pix;Não;Não;4;Não;Não;July;07/07/2025
3464;C0551;32;M;Divorciado;Brasília;Centro-Oeste;4693;0;Loja;Teclado;Informática;1;220;15;187;Boleto;Sim;Não;5;Não;Não;July;04/07/2025
3465;C0087;53;M;Divorciado;Belém;Norte;8683;3;Site;Notebook;Informática;3;4500;15;11475;Cartão;Sim;Não;5;Não;Não;August;15/08/2025
3466;C0273;70;M;Solteiro;Curitiba;Sul;8859;1;App;Webcam;Informática;3;260;10;702;Cartão;Sim;Não;5;Não;Não;April;07/04/2025
3467;C0131;56;F;Casado;Curitiba;Sul;18656;6;Site;Smartwatch;Wearables;4;1600;0;6400;Boleto;Não;Sim;4;Não;Não;April;12/04/2025
3468;C0177;62;F;Divorciado;Rio de Janeiro;Sudeste;3592;14;Loja;Webcam;Informática;4;260;0;1040;Cartão;Não;Não;5;Não;Não;December;15/12/2025
3469;C0113;50;M;Casado;Belém;Norte;13618;10;Site;Smartwatch;Wearables;1;1600;0;1600;Boleto;Não;Sim;3;Não;Não;September;20/09/2025
3470;C0485;58;M;Divorciado;Recife;Nordeste;20111;1;Site;Impressora;Informática;4;950;10;3420;Cartão;Sim;Não;4;Não;Não;August;31/08/2025
3471;C0241;52;M;Solteiro;Fortaleza;Nordeste;15604;12;Site;Impressora;Informática;1;950;10;855;Pix;Sim;Sim;4;Não;Não;September;08/09/2025
3472;C0024;33;M;Divorciado;Fortaleza;Nordeste;20958;1;Site;Webcam;Informática;2;260;10;468;Boleto;Sim;Não;5;Não;Não;April;30/04/2025
3473;C0530;54;M;Divorciado;Rio de Janeiro;Sudeste;3934;5;App;Smartphone;Telefonia;4;2800;0;11200;Pix;Não;Sim;5;Não;Sim;June;21/06/2025
3474;C0588;45;F;Casado;Brasília;Centro-Oeste;20810;5;Loja;SSD 1TB;Armazenamento;1;650;5;617,5;Boleto;Sim;Sim;4;Não;Não;August;22/08/2025
3475;C0222;21;M;Divorciado;Fortaleza;Nordeste;7958;10;Loja;Webcam;Informática;1;260;0;260;Pix;Não;Sim;2;Sim;Não;November;03/11/2025
3476;C0557;24;M;Divorciado;Belém;Norte;8782;7;App;Notebook;Informática;1;4500;5;4275;Boleto;Sim;Não;5;Não;Não;March;25/03/2025
3477;C0264;29;M;Casado;Fortaleza;Nordeste;3740;3;Loja;Monitor;Informática;2;1100;5;2090;Boleto;Sim;Sim;5;Não;Não;November;15/11/2025
3478;C0027;29;M;Divorciado;Curitiba;Sul;17752;0;App;Roteador;Redes;3;480;10;1296;Cartão;Sim;Não;5;Não;Não;August;01/08/2025
3479;C0272;37;F;Casado;Curitiba;Sul;3266;15;Site;Notebook;Informática;1;4500;10;4050;Pix;Sim;Sim;3;Não;Não;May;18/05/2025
3480;C0540;64;F;Solteiro;Brasília;Centro-Oeste;3156;9;App;Webcam;Informática;3;260;10;702;Pix;Sim;Sim;5;Não;Não;August;21/08/2025
3481;C0398;64;F;Solteiro;Rio de Janeiro;Sudeste;8218;15;App;Teclado;Informática;1;220;5;209;Pix;Sim;Sim;3;Não;Não;May;10/05/2025
3482;C0315;59;M;Divorciado;Fortaleza;Nordeste;17809;6;Site;Smartphone;Telefonia;1;2800;15;2380;Cartão;Sim;Sim;4;Não;Não;December;09/12/2025
3483;C0424;21;M;Divorciado;Belém;Norte;11615;15;Loja;Roteador;Redes;3;480;10;1296;Boleto;Sim;Não;3;Não;Não;April;24/04/2025
3484;C0030;62;F;Divorciado;Belém;Norte;7082;7;Loja;Monitor;Informática;2;1100;10;1980;Pix;Sim;Não;5;Não;Não;November;08/11/2025
3485;C0313;63;M;Solteiro;Recife;Nordeste;14480;14;Site;Roteador;Redes;1;480;0;480;Boleto;Não;Sim;1;Sim;Não;January;22/01/2025
3486;C0785;46;F;Casado;São Paulo;Sudeste;18138;9;App;SSD 1TB;Armazenamento;1;650;5;617,5;Cartão;Sim;Sim;5;Não;Não;May;21/05/2025
3487;C0239;37;M;Casado;São Paulo;Sudeste;5617;4;Site;Smartphone;Telefonia;1;2800;0;2800;Pix;Não;Sim;4;Não;Não;June;01/06/2025
3488;C0761;63;M;Casado;Manaus;Norte;20045;6;Loja;Headset;Informática;2;380;0;760;Boleto;Não;Sim;4;Não;Não;September;22/09/2025
3489;C0673;35;M;Divorciado;Manaus;Norte;10045;10;Site;Notebook;Informática;1;4500;15;3825;Cartão;Sim;Sim;4;Não;Não;February;16/02/2025
3490;C0117;33;F;Divorciado;Brasília;Centro-Oeste;4913;13;App;Teclado;Informática;3;220;10;594;Boleto;Sim;Sim;4;Não;Não;March;15/03/2025
3491;C0371;40;F;Casado;Manaus;Norte;16204;1;Loja;Notebook;Informática;2;4500;10;8100;Boleto;Sim;Não;5;Não;Não;June;23/06/2025
3492;C0781;63;M;Divorciado;São Paulo;Sudeste;2370;12;Site;Smartphone;Telefonia;2;2800;0;5600;Cartão;Não;Sim;4;Não;Não;October;03/10/2025
3493;C0562;19;F;Solteiro;São Paulo;Sudeste;11451;6;Loja;Smartwatch;Wearables;1;1600;0;1600;Pix;Não;Não;4;Não;Não;April;03/04/2025
3494;C0281;70;F;Casado;Recife;Nordeste;11812;11;App;Notebook;Informática;3;4500;10;12150;Cartão;Sim;Sim;4;Não;Não;March;19/03/2025
3495;C0479;66;M;Solteiro;Brasília;Centro-Oeste;8751;10;Site;Teclado;Informática;3;220;0;660;Boleto;Não;Sim;3;Não;Não;February;03/02/2025
3496;C0613;45;M;Casado;Recife;Nordeste;5651;3;Site;Mouse;Informática;1;120;10;108;Cartão;Sim;Sim;3;Não;Não;January;09/01/2025
3497;C0712;45;M;Casado;Belém;Norte;4406;6;Site;Impressora;Informática;1;950;20;760;Pix;Sim;Sim;2;Sim;Não;November;04/11/2025
3498;C0791;52;F;Solteiro;São Paulo;Sudeste;18735;8;App;Smartphone;Telefonia;1;2800;5;2660;Boleto;Sim;Sim;3;Não;Não;August;29/08/2025
3499;C0083;60;M;Divorciado;Manaus;Norte;1917;8;Site;Headset;Informática;3;380;0;1140;Pix;Não;Sim;3;Não;Não;August;31/08/2025
3500;C0706;26;F;Solteiro;Fortaleza;Nordeste;13065;7;Loja;SSD 1TB;Armazenamento;4;650;0;2600;Pix;Não;Não;4;Não;Não;February;14/02/2025
3501;C0019;33;M;Casado;Fortaleza;Nordeste;21799;4;Loja;Notebook;Informática;1;4500;20;3600;Cartão;Sim;Sim;1;Sim;Não;September;02/09/2025
3502;C0756;30;F;Casado;Brasília;Centro-Oeste;16828;6;App;Webcam;Informática;2;260;10;468;Pix;Sim;Sim;4;Não;Não;October;11/10/2025
3503;C0518;46;F;Solteiro;Recife;Nordeste;3299;13;App;Roteador;Redes;2;480;0;960;Boleto;Não;Sim;5;Não;Não;July;09/07/2025
3504;C0003;35;F;Solteiro;Rio de Janeiro;Sudeste;2993;0;App;Webcam;Informática;2;260;10;468;Pix;Sim;Não;5;Não;Não;October;20/10/2025
3505;C0333;57;F;Casado;Fortaleza;Nordeste;9362;8;Loja;Monitor;Informática;4;1100;0;4400;Pix;Não;Não;3;Não;Não;September;24/09/2025
3506;C0018;31;F;Divorciado;Curitiba;Sul;9478;2;App;Monitor;Informática;2;1100;0;2200;Pix;Não;Não;4;Não;Não;October;05/10/2025
3507;C0566;22;M;Solteiro;Brasília;Centro-Oeste;6197;9;Loja;Monitor;Informática;3;1100;0;3300;Boleto;Não;Sim;3;Não;Não;July;11/07/2025
3508;C0584;27;M;Divorciado;Rio de Janeiro;Sudeste;1970;2;Site;Webcam;Informática;2;260;0;520;Cartão;Não;Não;1;Sim;Não;September;25/09/2025
3509;C0657;47;F;Divorciado;Brasília;Centro-Oeste;20169;15;App;Mouse;Informática;2;120;0;240;Boleto;Não;Sim;3;Não;Não;April;01/04/2025
3510;C0008;63;F;Divorciado;Rio de Janeiro;Sudeste;6655;0;Loja;SSD 1TB;Armazenamento;4;650;20;2080;Cartão;Sim;Não;2;Sim;Não;October;26/10/2025
3511;C0741;50;M;Solteiro;Curitiba;Sul;2122;4;Loja;Mouse;Informática;1;120;5;114;Cartão;Sim;Sim;5;Não;Não;August;18/08/2025
3512;C0240;42;M;Divorciado;Manaus;Norte;17170;1;Site;Smartphone;Telefonia;1;2800;10;2520;Cartão;Sim;Não;4;Não;Não;January;09/01/2025
3513;C0721;31;F;Divorciado;Belém;Norte;15277;12;Site;Smartphone;Telefonia;2;2800;10;5040;Cartão;Sim;Sim;2;Sim;Não;September;28/09/2025
3514;C0105;61;F;Solteiro;São Paulo;Sudeste;4798;5;Loja;Smartwatch;Wearables;4;1600;0;6400;Pix;Não;Não;5;Não;Não;November;19/11/2025
3515;C0076;33;F;Divorciado;Manaus;Norte;8320;4;Site;Smartphone;Telefonia;3;2800;5;7980;Boleto;Sim;Sim;3;Não;Não;February;02/02/2025
3516;C0618;23;M;Solteiro;Rio de Janeiro;Sudeste;7403;15;App;Headset;Informática;1;380;0;380;Cartão;Não;Sim;4;Não;Não;July;05/07/2025
3517;C0447;65;M;Solteiro;Rio de Janeiro;Sudeste;21271;3;App;Smartwatch;Wearables;2;1600;0;3200;Cartão;Não;Sim;3;Não;Não;September;14/09/2025
3518;C0016;53;F;Solteiro;São Paulo;Sudeste;7426;10;App;Smartphone;Telefonia;2;2800;0;5600;Cartão;Não;Sim;5;Não;Não;August;08/08/2025
3519;C0739;20;F;Divorciado;Brasília;Centro-Oeste;10345;14;App;Smartphone;Telefonia;1;2800;15;2380;Boleto;Sim;Sim;5;Não;Não;November;04/11/2025
3520;C0037;59;F;Solteiro;Belém;Norte;14898;3;Loja;Cadeira Gamer;Móveis;2;1800;5;3420;Cartão;Sim;Sim;3;Não;Não;May;29/05/2025
3521;C0354;36;M;Solteiro;Brasília;Centro-Oeste;6540;2;Loja;Mouse;Informática;3;120;5;342;Pix;Sim;Não;4;Não;Não;December;07/12/2025
3522;C0449;45;F;Divorciado;Brasília;Centro-Oeste;12939;8;Site;Monitor;Informática;2;1100;10;1980;Pix;Sim;Não;1;Sim;Não;August;11/08/2025
3523;C0217;31;F;Divorciado;Curitiba;Sul;21586;12;Site;Roteador;Redes;3;480;15;1224;Cartão;Sim;Sim;5;Não;Não;August;18/08/2025
3524;C0740;53;F;Divorciado;São Paulo;Sudeste;3539;11;Site;SSD 1TB;Armazenamento;3;650;5;1852,5;Boleto;Sim;Não;4;Não;Não;July;23/07/2025
3525;C0423;22;M;Solteiro;Recife;Nordeste;10771;0;App;Smartphone;Telefonia;4;2800;10;10080;Pix;Sim;Não;4;Não;Não;February;27/02/2025
3526;C0592;19;M;Solteiro;Brasília;Centro-Oeste;13067;7;App;Impressora;Informática;3;950;0;2850;Cartão;Não;Sim;5;Não;Não;October;28/10/2025
3527;C0291;24;F;Solteiro;Recife;Nordeste;9653;11;Loja;Teclado;Informática;2;220;5;418;Boleto;Sim;Sim;3;Não;Não;December;29/12/2025
3528;C0361;49;M;Divorciado;Recife;Nordeste;2063;11;App;Smartwatch;Wearables;2;1600;10;2880;Boleto;Sim;Sim;2;Sim;Não;April;15/04/2025
3529;C0126;59;F;Divorciado;Belém;Norte;10929;14;Site;Mouse;Informática;1;120;15;102;Cartão;Sim;Sim;5;Não;Não;January;23/01/2025
3530;C0765;65;F;Solteiro;Belém;Norte;6374;2;App;Teclado;Informática;4;220;15;748;Cartão;Sim;Não;5;Não;Não;December;23/12/2025
3531;C0334;41;F;Casado;Belém;Norte;7185;13;Loja;SSD 1TB;Armazenamento;2;650;0;1300;Cartão;Não;Não;5;Não;Não;September;23/09/2025
3532;C0518;50;F;Casado;São Paulo;Sudeste;12597;3;Loja;SSD 1TB;Armazenamento;2;650;0;1300;Boleto;Não;Não;5;Não;Não;October;14/10/2025
3533;C0126;51;F;Casado;Manaus;Norte;5603;14;App;Smartphone;Telefonia;3;2800;15;7140;Cartão;Sim;Não;5;Não;Não;August;24/08/2025
3534;C0189;57;F;Divorciado;Brasília;Centro-Oeste;14205;5;Site;Smartphone;Telefonia;2;2800;0;5600;Pix;Não;Sim;4;Não;Não;August;22/08/2025
3535;C0459;45;M;Casado;Curitiba;Sul;16479;14;App;Roteador;Redes;4;480;15;1632;Boleto;Sim;Não;4;Não;Não;January;28/01/2025
3536;C0010;18;F;Solteiro;São Paulo;Sudeste;12040;13;App;Smartwatch;Wearables;1;1600;0;1600;Boleto;Não;Sim;4;Não;Não;July;09/07/2025
3537;C0172;53;M;Casado;Belém;Norte;9117;5;App;Webcam;Informática;4;260;5;988;Pix;Sim;Sim;3;Não;Não;November;24/11/2025
3538;C0281;24;M;Casado;Belém;Norte;9167;9;App;Impressora;Informática;4;950;5;3610;Cartão;Sim;Sim;4;Não;Não;November;11/11/2025
3539;C0098;64;M;Divorciado;São Paulo;Sudeste;9467;1;Loja;Monitor;Informática;2;1100;15;1870;Boleto;Sim;Não;3;Não;Não;December;07/12/2025
3540;C0733;42;M;Divorciado;São Paulo;Sudeste;17989;6;Site;Smartphone;Telefonia;2;2800;5;5320;Cartão;Sim;Sim;5;Não;Não;July;16/07/2025
3541;C0454;22;F;Casado;São Paulo;Sudeste;21619;15;Loja;SSD 1TB;Armazenamento;2;650;5;1235;Boleto;Sim;Sim;5;Não;Não;April;13/04/2025
3542;C0478;63;M;Solteiro;São Paulo;Sudeste;14056;6;App;SSD 1TB;Armazenamento;3;650;5;1852,5;Pix;Sim;Sim;5;Não;Não;March;26/03/2025
3543;C0507;55;F;Divorciado;Curitiba;Sul;12813;11;App;Monitor;Informática;2;1100;0;2200;Cartão;Não;Sim;4;Não;Não;May;25/05/2025
3544;C0329;66;F;Solteiro;Recife;Nordeste;16105;7;Site;Smartwatch;Wearables;4;1600;0;6400;Cartão;Não;Não;4;Não;Não;July;22/07/2025
3545;C0090;61;F;Casado;Rio de Janeiro;Sudeste;21918;1;App;Smartwatch;Wearables;3;1600;10;4320;Pix;Sim;Não;4;Não;Não;March;02/03/2025
3546;C0720;50;M;Casado;Curitiba;Sul;9396;2;App;Smartwatch;Wearables;4;1600;0;6400;Boleto;Não;Não;4;Não;Não;January;25/01/2025
3547;C0483;68;F;Casado;Brasília;Centro-Oeste;19470;1;App;Roteador;Redes;1;480;10;432;Cartão;Sim;Não;5;Não;Não;July;24/07/2025
3548;C0240;30;M;Solteiro;Rio de Janeiro;Sudeste;2825;5;Loja;Smartphone;Telefonia;4;2800;0;11200;Cartão;Não;Sim;4;Não;Não;September;06/09/2025
3549;C0205;67;F;Solteiro;Recife;Nordeste;21063;12;App;Impressora;Informática;3;950;0;2850;Cartão;Não;Sim;2;Sim;Não;October;23/10/2025
3550;C0421;68;M;Divorciado;Curitiba;Sul;12137;8;App;Cadeira Gamer;Móveis;1;1800;10;1620;Cartão;Sim;Sim;5;Não;Não;September;22/09/2025
3551;C0695;54;F;Solteiro;Belém;Norte;10638;3;Site;Smartwatch;Wearables;4;1600;0;6400;Pix;Não;Sim;4;Não;Não;September;09/09/2025
3552;C0019;68;M;Divorciado;Fortaleza;Nordeste;16200;1;App;SSD 1TB;Armazenamento;3;650;10;1755;Pix;Sim;Não;5;Não;Não;May;22/05/2025
3553;C0432;63;F;Solteiro;Curitiba;Sul;11231;5;App;Smartphone;Telefonia;4;2800;0;11200;Cartão;Não;Sim;5;Não;Não;July;30/07/2025
3554;C0456;32;M;Divorciado;Recife;Nordeste;19779;3;Loja;Roteador;Redes;1;480;0;480;Pix;Não;Não;2;Sim;Não;August;07/08/2025
3555;C0350;54;M;Casado;São Paulo;Sudeste;13730;8;Loja;SSD 1TB;Armazenamento;4;650;15;2210;Cartão;Sim;Sim;4;Não;Não;March;06/03/2025
3556;C0729;52;F;Solteiro;Recife;Nordeste;8095;0;Loja;Cadeira Gamer;Móveis;4;1800;10;6480;Pix;Sim;Não;2;Sim;Não;February;24/02/2025
3557;C0189;24;F;Divorciado;Belém;Norte;19706;6;Loja;Impressora;Informática;1;950;0;950;Boleto;Não;Não;4;Não;Não;January;23/01/2025
3558;C0085;34;F;Solteiro;Curitiba;Sul;15563;12;Site;Roteador;Redes;3;480;10;1296;Boleto;Sim;Não;5;Não;Não;April;27/04/2025
3559;C0347;52;M;Solteiro;São Paulo;Sudeste;3746;8;Loja;Smartwatch;Wearables;1;1600;15;1360;Cartão;Sim;Sim;5;Não;Não;November;14/11/2025
3560;C0556;27;F;Solteiro;Rio de Janeiro;Sudeste;12875;7;Loja;Teclado;Informática;1;220;0;220;Cartão;Não;Sim;3;Não;Não;November;05/11/2025
3561;C0548;59;M;Divorciado;Fortaleza;Nordeste;7030;12;App;Smartphone;Telefonia;4;2800;0;11200;Pix;Não;Não;4;Não;Sim;December;06/12/2025
3562;C0416;44;M;Divorciado;Manaus;Norte;17717;0;Site;Mouse;Informática;2;120;10;216;Cartão;Sim;Não;5;Não;Não;May;30/05/2025
3563;C0440;50;F;Solteiro;São Paulo;Sudeste;18025;3;App;Smartwatch;Wearables;4;1600;5;6080;Cartão;Sim;Sim;3;Não;Não;January;17/01/2025
3564;C0667;66;F;Solteiro;Recife;Nordeste;8822;0;Site;Impressora;Informática;2;950;15;1615;Boleto;Sim;Não;4;Não;Não;May;10/05/2025
3565;C0640;68;F;Divorciado;Curitiba;Sul;12572;3;Loja;Cadeira Gamer;Móveis;4;1800;0;7200;Boleto;Não;Sim;5;Não;Não;November;14/11/2025
3566;C0259;36;M;Casado;Belém;Norte;3230;11;Loja;Smartphone;Telefonia;2;2800;10;5040;Pix;Sim;Sim;4;Não;Não;November;22/11/2025
3567;C0362;66;F;Casado;Fortaleza;Nordeste;2963;11;Site;Smartphone;Telefonia;4;2800;15;9520;Pix;Sim;Sim;5;Não;Não;February;15/02/2025
3568;C0765;33;F;Solteiro;Belém;Norte;16741;6;App;Roteador;Redes;1;480;0;480;Pix;Não;Sim;4;Não;Não;August;07/08/2025
3569;C0081;32;F;Casado;Rio de Janeiro;Sudeste;21757;4;Loja;Headset;Informática;3;380;10;1026;Cartão;Sim;Sim;5;Não;Não;April;01/04/2025
3570;C0430;67;F;Casado;Fortaleza;Nordeste;7112;15;Site;Smartwatch;Wearables;3;1600;15;4080;Cartão;Sim;Sim;5;Não;Não;February;22/02/2025
3571;C0489;32;M;Divorciado;Brasília;Centro-Oeste;14568;6;App;Notebook;Informática;4;4500;0;18000;Cartão;Não;Não;5;Não;Não;August;25/08/2025
3572;C0049;62;M;Divorciado;Belém;Norte;4381;15;App;Impressora;Informática;4;950;15;3230;Boleto;Sim;Sim;5;Não;Não;August;30/08/2025
3573;C0386;31;M;Solteiro;Fortaleza;Nordeste;20333;13;App;Smartwatch;Wearables;2;1600;0;3200;Cartão;Não;Não;5;Não;Não;March;13/03/2025
3574;C0715;35;F;Casado;Curitiba;Sul;13357;11;Loja;Monitor;Informática;4;1100;10;3960;Boleto;Sim;Não;5;Não;Não;November;16/11/2025
3575;C0498;37;M;Solteiro;Brasília;Centro-Oeste;21873;15;Site;Webcam;Informática;2;260;10;468;Boleto;Sim;Sim;4;Não;Não;August;31/08/2025
3576;C0712;28;M;Casado;Curitiba;Sul;5540;4;Loja;Cadeira Gamer;Móveis;3;1800;15;4590;Pix;Sim;Sim;5;Não;Não;September;09/09/2025
3577;C0027;41;M;Casado;Recife;Nordeste;1875;1;App;Headset;Informática;1;380;10;342;Boleto;Sim;Não;2;Sim;Não;January;30/01/2025
3578;C0319;48;M;Solteiro;Rio de Janeiro;Sudeste;17911;3;App;Roteador;Redes;4;480;0;1920;Cartão;Não;Não;4;Não;Não;October;24/10/2025
3579;C0700;48;F;Casado;São Paulo;Sudeste;3480;3;Site;SSD 1TB;Armazenamento;3;650;0;1950;Cartão;Não;Não;5;Não;Não;April;15/04/2025
3580;C0689;46;M;Solteiro;São Paulo;Sudeste;2538;13;Site;SSD 1TB;Armazenamento;1;650;10;585;Pix;Sim;Sim;4;Não;Não;March;30/03/2025
3581;C0147;55;F;Divorciado;Brasília;Centro-Oeste;8734;9;App;SSD 1TB;Armazenamento;3;650;0;1950;Cartão;Não;Sim;3;Não;Não;November;10/11/2025
3582;C0001;53;F;Solteiro;Brasília;Centro-Oeste;5505;1;Loja;Notebook;Informática;3;4500;10;12150;Pix;Sim;Não;5;Não;Não;November;03/11/2025
3583;C0366;64;M;Solteiro;Belém;Norte;11029;1;App;Notebook;Informática;1;4500;10;4050;Boleto;Sim;Não;4;Não;Não;December;19/12/2025
3584;C0663;21;F;Divorciado;Belém;Norte;19506;13;Site;Notebook;Informática;4;4500;15;15300;Pix;Sim;Sim;2;Sim;Sim;April;21/04/2025
3585;C0611;42;F;Divorciado;Brasília;Centro-Oeste;13377;4;App;Headset;Informática;2;380;15;646;Pix;Sim;Não;3;Não;Não;October;14/10/2025
3586;C0247;38;M;Divorciado;Manaus;Norte;14867;5;Site;Notebook;Informática;3;4500;0;13500;Cartão;Não;Sim;4;Não;Não;February;22/02/2025
3587;C0204;21;M;Solteiro;Curitiba;Sul;2571;11;Loja;SSD 1TB;Armazenamento;1;650;5;617,5;Pix;Sim;Sim;3;Não;Não;June;18/06/2025
3588;C0416;36;M;Casado;Recife;Nordeste;10332;15;App;Mouse;Informática;2;120;5;228;Pix;Sim;Não;4;Não;Não;November;02/11/2025
3589;C0252;69;F;Solteiro;Manaus;Norte;19046;7;Site;Smartphone;Telefonia;1;2800;0;2800;Cartão;Não;Sim;4;Não;Não;December;29/12/2025
3590;C0696;61;F;Casado;Belém;Norte;18055;2;Loja;Teclado;Informática;2;220;0;440;Pix;Não;Não;3;Não;Não;June;13/06/2025
3591;C0203;59;M;Casado;Manaus;Norte;21515;2;App;Mouse;Informática;2;120;15;204;Cartão;Sim;Não;4;Não;Não;February;20/02/2025
3592;C0365;47;M;Divorciado;Fortaleza;Nordeste;2544;11;Loja;Mouse;Informática;3;120;0;360;Pix;Não;Não;1;Sim;Não;February;13/02/2025
3593;C0218;53;F;Casado;Manaus;Norte;16796;1;Site;Headset;Informática;2;380;10;684;Pix;Sim;Não;2;Sim;Não;April;26/04/2025
3594;C0779;42;F;Solteiro;Rio de Janeiro;Sudeste;19284;13;App;Monitor;Informática;1;1100;0;1100;Pix;Não;Não;4;Não;Não;November;13/11/2025
3595;C0322;64;M;Casado;Belém;Norte;15038;6;App;Teclado;Informática;4;220;0;880;Cartão;Não;Sim;3;Não;Não;November;02/11/2025
3596;C0212;31;M;Divorciado;Fortaleza;Nordeste;9175;5;Loja;Monitor;Informática;2;1100;5;2090;Boleto;Sim;Sim;5;Não;Não;April;24/04/2025
3597;C0763;46;F;Solteiro;Manaus;Norte;17364;1;App;Notebook;Informática;3;4500;15;11475;Pix;Sim;Não;3;Não;Sim;May;07/05/2025
3598;C0422;52;F;Solteiro;Manaus;Norte;11975;10;Loja;Smartphone;Telefonia;1;2800;0;2800;Cartão;Não;Não;4;Não;Não;April;17/04/2025
3599;C0551;52;M;Solteiro;Recife;Nordeste;6397;14;Loja;Roteador;Redes;4;480;0;1920;Pix;Não;Sim;3;Não;Não;August;03/08/2025
3600;C0575;49;F;Casado;Brasília;Centro-Oeste;21896;4;Loja;SSD 1TB;Armazenamento;3;650;0;1950;Pix;Não;Sim;5;Não;Não;January;29/01/2025
3601;C0617;62;M;Solteiro;Curitiba;Sul;18100;15;Site;Webcam;Informática;1;260;10;234;Cartão;Sim;Não;3;Não;Não;January;02/01/2025
3602;C0045;32;M;Divorciado;Manaus;Norte;3560;15;App;Mouse;Informática;2;120;0;240;Boleto;Não;Sim;3;Não;Não;February;25/02/2025
3603;C0518;67;F;Casado;Fortaleza;Nordeste;4305;6;Site;Smartwatch;Wearables;3;1600;5;4560;Cartão;Sim;Sim;5;Não;Não;October;03/10/2025
3604;C0288;50;F;Casado;Belém;Norte;9880;13;App;Smartphone;Telefonia;3;2800;20;6720;Pix;Sim;Sim;5;Não;Não;August;27/08/2025
3605;C0167;24;F;Solteiro;São Paulo;Sudeste;11301;6;Loja;Monitor;Informática;3;1100;10;2970;Cartão;Sim;Não;5;Não;Não;December;31/12/2025
3606;C0693;51;M;Solteiro;Curitiba;Sul;20820;14;Site;Monitor;Informática;1;1100;5;1045;Pix;Sim;Não;4;Não;Não;September;14/09/2025
3607;C0314;39;M;Casado;Manaus;Norte;20917;1;App;Mouse;Informática;3;120;10;324;Boleto;Sim;Não;4;Não;Não;May;19/05/2025
3608;C0298;62;F;Casado;Rio de Janeiro;Sudeste;15893;1;App;Webcam;Informática;4;260;10;936;Boleto;Sim;Não;4;Não;Não;January;02/01/2025
3609;C0487;60;F;Divorciado;Manaus;Norte;20197;13;Site;Smartphone;Telefonia;2;2800;15;4760;Pix;Sim;Não;3;Não;Não;May;18/05/2025
3610;C0240;70;M;Solteiro;Brasília;Centro-Oeste;2825;10;App;Headset;Informática;1;380;0;380;Pix;Não;Sim;3;Não;Não;February;18/02/2025
3611;C0557;31;F;Solteiro;Recife;Nordeste;2544;13;Loja;Headset;Informática;4;380;0;1520;Cartão;Não;Não;4;Não;Não;September;08/09/2025
3612;C0041;48;F;Casado;Brasília;Centro-Oeste;11090;9;App;Webcam;Informática;4;260;5;988;Boleto;Sim;Não;4;Não;Não;December;12/12/2025
3613;C0213;29;F;Divorciado;Manaus;Norte;14566;7;Loja;Mouse;Informática;1;120;0;120;Cartão;Não;Não;2;Sim;Não;June;15/06/2025
3614;C0201;61;M;Divorciado;Manaus;Norte;21691;14;Site;Notebook;Informática;1;4500;0;4500;Pix;Não;Sim;4;Não;Não;June;23/06/2025
3615;C0162;26;M;Casado;Fortaleza;Nordeste;18326;3;App;Teclado;Informática;2;220;5;418;Boleto;Sim;Não;4;Não;Não;November;16/11/2025
3616;C0615;34;M;Divorciado;Curitiba;Sul;6632;1;Loja;Smartphone;Telefonia;2;2800;10;5040;Boleto;Sim;Não;5;Não;Não;February;01/02/2025
3617;C0235;70;M;Divorciado;Fortaleza;Nordeste;18427;1;Site;Mouse;Informática;2;120;10;216;Boleto;Sim;Não;5;Não;Não;May;10/05/2025
3618;C0078;34;M;Solteiro;Brasília;Centro-Oeste;14814;11;Site;Smartwatch;Wearables;3;1600;15;4080;Pix;Sim;Sim;5;Não;Não;January;23/01/2025
3619;C0388;64;M;Solteiro;Fortaleza;Nordeste;3705;7;Site;Notebook;Informática;4;4500;15;15300;Boleto;Sim;Não;4;Não;Não;November;11/11/2025
3620;C0341;69;M;Casado;Belém;Norte;11231;3;Site;SSD 1TB;Armazenamento;3;650;0;1950;Boleto;Não;Não;3;Não;Não;December;10/12/2025
3621;C0737;26;F;Casado;Brasília;Centro-Oeste;3385;9;Loja;Monitor;Informática;4;1100;0;4400;Pix;Não;Não;3;Não;Não;September;03/09/2025
3622;C0292;36;F;Solteiro;Fortaleza;Nordeste;20946;10;App;Headset;Informática;2;380;5;722;Pix;Sim;Sim;2;Sim;Não;October;07/10/2025
3623;C0585;39;M;Casado;Recife;Nordeste;19131;6;Loja;Headset;Informática;2;380;0;760;Pix;Não;Não;4;Não;Não;January;12/01/2025
3624;C0682;31;F;Divorciado;Manaus;Norte;15244;13;App;Notebook;Informática;4;4500;5;17100;Cartão;Sim;Sim;4;Não;Não;April;15/04/2025
3625;C0480;27;F;Casado;São Paulo;Sudeste;4905;0;Loja;Smartphone;Telefonia;2;2800;10;5040;Boleto;Sim;Não;4;Não;Não;May;26/05/2025
3626;C0397;25;M;Solteiro;Curitiba;Sul;16871;14;Site;Roteador;Redes;1;480;15;408;Pix;Sim;Sim;4;Não;Não;January;23/01/2025
3627;C0300;43;F;Solteiro;São Paulo;Sudeste;6715;12;Loja;SSD 1TB;Armazenamento;2;650;0;1300;Pix;Não;Sim;4;Não;Não;March;17/03/2025
3628;C0166;26;F;Solteiro;Recife;Nordeste;18215;7;Loja;Mouse;Informática;1;120;5;114;Pix;Sim;Sim;4;Não;Não;November;06/11/2025
3629;C0097;33;F;Solteiro;Rio de Janeiro;Sudeste;18131;11;Loja;Webcam;Informática;4;260;10;936;Cartão;Sim;Sim;4;Não;Não;August;22/08/2025
3630;C0546;57;M;Divorciado;Fortaleza;Nordeste;6724;7;Loja;Webcam;Informática;3;260;5;741;Cartão;Sim;Sim;2;Sim;Não;September;09/09/2025
3631;C0358;29;F;Casado;Belém;Norte;15799;12;Loja;Monitor;Informática;4;1100;5;4180;Boleto;Sim;Sim;3;Não;Não;June;25/06/2025
3632;C0613;28;M;Divorciado;Curitiba;Sul;2668;7;Loja;Headset;Informática;1;380;15;323;Cartão;Sim;Sim;5;Não;Não;May;16/05/2025
3633;C0184;24;F;Casado;Manaus;Norte;5151;14;Loja;Smartphone;Telefonia;1;2800;15;2380;Cartão;Sim;Não;2;Sim;Não;December;07/12/2025
3634;C0597;24;M;Divorciado;Curitiba;Sul;15057;10;Site;Impressora;Informática;3;950;0;2850;Boleto;Não;Sim;5;Não;Não;November;09/11/2025
3635;C0783;39;M;Casado;Curitiba;Sul;16389;8;Loja;Roteador;Redes;3;480;0;1440;Cartão;Não;Não;4;Não;Não;November;17/11/2025
3636;C0147;19;M;Casado;Belém;Norte;11750;5;App;SSD 1TB;Armazenamento;3;650;15;1657,5;Pix;Sim;Não;5;Não;Não;March;12/03/2025
3637;C0243;65;M;Solteiro;Recife;Nordeste;20904;10;Site;Mouse;Informática;2;120;0;240;Boleto;Não;Sim;4;Não;Não;March;01/03/2025
3638;C0185;60;F;Solteiro;Curitiba;Sul;5224;3;App;Monitor;Informática;1;1100;5;1045;Cartão;Sim;Sim;5;Não;Não;February;22/02/2025
3639;C0513;40;M;Solteiro;Brasília;Centro-Oeste;8229;13;Loja;Impressora;Informática;4;950;0;3800;Cartão;Não;Não;3;Não;Não;May;01/05/2025
3640;C0230;57;M;Casado;Manaus;Norte;11384;14;Loja;Headset;Informática;4;380;10;1368;Cartão;Sim;Não;3;Não;Não;July;13/07/2025
3641;C0199;35;M;Casado;Curitiba;Sul;8011;3;App;Cadeira Gamer;Móveis;3;1800;0;5400;Pix;Não;Sim;4;Não;Não;December;20/12/2025
3642;C0204;40;M;Casado;Manaus;Norte;13847;9;App;Smartphone;Telefonia;2;2800;20;4480;Boleto;Sim;Sim;3;Não;Não;July;01/07/2025
3643;C0354;44;M;Divorciado;Fortaleza;Nordeste;20460;11;App;Webcam;Informática;4;260;10;936;Cartão;Sim;Sim;4;Não;Não;March;23/03/2025
3644;C0467;69;F;Divorciado;Belém;Norte;19125;2;App;Smartwatch;Wearables;4;1600;10;5760;Boleto;Sim;Não;4;Não;Não;March;16/03/2025
3645;C0415;41;M;Casado;Belém;Norte;8175;7;Site;Impressora;Informática;1;950;0;950;Cartão;Não;Sim;5;Não;Não;September;28/09/2025
3646;C0459;31;F;Casado;Manaus;Norte;5942;7;App;Smartphone;Telefonia;3;2800;15;7140;Boleto;Sim;Sim;4;Não;Não;October;04/10/2025
3647;C0168;37;F;Casado;Brasília;Centro-Oeste;21126;8;Site;Notebook;Informática;4;4500;10;16200;Cartão;Sim;Sim;5;Não;Não;February;21/02/2025
3648;C0317;70;M;Solteiro;Fortaleza;Nordeste;1970;1;Site;Smartphone;Telefonia;4;2800;10;10080;Pix;Sim;Não;1;Sim;Sim;November;02/11/2025
3649;C0541;34;F;Casado;Manaus;Norte;14795;12;App;Notebook;Informática;4;4500;0;18000;Boleto;Não;Sim;4;Não;Não;January;12/01/2025
3650;C0683;35;M;Solteiro;Recife;Nordeste;8532;15;Site;Teclado;Informática;2;220;10;396;Pix;Sim;Sim;4;Não;Não;November;20/11/2025
3651;C0668;57;F;Solteiro;Belém;Norte;12008;15;Site;Mouse;Informática;3;120;0;360;Cartão;Não;Não;3;Não;Não;March;31/03/2025
3652;C0747;67;M;Solteiro;Manaus;Norte;11895;3;Site;Smartphone;Telefonia;2;2800;0;5600;Cartão;Não;Não;5;Não;Não;October;07/10/2025
3653;C0752;32;M;Casado;Rio de Janeiro;Sudeste;19842;10;App;Smartwatch;Wearables;1;1600;5;1520;Pix;Sim;Sim;2;Sim;Não;November;10/11/2025
3654;C0664;32;F;Casado;Recife;Nordeste;7144;13;Loja;Roteador;Redes;4;480;10;1728;Cartão;Sim;Sim;3;Não;Não;November;14/11/2025
3655;C0472;26;F;Divorciado;Fortaleza;Nordeste;9686;7;Loja;Monitor;Informática;2;1100;0;2200;Boleto;Não;Não;4;Não;Não;February;28/02/2025
3656;C0097;37;M;Divorciado;Manaus;Norte;9328;1;Loja;Headset;Informática;3;380;10;1026;Boleto;Sim;Não;4;Não;Não;January;03/01/2025
3657;C0130;36;F;Casado;Belém;Norte;8725;5;Loja;Mouse;Informática;2;120;0;240;Cartão;Não;Sim;5;Não;Não;September;25/09/2025
3658;C0283;56;F;Casado;Rio de Janeiro;Sudeste;16143;4;Loja;Roteador;Redes;4;480;0;1920;Pix;Não;Sim;5;Não;Não;July;22/07/2025
3659;C0662;33;M;Divorciado;Recife;Nordeste;5877;5;Loja;Cadeira Gamer;Móveis;1;1800;0;1800;Cartão;Não;Sim;3;Não;Não;April;13/04/2025
3660;C0774;48;M;Solteiro;Curitiba;Sul;16884;6;App;Notebook;Informática;2;4500;0;9000;Boleto;Não;Não;1;Sim;Não;August;28/08/2025
3661;C0380;45;M;Casado;Recife;Nordeste;21210;10;Site;Notebook;Informática;1;4500;0;4500;Cartão;Não;Sim;4;Não;Não;September;21/09/2025
3662;C0348;18;M;Solteiro;Recife;Nordeste;18235;15;Loja;Teclado;Informática;2;220;10;396;Boleto;Sim;Não;3;Não;Não;October;19/10/2025
3663;C0765;22;M;Casado;Fortaleza;Nordeste;10349;9;App;Monitor;Informática;2;1100;20;1760;Pix;Sim;Sim;5;Não;Não;December;15/12/2025
3664;C0292;34;F;Divorciado;Curitiba;Sul;4983;10;Site;Cadeira Gamer;Móveis;4;1800;20;5760;Pix;Sim;Sim;3;Não;Não;December;25/12/2025
3665;C0687;20;F;Casado;Curitiba;Sul;13803;14;Loja;SSD 1TB;Armazenamento;2;650;10;1170;Boleto;Sim;Sim;5;Não;Não;July;04/07/2025
3666;C0465;47;F;Casado;Belém;Norte;15399;5;Loja;Impressora;Informática;3;950;10;2565;Boleto;Sim;Sim;3;Não;Não;January;10/01/2025
3667;C0455;37;F;Solteiro;São Paulo;Sudeste;10439;3;Loja;SSD 1TB;Armazenamento;1;650;10;585;Pix;Sim;Sim;5;Não;Não;December;04/12/2025
3668;C0431;56;F;Solteiro;Rio de Janeiro;Sudeste;9957;9;Site;Teclado;Informática;3;220;0;660;Pix;Não;Não;4;Não;Não;December;10/12/2025
3669;C0191;60;M;Divorciado;Recife;Nordeste;14624;4;App;SSD 1TB;Armazenamento;4;650;0;2600;Cartão;Não;Sim;4;Não;Não;October;10/10/2025
3670;C0110;47;M;Casado;Recife;Nordeste;11804;5;Site;Teclado;Informática;1;220;0;220;Cartão;Não;Sim;3;Não;Não;September;26/09/2025
3671;C0482;67;F;Divorciado;Curitiba;Sul;4390;15;App;Mouse;Informática;3;120;0;360;Cartão;Não;Sim;3;Não;Não;February;16/02/2025
3672;C0195;32;F;Solteiro;Brasília;Centro-Oeste;8293;8;App;Headset;Informática;2;380;10;684;Pix;Sim;Sim;4;Não;Não;March;02/03/2025
3673;C0452;34;F;Solteiro;Rio de Janeiro;Sudeste;21382;3;Loja;Headset;Informática;1;380;0;380;Boleto;Não;Não;5;Não;Não;March;09/03/2025
3674;C0103;57;M;Casado;Recife;Nordeste;21085;5;Loja;Smartwatch;Wearables;3;1600;15;4080;Pix;Sim;Sim;3;Não;Não;July;02/07/2025
3675;C0625;31;M;Divorciado;Rio de Janeiro;Sudeste;17042;14;Site;Smartwatch;Wearables;3;1600;10;4320;Pix;Sim;Sim;2;Sim;Não;December;29/12/2025
3676;C0337;44;M;Divorciado;São Paulo;Sudeste;8923;15;Loja;Monitor;Informática;3;1100;0;3300;Boleto;Não;Sim;4;Não;Não;April;08/04/2025
3677;C0034;55;F;Divorciado;Recife;Nordeste;4497;0;Loja;Teclado;Informática;4;220;10;792;Pix;Sim;Não;5;Não;Não;March;03/03/2025
3678;C0028;66;F;Solteiro;Belém;Norte;20825;7;Loja;Headset;Informática;1;380;0;380;Pix;Não;Não;5;Não;Não;January;26/01/2025
3679;C0713;42;F;Divorciado;Belém;Norte;7188;0;Site;Mouse;Informática;3;120;10;324;Cartão;Sim;Não;5;Não;Não;December;12/12/2025
3680;C0240;27;M;Casado;Fortaleza;Nordeste;6341;0;App;Mouse;Informática;3;120;10;324;Boleto;Sim;Não;5;Não;Não;April;19/04/2025
3681;C0798;21;M;Casado;Curitiba;Sul;14352;1;Site;Roteador;Redes;1;480;10;432;Boleto;Sim;Não;2;Sim;Não;January;31/01/2025
3682;C0391;38;M;Solteiro;São Paulo;Sudeste;5038;10;Loja;SSD 1TB;Armazenamento;1;650;10;585;Boleto;Sim;Sim;5;Não;Não;December;14/12/2025
3683;C0387;40;F;Solteiro;Brasília;Centro-Oeste;12672;4;Site;Monitor;Informática;3;1100;0;3300;Cartão;Não;Sim;3;Não;Não;December;20/12/2025
3684;C0784;33;F;Casado;Belém;Norte;11492;8;Loja;Mouse;Informática;3;120;0;360;Boleto;Não;Não;5;Não;Não;October;14/10/2025
3685;C0298;23;F;Casado;Fortaleza;Nordeste;5928;5;App;SSD 1TB;Armazenamento;4;650;0;2600;Cartão;Não;Não;2;Sim;Não;February;28/02/2025
3686;C0355;26;M;Casado;Recife;Nordeste;19956;8;Site;Notebook;Informática;1;4500;10;4050;Cartão;Sim;Sim;4;Não;Não;April;10/04/2025
3687;C0327;21;F;Casado;Brasília;Centro-Oeste;8059;5;App;Webcam;Informática;1;260;15;221;Cartão;Sim;Não;3;Não;Não;August;23/08/2025
3688;C0479;67;M;Casado;Belém;Norte;13727;10;Site;Impressora;Informática;4;950;10;3420;Pix;Sim;Não;5;Não;Não;February;12/02/2025
3689;C0390;50;F;Divorciado;Belém;Norte;12703;10;Loja;Impressora;Informática;1;950;0;950;Pix;Não;Sim;3;Não;Não;September;21/09/2025
3690;C0600;47;F;Solteiro;Manaus;Norte;20740;12;Site;Mouse;Informática;4;120;15;408;Boleto;Sim;Sim;5;Não;Não;September;30/09/2025
3691;C0646;46;F;Solteiro;Brasília;Centro-Oeste;2788;11;App;SSD 1TB;Armazenamento;2;650;5;1235;Boleto;Sim;Sim;4;Não;Não;April;16/04/2025
3692;C0533;34;F;Casado;Curitiba;Sul;10844;4;Loja;Impressora;Informática;4;950;0;3800;Boleto;Não;Sim;5;Não;Não;January;10/01/2025
3693;C0488;38;F;Solteiro;Fortaleza;Nordeste;19979;10;App;Roteador;Redes;2;480;10;864;Pix;Sim;Sim;4;Não;Não;December;01/12/2025
3694;C0380;40;F;Solteiro;Brasília;Centro-Oeste;11045;1;Loja;Smartphone;Telefonia;3;2800;10;7560;Cartão;Sim;Não;4;Não;Não;December;24/12/2025
3695;C0107;21;M;Solteiro;Curitiba;Sul;8253;4;App;Impressora;Informática;2;950;0;1900;Boleto;Não;Sim;5;Não;Não;January;28/01/2025
3696;C0025;50;M;Divorciado;Fortaleza;Nordeste;10995;8;App;Notebook;Informática;4;4500;15;15300;Pix;Sim;Não;4;Não;Sim;July;30/07/2025
3697;C0734;33;F;Casado;São Paulo;Sudeste;9330;0;Loja;SSD 1TB;Armazenamento;4;650;10;2340;Cartão;Sim;Não;4;Não;Não;January;13/01/2025
3698;C0086;56;M;Casado;Curitiba;Sul;16631;8;Loja;SSD 1TB;Armazenamento;3;650;0;1950;Cartão;Não;Sim;2;Sim;Não;May;27/05/2025
3699;C0753;58;M;Divorciado;Recife;Nordeste;8796;8;App;Mouse;Informática;4;120;10;432;Cartão;Sim;Sim;4;Não;Não;April;23/04/2025
3700;C0472;64;M;Divorciado;Recife;Nordeste;5845;14;Site;Smartwatch;Wearables;2;1600;10;2880;Boleto;Sim;Sim;4;Não;Não;January;30/01/2025
3701;C0457;18;M;Solteiro;Curitiba;Sul;9803;15;Site;Cadeira Gamer;Móveis;1;1800;0;1800;Pix;Não;Sim;2;Sim;Não;August;03/08/2025
3702;C0765;56;M;Solteiro;Brasília;Centro-Oeste;13122;8;Site;SSD 1TB;Armazenamento;3;650;10;1755;Cartão;Sim;Não;5;Não;Não;October;22/10/2025
3703;C0189;69;F;Casado;Recife;Nordeste;13132;2;App;Roteador;Redes;3;480;10;1296;Boleto;Sim;Não;5;Não;Não;September;23/09/2025
3704;C0248;49;F;Divorciado;Manaus;Norte;5396;3;Site;Mouse;Informática;4;120;5;456;Pix;Sim;Não;4;Não;Não;September;22/09/2025
3705;C0576;43;M;Casado;Belém;Norte;20076;12;Site;Cadeira Gamer;Móveis;4;1800;10;6480;Boleto;Sim;Sim;5;Não;Não;July;30/07/2025
3706;C0649;46;F;Solteiro;Brasília;Centro-Oeste;8990;12;App;Mouse;Informática;2;120;0;240;Cartão;Não;Sim;4;Não;Não;December;28/12/2025
3707;C0176;23;M;Divorciado;São Paulo;Sudeste;4018;10;Loja;Smartphone;Telefonia;4;2800;0;11200;Cartão;Não;Sim;3;Não;Não;February;13/02/2025
3708;C0574;21;M;Divorciado;Rio de Janeiro;Sudeste;6100;3;App;Cadeira Gamer;Móveis;4;1800;0;7200;Cartão;Não;Sim;4;Não;Não;December;26/12/2025
3709;C0166;41;F;Casado;Manaus;Norte;3582;6;Loja;Notebook;Informática;4;4500;20;14400;Pix;Sim;Sim;3;Não;Não;March;19/03/2025
3710;C0474;34;M;Solteiro;Manaus;Norte;8005;1;Loja;Mouse;Informática;3;120;10;324;Pix;Sim;Não;3;Não;Não;February;10/02/2025
3711;C0279;23;M;Solteiro;Belém;Norte;15602;15;Loja;Mouse;Informática;3;120;5;342;Pix;Sim;Sim;4;Não;Não;November;20/11/2025
3712;C0227;24;M;Solteiro;Belém;Norte;17402;0;Loja;Notebook;Informática;2;4500;10;8100;Cartão;Sim;Não;4;Não;Não;June;27/06/2025
3713;C0454;56;F;Casado;Belém;Norte;4109;6;Site;Impressora;Informática;3;950;5;2707,5;Boleto;Sim;Não;4;Não;Não;June;12/06/2025
3714;C0788;44;M;Solteiro;Manaus;Norte;5762;4;Loja;Headset;Informática;2;380;0;760;Cartão;Não;Sim;5;Não;Não;August;07/08/2025
3715;C0612;30;F;Casado;São Paulo;Sudeste;17848;13;App;Smartphone;Telefonia;3;2800;5;7980;Pix;Sim;Sim;4;Não;Não;September;02/09/2025
3716;C0371;47;F;Divorciado;Brasília;Centro-Oeste;21519;4;Site;SSD 1TB;Armazenamento;1;650;5;617,5;Pix;Sim;Sim;4;Não;Não;April;03/04/2025
3717;C0778;33;F;Solteiro;Belém;Norte;9558;5;App;Smartwatch;Wearables;4;1600;10;5760;Cartão;Sim;Sim;4;Não;Não;September;14/09/2025
3718;C0788;54;M;Solteiro;Recife;Nordeste;11326;4;Site;Webcam;Informática;1;260;15;221;Cartão;Sim;Sim;5;Não;Não;September;17/09/2025
3719;C0248;24;F;Divorciado;Brasília;Centro-Oeste;19795;10;Loja;Impressora;Informática;4;950;5;3610;Cartão;Sim;Não;5;Não;Não;January;30/01/2025
3720;C0402;68;F;Solteiro;Recife;Nordeste;13424;11;Loja;Mouse;Informática;2;120;5;228;Boleto;Sim;Sim;3;Não;Não;March;27/03/2025
3721;C0741;64;F;Casado;Fortaleza;Nordeste;18824;11;App;SSD 1TB;Armazenamento;3;650;0;1950;Boleto;Não;Sim;4;Não;Não;June;16/06/2025
3722;C0440;38;F;Divorciado;Fortaleza;Nordeste;18710;0;Site;Notebook;Informática;3;4500;10;12150;Boleto;Sim;Não;4;Não;Não;July;07/07/2025
3723;C0799;35;F;Casado;Brasília;Centro-Oeste;6858;4;App;Cadeira Gamer;Móveis;4;1800;10;6480;Cartão;Sim;Sim;5;Não;Não;July;23/07/2025
3724;C0622;24;M;Solteiro;Recife;Nordeste;2132;10;Loja;Roteador;Redes;3;480;0;1440;Boleto;Não;Sim;5;Não;Não;December;03/12/2025
3725;C0569;58;M;Casado;Brasília;Centro-Oeste;5672;11;Site;Teclado;Informática;4;220;5;836;Boleto;Sim;Não;5;Não;Não;December;11/12/2025
3726;C0487;42;M;Divorciado;Curitiba;Sul;18900;5;Loja;Smartphone;Telefonia;3;2800;5;7980;Boleto;Sim;Sim;3;Não;Não;October;14/10/2025
3727;C0244;46;F;Solteiro;Curitiba;Sul;6183;10;Site;Monitor;Informática;4;1100;0;4400;Cartão;Não;Não;5;Não;Não;October;03/10/2025
3728;C0174;34;F;Solteiro;Belém;Norte;13207;10;App;Headset;Informática;2;380;10;684;Pix;Sim;Sim;2;Sim;Não;April;18/04/2025
3729;C0383;69;F;Solteiro;Curitiba;Sul;10367;12;Site;Smartwatch;Wearables;1;1600;10;1440;Cartão;Sim;Sim;2;Sim;Não;February;27/02/2025
3730;C0673;36;M;Solteiro;Brasília;Centro-Oeste;5555;15;App;Smartphone;Telefonia;3;2800;0;8400;Cartão;Não;Não;4;Não;Não;June;27/06/2025
3731;C0635;58;F;Casado;Manaus;Norte;7143;8;App;Smartphone;Telefonia;3;2800;0;8400;Cartão;Não;Não;4;Não;Não;July;27/07/2025
3732;C0395;21;F;Casado;Fortaleza;Nordeste;16414;12;Loja;Impressora;Informática;1;950;0;950;Cartão;Não;Não;5;Não;Não;December;29/12/2025
3733;C0311;54;F;Casado;São Paulo;Sudeste;4798;9;Loja;Monitor;Informática;1;1100;10;990;Pix;Sim;Sim;4;Não;Não;October;17/10/2025
3734;C0623;47;F;Divorciado;Curitiba;Sul;3311;9;Loja;Smartwatch;Wearables;4;1600;15;5440;Cartão;Sim;Sim;5;Não;Não;June;27/06/2025
3735;C0105;53;M;Divorciado;São Paulo;Sudeste;20903;10;Loja;Smartwatch;Wearables;2;1600;5;3040;Boleto;Sim;Sim;4;Não;Não;February;04/02/2025
3736;C0153;36;F;Divorciado;Belém;Norte;6685;3;App;Impressora;Informática;1;950;10;855;Boleto;Sim;Sim;3;Não;Não;December;21/12/2025
3737;C0589;44;F;Divorciado;São Paulo;Sudeste;1940;7;App;Smartwatch;Wearables;3;1600;15;4080;Boleto;Sim;Sim;5;Não;Não;November;28/11/2025
3738;C0103;19;M;Divorciado;São Paulo;Sudeste;13145;7;Loja;SSD 1TB;Armazenamento;1;650;10;585;Pix;Sim;Sim;4;Não;Não;May;04/05/2025
3739;C0786;67;F;Divorciado;Brasília;Centro-Oeste;2166;7;App;Headset;Informática;4;380;5;1444;Pix;Sim;Não;5;Não;Não;December;08/12/2025
3740;C0284;69;F;Solteiro;São Paulo;Sudeste;20937;4;App;SSD 1TB;Armazenamento;4;650;0;2600;Cartão;Não;Sim;3;Não;Não;February;16/02/2025
3741;C0586;31;F;Divorciado;Recife;Nordeste;5915;1;Site;Cadeira Gamer;Móveis;3;1800;15;4590;Pix;Sim;Não;3;Não;Não;April;06/04/2025
3742;C0206;61;M;Divorciado;Belém;Norte;20158;10;App;Smartwatch;Wearables;1;1600;5;1520;Cartão;Sim;Sim;5;Não;Não;May;29/05/2025
3743;C0125;63;F;Divorciado;Curitiba;Sul;12121;13;Site;Smartwatch;Wearables;2;1600;0;3200;Pix;Não;Não;5;Não;Não;October;15/10/2025
3744;C0262;64;F;Casado;Brasília;Centro-Oeste;5121;6;Site;Smartwatch;Wearables;2;1600;20;2560;Pix;Sim;Não;5;Não;Não;December;14/12/2025
3745;C0478;33;M;Solteiro;Fortaleza;Nordeste;5735;10;App;Webcam;Informática;1;260;5;247;Pix;Sim;Não;5;Não;Não;January;05/01/2025
3746;C0319;34;M;Solteiro;São Paulo;Sudeste;11396;1;Site;Smartwatch;Wearables;3;1600;10;4320;Pix;Sim;Não;5;Não;Não;December;24/12/2025
3747;C0604;30;M;Casado;Curitiba;Sul;8102;0;App;Notebook;Informática;4;4500;10;16200;Boleto;Sim;Não;4;Não;Não;July;08/07/2025
3748;C0545;19;M;Divorciado;Fortaleza;Nordeste;5635;14;App;Mouse;Informática;3;120;15;306;Boleto;Sim;Sim;5;Não;Não;December;06/12/2025
3749;C0533;18;M;Divorciado;Curitiba;Sul;19465;0;App;Impressora;Informática;4;950;10;3420;Cartão;Sim;Não;4;Não;Não;May;28/05/2025
3750;C0749;59;F;Solteiro;São Paulo;Sudeste;2559;12;Loja;SSD 1TB;Armazenamento;1;650;10;585;Pix;Sim;Sim;4;Não;Não;October;28/10/2025
3751;C0198;64;F;Casado;Recife;Nordeste;9657;8;Site;Cadeira Gamer;Móveis;1;1800;0;1800;Boleto;Não;Sim;4;Não;Não;January;17/01/2025
3752;C0197;49;M;Casado;São Paulo;Sudeste;4448;9;App;Smartphone;Telefonia;3;2800;15;7140;Cartão;Sim;Sim;5;Não;Não;December;08/12/2025
3753;C0445;38;F;Casado;Rio de Janeiro;Sudeste;7945;12;Loja;Notebook;Informática;1;4500;0;4500;Pix;Não;Não;4;Não;Não;April;02/04/2025
3754;C0111;32;F;Divorciado;São Paulo;Sudeste;18299;4;Loja;Monitor;Informática;4;1100;0;4400;Cartão;Não;Não;5;Não;Não;April;28/04/2025
3755;C0107;32;F;Solteiro;Fortaleza;Nordeste;15800;5;App;Headset;Informática;4;380;0;1520;Boleto;Não;Sim;4;Não;Não;October;26/10/2025
3756;C0255;63;M;Divorciado;Curitiba;Sul;13030;5;Loja;Impressora;Informática;1;950;0;950;Pix;Não;Sim;5;Não;Não;December;12/12/2025
3757;C0149;22;M;Casado;São Paulo;Sudeste;10136;7;App;Smartphone;Telefonia;4;2800;0;11200;Pix;Não;Sim;5;Não;Sim;December;04/12/2025
3758;C0323;42;F;Casado;Recife;Nordeste;21363;4;App;Notebook;Informática;1;4500;0;4500;Boleto;Não;Não;1;Sim;Não;February;02/02/2025
3759;C0083;68;F;Casado;Rio de Janeiro;Sudeste;1802;2;Site;Smartwatch;Wearables;4;1600;10;5760;Boleto;Sim;Não;3;Sim;Não;April;12/04/2025
3760;C0525;37;F;Casado;São Paulo;Sudeste;7139;4;App;SSD 1TB;Armazenamento;1;650;0;650;Boleto;Não;Sim;5;Não;Não;December;02/12/2025
3761;C0065;48;F;Divorciado;Recife;Nordeste;15657;10;Loja;SSD 1TB;Armazenamento;4;650;0;2600;Cartão;Não;Sim;4;Não;Não;May;26/05/2025
3762;C0366;57;M;Solteiro;São Paulo;Sudeste;16021;11;Site;Monitor;Informática;4;1100;0;4400;Pix;Não;Não;3;Não;Não;May;09/05/2025
3763;C0591;35;F;Solteiro;Manaus;Norte;18511;15;Site;Smartphone;Telefonia;1;2800;10;2520;Cartão;Sim;Sim;4;Não;Não;March;19/03/2025
3764;C0718;36;F;Divorciado;Belém;Norte;1814;7;Site;Impressora;Informática;1;950;0;950;Cartão;Não;Sim;4;Não;Não;April;08/04/2025
3765;C0769;58;F;Casado;Belém;Norte;14561;2;Loja;Cadeira Gamer;Móveis;2;1800;5;3420;Pix;Sim;Não;3;Não;Não;April;18/04/2025
3766;C0683;28;F;Divorciado;Curitiba;Sul;21809;2;App;SSD 1TB;Armazenamento;4;650;0;2600;Pix;Não;Não;4;Não;Não;April;04/04/2025
3767;C0073;44;M;Divorciado;São Paulo;Sudeste;11977;11;Loja;Smartwatch;Wearables;3;1600;0;4800;Cartão;Não;Sim;5;Não;Não;May;06/05/2025
3768;C0727;53;F;Divorciado;Belém;Norte;7726;13;Site;Monitor;Informática;2;1100;0;2200;Cartão;Não;Sim;3;Não;Não;April;01/04/2025
3769;C0278;56;F;Divorciado;Manaus;Norte;17390;0;Site;Headset;Informática;4;380;10;1368;Boleto;Sim;Não;3;Não;Não;August;19/08/2025
3770;C0491;46;M;Solteiro;Rio de Janeiro;Sudeste;14103;6;App;Teclado;Informática;4;220;0;880;Cartão;Não;Não;3;Não;Não;December;12/12/2025
3771;C0712;33;M;Divorciado;Brasília;Centro-Oeste;10551;0;Site;Monitor;Informática;1;1100;10;990;Pix;Sim;Não;5;Não;Não;October;25/10/2025
3772;C0323;65;M;Divorciado;Brasília;Centro-Oeste;13672;11;Site;Webcam;Informática;2;260;10;468;Pix;Sim;Sim;5;Não;Não;March;25/03/2025
3773;C0040;28;F;Casado;Fortaleza;Nordeste;8203;4;App;Impressora;Informática;1;950;5;902,5;Cartão;Sim;Sim;3;Não;Não;January;18/01/2025
3774;C0771;31;M;Divorciado;Manaus;Norte;21608;11;App;Notebook;Informática;3;4500;0;13500;Boleto;Não;Sim;5;Não;Não;January;23/01/2025
3775;C0725;63;F;Solteiro;Curitiba;Sul;13624;0;Site;Smartwatch;Wearables;2;1600;10;2880;Cartão;Sim;Não;4;Não;Não;November;14/11/2025
3776;C0176;19;F;Divorciado;Manaus;Norte;15642;3;Site;Mouse;Informática;4;120;5;456;Cartão;Sim;Sim;3;Não;Não;November;14/11/2025
3777;C0575;46;F;Casado;Manaus;Norte;9769;0;Loja;Mouse;Informática;3;120;15;306;Cartão;Sim;Não;4;Não;Não;April;08/04/2025
3778;C0732;64;F;Casado;Fortaleza;Nordeste;8973;9;Loja;Monitor;Informática;3;1100;10;2970;Boleto;Sim;Sim;3;Não;Não;March;05/03/2025
3779;C0673;37;F;Solteiro;Rio de Janeiro;Sudeste;19218;14;Loja;Smartphone;Telefonia;3;2800;5;7980;Cartão;Sim;Sim;5;Não;Não;December;10/12/2025
3780;C0621;64;F;Solteiro;Belém;Norte;14250;10;Site;Impressora;Informática;1;950;5;902,5;Boleto;Sim;Sim;5;Não;Não;April;04/04/2025
3781;C0063;28;M;Casado;Curitiba;Sul;6542;8;App;Smartwatch;Wearables;3;1600;10;4320;Pix;Sim;Não;5;Não;Não;September;07/09/2025
3782;C0255;53;M;Divorciado;Curitiba;Sul;20548;2;Loja;Teclado;Informática;4;220;0;880;Cartão;Não;Não;4;Não;Não;June;07/06/2025
3783;C0087;28;M;Solteiro;Fortaleza;Nordeste;4121;7;Loja;Monitor;Informática;2;1100;0;2200;Cartão;Não;Sim;2;Sim;Não;December;07/12/2025
3784;C0223;41;M;Casado;São Paulo;Sudeste;19706;3;App;Smartphone;Telefonia;1;2800;10;2520;Boleto;Sim;Não;5;Não;Não;June;26/06/2025
3785;C0119;29;F;Casado;Manaus;Norte;19957;11;Loja;Notebook;Informática;4;4500;10;16200;Pix;Sim;Sim;4;Não;Não;May;23/05/2025
3786;C0620;64;M;Divorciado;Fortaleza;Nordeste;5704;7;App;Impressora;Informática;3;950;10;2565;Cartão;Sim;Sim;2;Sim;Não;November;01/11/2025
3787;C0127;65;M;Solteiro;Rio de Janeiro;Sudeste;14123;6;Loja;Impressora;Informática;4;950;5;3610;Pix;Sim;Sim;2;Sim;Não;November;12/11/2025
3788;C0704;31;F;Divorciado;Fortaleza;Nordeste;16428;13;Loja;Smartphone;Telefonia;4;2800;20;8960;Cartão;Sim;Sim;5;Não;Não;July;18/07/2025
3789;C0755;30;M;Divorciado;Curitiba;Sul;9327;3;Loja;Cadeira Gamer;Móveis;3;1800;0;5400;Boleto;Não;Sim;3;Não;Não;September;14/09/2025
3790;C0257;69;M;Divorciado;Curitiba;Sul;14900;8;Site;Monitor;Informática;1;1100;0;1100;Boleto;Não;Sim;5;Não;Não;July;24/07/2025
3791;C0073;38;M;Casado;Curitiba;Sul;18047;6;Site;Headset;Informática;2;380;10;684;Cartão;Sim;Não;4;Não;Não;January;20/01/2025
3792;C0626;65;M;Solteiro;Manaus;Norte;9526;1;App;Mouse;Informática;3;120;15;306;Pix;Sim;Não;5;Não;Não;May;03/05/2025
3793;C0326;64;F;Casado;Fortaleza;Nordeste;18351;8;App;Cadeira Gamer;Móveis;3;1800;0;5400;Cartão;Não;Sim;4;Não;Não;October;25/10/2025
3794;C0127;43;M;Divorciado;Fortaleza;Nordeste;9130;11;Loja;Roteador;Redes;1;480;5;456;Pix;Sim;Sim;5;Não;Não;July;29/07/2025
3795;C0624;63;M;Divorciado;Fortaleza;Nordeste;20168;11;Loja;Headset;Informática;4;380;15;1292;Cartão;Sim;Não;4;Não;Não;January;20/01/2025
3796;C0773;36;F;Casado;Brasília;Centro-Oeste;10771;14;Loja;Mouse;Informática;3;120;0;360;Boleto;Não;Sim;5;Não;Não;November;04/11/2025
3797;C0752;31;M;Solteiro;Rio de Janeiro;Sudeste;14609;9;Loja;Mouse;Informática;3;120;5;342;Boleto;Sim;Sim;4;Não;Não;December;02/12/2025
3798;C0764;22;F;Divorciado;Rio de Janeiro;Sudeste;11476;8;Site;Webcam;Informática;2;260;0;520;Cartão;Não;Sim;2;Sim;Não;August;23/08/2025
3799;C0164;33;F;Solteiro;São Paulo;Sudeste;7837;5;App;Smartphone;Telefonia;3;2800;0;8400;Boleto;Não;Sim;3;Não;Não;December;09/12/2025
3800;C0557;66;F;Solteiro;São Paulo;Sudeste;3410;8;App;Smartwatch;Wearables;1;1600;15;1360;Boleto;Sim;Sim;4;Não;Não;May;06/05/2025
3801;C0569;66;M;Casado;Rio de Janeiro;Sudeste;12263;3;Site;Monitor;Informática;3;1100;5;3135;Cartão;Sim;Sim;3;Não;Não;August;04/08/2025
3802;C0211;31;F;Solteiro;Fortaleza;Nordeste;11277;12;Site;Smartwatch;Wearables;4;1600;20;5120;Cartão;Sim;Sim;5;Não;Sim;November;06/11/2025
3803;C0599;54;M;Casado;Manaus;Norte;12186;0;Loja;Headset;Informática;4;380;10;1368;Pix;Sim;Não;4;Não;Não;November;25/11/2025
3804;C0132;28;M;Casado;São Paulo;Sudeste;9682;11;App;Monitor;Informática;1;1100;5;1045;Pix;Sim;Sim;5;Não;Não;June;15/06/2025
3805;C0360;35;M;Solteiro;São Paulo;Sudeste;11516;2;Site;Smartphone;Telefonia;3;2800;10;7560;Pix;Sim;Não;3;Não;Não;July;24/07/2025
3806;C0678;55;M;Solteiro;Curitiba;Sul;12474;9;App;SSD 1TB;Armazenamento;1;650;10;585;Cartão;Sim;Não;4;Não;Não;April;19/04/2025
3807;C0345;27;F;Divorciado;Manaus;Norte;15330;4;Loja;Smartphone;Telefonia;4;2800;0;11200;Pix;Não;Sim;5;Não;Sim;November;15/11/2025
3808;C0250;37;F;Casado;São Paulo;Sudeste;21232;7;App;Smartphone;Telefonia;2;2800;5;5320;Pix;Sim;Não;5;Não;Não;December;21/12/2025
3809;C0476;55;F;Divorciado;Manaus;Norte;5592;12;Site;Notebook;Informática;3;4500;0;13500;Boleto;Não;Sim;5;Não;Não;June;07/06/2025
3810;C0096;27;M;Casado;Rio de Janeiro;Sudeste;5273;15;Site;Mouse;Informática;2;120;15;204;Cartão;Sim;Não;5;Não;Não;February;02/02/2025
3811;C0634;63;F;Casado;São Paulo;Sudeste;11850;7;App;Smartphone;Telefonia;4;2800;0;11200;Pix;Não;Não;4;Não;Não;June;10/06/2025
3812;C0650;45;M;Solteiro;São Paulo;Sudeste;7741;7;Loja;Monitor;Informática;4;1100;10;3960;Cartão;Sim;Sim;5;Não;Não;January;23/01/2025
3813;C0702;21;F;Solteiro;Rio de Janeiro;Sudeste;6430;4;App;Headset;Informática;2;380;0;760;Cartão;Não;Sim;3;Não;Não;October;07/10/2025
3814;C0453;49;F;Solteiro;Brasília;Centro-Oeste;11779;3;Loja;Impressora;Informática;3;950;0;2850;Cartão;Não;Não;2;Sim;Não;July;27/07/2025
3815;C0617;40;F;Casado;Fortaleza;Nordeste;7410;7;Site;Roteador;Redes;2;480;5;912;Pix;Sim;Sim;3;Não;Não;July;10/07/2025
3816;C0790;24;F;Casado;São Paulo;Sudeste;5030;14;Loja;Smartwatch;Wearables;4;1600;10;5760;Cartão;Sim;Sim;3;Não;Não;August;15/08/2025
3817;C0236;44;F;Solteiro;Recife;Nordeste;8128;6;App;Teclado;Informática;3;220;0;660;Cartão;Não;Não;5;Não;Não;March;06/03/2025
3818;C0797;56;F;Divorciado;Rio de Janeiro;Sudeste;11738;5;Site;Smartphone;Telefonia;2;2800;0;5600;Cartão;Não;Sim;3;Não;Não;January;02/01/2025
3819;C0281;53;F;Divorciado;Brasília;Centro-Oeste;20034;6;Loja;Mouse;Informática;4;120;10;432;Boleto;Sim;Não;4;Não;Não;May;03/05/2025
3820;C0309;27;M;Divorciado;Manaus;Norte;7312;1;Site;Notebook;Informática;3;4500;15;11475;Boleto;Sim;Não;5;Não;Não;March;14/03/2025
3821;C0498;44;F;Solteiro;São Paulo;Sudeste;10126;0;Loja;Monitor;Informática;1;1100;10;990;Boleto;Sim;Não;1;Sim;Não;January;29/01/2025
3822;C0311;64;M;Divorciado;Manaus;Norte;20510;5;App;Smartphone;Telefonia;2;2800;0;5600;Cartão;Não;Não;5;Não;Não;August;14/08/2025
3823;C0645;44;M;Casado;São Paulo;Sudeste;6745;0;App;Smartwatch;Wearables;4;1600;10;5760;Cartão;Sim;Não;4;Não;Não;February;13/02/2025
3824;C0608;66;M;Casado;Recife;Nordeste;16533;14;App;SSD 1TB;Armazenamento;1;650;0;650;Pix;Não;Não;5;Não;Não;October;30/10/2025
3825;C0328;30;F;Solteiro;Belém;Norte;20213;2;Site;Mouse;Informática;2;120;0;240;Boleto;Não;Não;5;Não;Não;January;04/01/2025
3826;C0068;66;F;Divorciado;Belém;Norte;9245;4;App;Monitor;Informática;3;1100;10;2970;Boleto;Sim;Sim;5;Não;Não;June;07/06/2025
3827;C0315;22;F;Divorciado;Belém;Norte;11748;6;Loja;Webcam;Informática;1;260;15;221;Pix;Sim;Sim;5;Não;Não;May;08/05/2025
3828;C0405;45;M;Casado;Belém;Norte;5885;1;Site;SSD 1TB;Armazenamento;4;650;10;2340;Pix;Sim;Não;5;Não;Não;November;15/11/2025
3829;C0196;42;M;Casado;São Paulo;Sudeste;15699;14;App;Smartphone;Telefonia;3;2800;0;8400;Pix;Não;Sim;4;Não;Não;February;02/02/2025
3830;C0532;49;F;Divorciado;Belém;Norte;14514;8;Loja;Webcam;Informática;2;260;0;520;Pix;Não;Sim;5;Não;Não;February;13/02/2025
3831;C0032;52;F;Divorciado;Rio de Janeiro;Sudeste;16650;10;Site;Notebook;Informática;3;4500;0;13500;Pix;Não;Não;5;Não;Sim;August;03/08/2025
3832;C0747;26;F;Casado;Recife;Nordeste;8988;13;App;Smartwatch;Wearables;3;1600;5;4560;Cartão;Sim;Não;5;Não;Não;August;08/08/2025
3833;C0601;56;M;Solteiro;Curitiba;Sul;10713;14;Loja;Impressora;Informática;3;950;10;2565;Cartão;Sim;Sim;5;Não;Não;July;31/07/2025
3834;C0097;25;F;Solteiro;Recife;Nordeste;17338;0;Site;Headset;Informática;4;380;10;1368;Pix;Sim;Não;4;Não;Não;October;24/10/2025
3835;C0655;70;F;Casado;Rio de Janeiro;Sudeste;20391;0;Loja;SSD 1TB;Armazenamento;1;650;10;585;Boleto;Sim;Não;5;Não;Não;April;05/04/2025
3836;C0065;35;F;Divorciado;Recife;Nordeste;4894;10;App;Notebook;Informática;4;4500;0;18000;Cartão;Não;Não;4;Não;Não;July;04/07/2025
3837;C0327;53;M;Solteiro;Fortaleza;Nordeste;3166;7;App;Teclado;Informática;2;220;10;396;Boleto;Sim;Sim;3;Não;Não;August;01/08/2025
3838;C0202;61;F;Solteiro;Brasília;Centro-Oeste;9435;1;App;Teclado;Informática;1;220;10;198;Pix;Sim;Não;3;Não;Não;March;11/03/2025
3839;C0149;51;F;Casado;Brasília;Centro-Oeste;15884;12;Loja;Roteador;Redes;3;480;0;1440;Boleto;Não;Sim;3;Não;Não;February;22/02/2025
3840;C0346;70;F;Casado;Manaus;Norte;7651;12;Site;Mouse;Informática;4;120;15;408;Boleto;Sim;Sim;4;Não;Não;October;24/10/2025
3841;C0656;65;M;Casado;Curitiba;Sul;14969;1;Site;Cadeira Gamer;Móveis;3;1800;10;4860;Cartão;Sim;Não;3;Não;Não;July;12/07/2025
3842;C0328;40;M;Solteiro;São Paulo;Sudeste;20395;6;App;Monitor;Informática;4;1100;15;3740;Boleto;Sim;Não;3;Não;Não;August;04/08/2025
3843;C0187;69;F;Casado;Manaus;Norte;6111;1;Loja;Headset;Informática;1;380;10;342;Pix;Sim;Não;4;Não;Não;September;13/09/2025
3844;C0657;67;M;Solteiro;São Paulo;Sudeste;18287;5;App;Smartwatch;Wearables;4;1600;5;6080;Cartão;Sim;Não;5;Não;Não;August;06/08/2025
3845;C0014;26;F;Solteiro;Belém;Norte;18657;2;App;Smartwatch;Wearables;2;1600;0;3200;Cartão;Não;Não;2;Sim;Não;August;05/08/2025
3846;C0068;35;M;Solteiro;São Paulo;Sudeste;18173;11;Loja;SSD 1TB;Armazenamento;3;650;5;1852,5;Boleto;Sim;Sim;5;Não;Não;July;04/07/2025
3847;C0319;19;F;Divorciado;São Paulo;Sudeste;4481;7;Site;Monitor;Informática;4;1100;10;3960;Pix;Sim;Não;2;Sim;Não;February;04/02/2025
3848;C0356;39;F;Solteiro;Fortaleza;Nordeste;13356;9;Site;Cadeira Gamer;Móveis;4;1800;0;7200;Boleto;Não;Não;3;Não;Não;January;16/01/2025
3849;C0014;23;M;Solteiro;Recife;Nordeste;9861;3;Site;Webcam;Informática;2;260;0;520;Pix;Não;Não;3;Não;Não;September;09/09/2025
3850;C0346;50;F;Solteiro;Curitiba;Sul;16811;11;App;Smartphone;Telefonia;2;2800;5;5320;Cartão;Sim;Sim;4;Não;Não;August;28/08/2025
3851;C0179;21;F;Solteiro;Curitiba;Sul;20862;0;Site;Monitor;Informática;3;1100;15;2805;Cartão;Sim;Não;2;Sim;Não;April;17/04/2025
3852;C0129;26;M;Solteiro;São Paulo;Sudeste;19326;4;App;Monitor;Informática;2;1100;5;2090;Cartão;Sim;Sim;1;Sim;Não;January;15/01/2025
3853;C0173;30;F;Divorciado;Belém;Norte;2749;7;App;Impressora;Informática;1;950;0;950;Cartão;Não;Não;5;Não;Não;November;04/11/2025
3854;C0743;60;M;Divorciado;Fortaleza;Nordeste;16423;10;Site;Webcam;Informática;2;260;0;520;Boleto;Não;Sim;5;Não;Não;May;30/05/2025
3855;C0462;45;F;Casado;Belém;Norte;3358;8;Site;Impressora;Informática;4;950;0;3800;Cartão;Não;Sim;4;Não;Não;November;16/11/2025
3856;C0675;54;M;Casado;Brasília;Centro-Oeste;14524;0;Site;Webcam;Informática;2;260;10;468;Pix;Sim;Não;4;Não;Não;November;03/11/2025
3857;C0324;43;M;Solteiro;Curitiba;Sul;20804;10;App;Headset;Informática;1;380;0;380;Boleto;Não;Sim;4;Não;Não;September;17/09/2025
3858;C0430;52;F;Divorciado;Rio de Janeiro;Sudeste;2030;8;App;Cadeira Gamer;Móveis;3;1800;5;5130;Pix;Sim;Sim;4;Não;Não;January;17/01/2025
3859;C0086;41;M;Divorciado;Rio de Janeiro;Sudeste;19769;4;Loja;Smartwatch;Wearables;2;1600;0;3200;Cartão;Não;Não;4;Não;Não;October;02/10/2025
3860;C0115;63;M;Casado;Recife;Nordeste;17948;9;App;Smartphone;Telefonia;1;2800;10;2520;Boleto;Sim;Sim;5;Não;Não;October;14/10/2025
3861;C0134;53;F;Casado;São Paulo;Sudeste;14211;4;Site;Smartphone;Telefonia;1;2800;0;2800;Cartão;Não;Sim;3;Não;Não;March;23/03/2025
3862;C0560;20;M;Casado;Brasília;Centro-Oeste;1863;8;App;Teclado;Informática;4;220;10;792;Pix;Sim;Não;3;Não;Não;November;13/11/2025
3863;C0535;59;F;Solteiro;São Paulo;Sudeste;12585;10;App;SSD 1TB;Armazenamento;3;650;0;1950;Boleto;Não;Sim;3;Não;Não;August;31/08/2025
3864;C0274;23;F;Solteiro;Recife;Nordeste;8301;15;Site;Mouse;Informática;2;120;15;204;Cartão;Sim;Sim;4;Não;Não;October;31/10/2025
3865;C0059;63;F;Solteiro;Rio de Janeiro;Sudeste;6669;2;App;Cadeira Gamer;Móveis;2;1800;10;3240;Pix;Sim;Não;5;Não;Não;August;22/08/2025
3866;C0081;32;M;Solteiro;Brasília;Centro-Oeste;17094;1;Site;Smartphone;Telefonia;2;2800;10;5040;Boleto;Sim;Não;3;Não;Não;December;08/12/2025
3867;C0193;59;F;Solteiro;Curitiba;Sul;19800;15;App;Webcam;Informática;2;260;0;520;Pix;Não;Sim;5;Não;Não;April;22/04/2025
3868;C0155;33;F;Divorciado;Belém;Norte;10993;15;App;Cadeira Gamer;Móveis;2;1800;0;3600;Cartão;Não;Sim;2;Sim;Não;December;01/12/2025
3869;C0423;38;F;Casado;São Paulo;Sudeste;20612;3;App;SSD 1TB;Armazenamento;4;650;15;2210;Boleto;Sim;Sim;4;Não;Não;July;06/07/2025
3870;C0544;22;M;Casado;Brasília;Centro-Oeste;21898;13;Site;Notebook;Informática;1;4500;5;4275;Pix;Sim;Sim;1;Sim;Não;June;25/06/2025
3871;C0209;43;M;Solteiro;Brasília;Centro-Oeste;4317;10;App;Smartwatch;Wearables;3;1600;0;4800;Pix;Não;Não;3;Não;Não;March;13/03/2025
3872;C0339;52;F;Casado;Brasília;Centro-Oeste;11572;7;Loja;Impressora;Informática;2;950;5;1805;Cartão;Sim;Não;4;Não;Não;June;15/06/2025
3873;C0616;52;F;Divorciado;Manaus;Norte;10843;9;App;Mouse;Informática;1;120;0;120;Cartão;Não;Sim;5;Não;Não;May;18/05/2025
3874;C0136;33;M;Casado;São Paulo;Sudeste;20267;8;App;SSD 1TB;Armazenamento;4;650;0;2600;Boleto;Não;Sim;4;Não;Não;March;31/03/2025
3875;C0501;48;F;Casado;Recife;Nordeste;11633;4;Loja;Monitor;Informática;1;1100;0;1100;Cartão;Não;Sim;5;Não;Não;November;06/11/2025
3876;C0126;44;M;Solteiro;Recife;Nordeste;12395;12;App;Headset;Informática;1;380;5;361;Boleto;Sim;Não;2;Sim;Não;October;24/10/2025
3877;C0402;67;M;Divorciado;Recife;Nordeste;14589;3;App;Monitor;Informática;4;1100;0;4400;Pix;Não;Sim;5;Não;Não;April;09/04/2025
3878;C0334;19;F;Divorciado;Curitiba;Sul;1958;6;Loja;Impressora;Informática;4;950;20;3040;Pix;Sim;Sim;4;Não;Não;November;01/11/2025
3879;C0754;18;F;Solteiro;Fortaleza;Nordeste;2880;5;App;Teclado;Informática;3;220;5;627;Pix;Sim;Sim;3;Não;Não;October;18/10/2025
3880;C0489;63;F;Casado;Fortaleza;Nordeste;10251;11;App;Notebook;Informática;3;4500;0;13500;Boleto;Não;Não;4;Não;Não;December;03/12/2025
3881;C0649;65;F;Solteiro;Curitiba;Sul;13283;11;App;Smartwatch;Wearables;1;1600;10;1440;Cartão;Sim;Sim;5;Não;Não;June;22/06/2025
3882;C0430;31;F;Solteiro;Curitiba;Sul;11333;5;Loja;Cadeira Gamer;Móveis;3;1800;10;4860;Boleto;Sim;Sim;2;Sim;Não;July;06/07/2025
3883;C0271;22;M;Casado;Fortaleza;Nordeste;9006;9;Site;Cadeira Gamer;Móveis;2;1800;0;3600;Boleto;Não;Sim;3;Não;Não;March;18/03/2025
3884;C0459;44;M;Solteiro;Rio de Janeiro;Sudeste;8116;2;App;Notebook;Informática;1;4500;0;4500;Pix;Não;Não;3;Não;Não;November;22/11/2025
3885;C0762;56;F;Casado;Rio de Janeiro;Sudeste;7141;7;Site;Monitor;Informática;4;1100;0;4400;Pix;Não;Não;5;Não;Não;June;15/06/2025
3886;C0225;69;F;Casado;Curitiba;Sul;17577;12;App;Mouse;Informática;2;120;10;216;Boleto;Sim;Sim;5;Não;Não;August;01/08/2025
3887;C0679;63;F;Solteiro;São Paulo;Sudeste;11154;6;App;Monitor;Informática;1;1100;0;1100;Cartão;Não;Não;5;Não;Não;December;13/12/2025
3888;C0317;40;F;Divorciado;Recife;Nordeste;17372;4;App;Teclado;Informática;4;220;10;792;Pix;Sim;Sim;4;Não;Não;November;06/11/2025
3889;C0006;19;F;Solteiro;Fortaleza;Nordeste;21773;15;Loja;Mouse;Informática;1;120;20;96;Pix;Sim;Não;5;Não;Não;July;07/07/2025
3890;C0534;53;F;Solteiro;Curitiba;Sul;16940;5;App;Smartwatch;Wearables;2;1600;0;3200;Cartão;Não;Sim;4;Não;Não;December;21/12/2025
3891;C0612;50;M;Casado;Recife;Nordeste;5684;15;Loja;Notebook;Informática;1;4500;15;3825;Boleto;Sim;Sim;3;Não;Não;November;07/11/2025
3892;C0147;64;M;Casado;Rio de Janeiro;Sudeste;13829;14;Loja;Cadeira Gamer;Móveis;1;1800;0;1800;Pix;Não;Sim;3;Não;Não;February;26/02/2025
3893;C0352;59;F;Casado;Recife;Nordeste;13077;10;Loja;Teclado;Informática;1;220;15;187;Cartão;Sim;Sim;4;Não;Não;April;25/04/2025
3894;C0067;23;M;Solteiro;Brasília;Centro-Oeste;18949;12;App;Headset;Informática;3;380;5;1083;Boleto;Sim;Não;4;Não;Não;August;31/08/2025
3895;C0310;52;F;Divorciado;São Paulo;Sudeste;20541;12;Loja;Smartwatch;Wearables;1;1600;5;1520;Pix;Sim;Sim;5;Não;Não;September;21/09/2025
3896;C0620;35;M;Casado;Belém;Norte;20447;14;Loja;Impressora;Informática;4;950;15;3230;Cartão;Sim;Sim;3;Não;Não;April;08/04/2025
3897;C0045;54;M;Casado;Recife;Nordeste;21912;8;Site;Teclado;Informática;3;220;20;528;Cartão;Sim;Sim;3;Não;Não;May;06/05/2025
3898;C0058;44;M;Solteiro;Curitiba;Sul;7477;11;Site;Teclado;Informática;1;220;15;187;Cartão;Sim;Sim;4;Não;Não;January;21/01/2025
3899;C0677;24;F;Solteiro;Manaus;Norte;19924;0;App;Notebook;Informática;4;4500;10;16200;Pix;Sim;Não;4;Não;Sim;November;05/11/2025
3900;C0611;18;F;Solteiro;Manaus;Norte;9438;10;Loja;Mouse;Informática;3;120;10;324;Cartão;Sim;Não;2;Sim;Não;August;27/08/2025
3901;C0109;62;M;Divorciado;Recife;Nordeste;17751;12;Loja;SSD 1TB;Armazenamento;1;650;0;650;Boleto;Não;Sim;4;Não;Não;August;18/08/2025
3902;C0314;35;M;Casado;Brasília;Centro-Oeste;9537;4;Loja;Roteador;Redes;4;480;0;1920;Cartão;Não;Sim;4;Não;Não;May;12/05/2025
3903;C0075;69;F;Casado;São Paulo;Sudeste;9795;1;Loja;Monitor;Informática;4;1100;10;3960;Cartão;Sim;Não;5;Não;Não;April;29/04/2025
3904;C0412;57;F;Casado;Belém;Norte;8040;12;Site;Cadeira Gamer;Móveis;2;1800;10;3240;Pix;Sim;Sim;5;Não;Não;October;03/10/2025
3905;C0668;34;F;Casado;Manaus;Norte;9119;5;Loja;Smartphone;Telefonia;1;2800;10;2520;Boleto;Sim;Sim;5;Não;Não;May;25/05/2025
3906;C0632;50;M;Casado;Fortaleza;Nordeste;10971;14;Site;Smartphone;Telefonia;4;2800;15;9520;Pix;Sim;Sim;4;Não;Não;June;10/06/2025
3907;C0576;57;M;Casado;Manaus;Norte;3972;1;Site;Notebook;Informática;1;4500;10;4050;Boleto;Sim;Não;3;Não;Não;July;16/07/2025
3908;C0500;61;M;Casado;São Paulo;Sudeste;13298;13;App;Smartwatch;Wearables;1;1600;0;1600;Boleto;Não;Não;5;Não;Não;June;14/06/2025
3909;C0789;22;M;Solteiro;Belém;Norte;6023;5;Site;Webcam;Informática;4;260;5;988;Pix;Sim;Não;4;Não;Não;April;19/04/2025
3910;C0176;66;F;Solteiro;Rio de Janeiro;Sudeste;5431;4;Loja;Roteador;Redes;2;480;0;960;Cartão;Não;Não;5;Não;Não;April;16/04/2025
3911;C0422;34;F;Casado;Fortaleza;Nordeste;18373;6;App;Smartphone;Telefonia;4;2800;0;11200;Cartão;Não;Não;5;Não;Não;December;28/12/2025
3912;C0549;48;F;Divorciado;Brasília;Centro-Oeste;9494;8;App;Headset;Informática;4;380;5;1444;Pix;Sim;Não;5;Não;Não;May;03/05/2025
3913;C0566;24;M;Casado;Brasília;Centro-Oeste;2871;10;Site;Smartphone;Telefonia;3;2800;0;8400;Cartão;Não;Não;4;Sim;Não;November;02/11/2025
3914;C0026;32;F;Solteiro;Brasília;Centro-Oeste;5077;11;App;Mouse;Informática;2;120;0;240;Cartão;Não;Sim;5;Não;Não;January;07/01/2025
3915;C0528;27;F;Solteiro;Manaus;Norte;19608;14;App;Notebook;Informática;4;4500;10;16200;Pix;Sim;Sim;5;Não;Não;December;16/12/2025
3916;C0277;27;F;Casado;Belém;Norte;7473;9;Site;Webcam;Informática;3;260;5;741;Pix;Sim;Sim;5;Não;Não;July;21/07/2025
3917;C0094;35;M;Solteiro;Curitiba;Sul;1882;13;App;Smartwatch;Wearables;4;1600;10;5760;Pix;Sim;Não;3;Não;Não;November;19/11/2025
3918;C0672;26;M;Solteiro;Rio de Janeiro;Sudeste;8397;9;Site;Webcam;Informática;4;260;0;1040;Cartão;Não;Não;5;Não;Não;December;25/12/2025
3919;C0169;48;F;Solteiro;Recife;Nordeste;10372;8;App;Smartwatch;Wearables;2;1600;20;2560;Pix;Sim;Sim;4;Não;Não;January;13/01/2025
3920;C0569;51;M;Divorciado;Recife;Nordeste;19901;13;Loja;Roteador;Redes;3;480;0;1440;Cartão;Não;Sim;4;Não;Não;July;22/07/2025
3921;C0538;35;F;Casado;Recife;Nordeste;8893;8;App;Monitor;Informática;4;1100;5;4180;Pix;Sim;Não;2;Sim;Não;October;21/10/2025
3922;C0613;34;M;Divorciado;Curitiba;Sul;15805;3;App;Webcam;Informática;3;260;0;780;Boleto;Não;Sim;2;Sim;Não;October;02/10/2025
3923;C0357;52;F;Casado;Brasília;Centro-Oeste;2185;2;Site;Webcam;Informática;1;260;10;234;Cartão;Sim;Não;4;Sim;Não;May;24/05/2025
3924;C0074;35;F;Divorciado;Belém;Norte;6321;11;Site;Impressora;Informática;3;950;0;2850;Cartão;Não;Sim;5;Não;Não;October;08/10/2025
3925;C0109;29;F;Casado;Curitiba;Sul;7171;7;Loja;Teclado;Informática;3;220;5;627;Boleto;Sim;Não;3;Não;Não;September;12/09/2025
3926;C0754;26;M;Solteiro;Brasília;Centro-Oeste;16679;5;Loja;Smartwatch;Wearables;1;1600;10;1440;Boleto;Sim;Não;5;Não;Não;July;08/07/2025
3927;C0285;25;M;Casado;Recife;Nordeste;5130;1;Site;Teclado;Informática;1;220;10;198;Cartão;Sim;Não;3;Não;Não;September;27/09/2025
3928;C0294;60;F;Casado;Manaus;Norte;13069;4;Site;Smartphone;Telefonia;3;2800;0;8400;Cartão;Não;Sim;3;Não;Não;December;20/12/2025
3929;C0689;45;M;Divorciado;Curitiba;Sul;18519;13;Loja;Smartwatch;Wearables;3;1600;0;4800;Cartão;Não;Não;4;Não;Não;March;03/03/2025
3930;C0257;59;F;Casado;Manaus;Norte;19849;1;Loja;Headset;Informática;4;380;10;1368;Cartão;Sim;Não;5;Não;Não;January;19/01/2025
3931;C0115;64;M;Solteiro;Recife;Nordeste;7063;13;Site;Smartphone;Telefonia;4;2800;10;10080;Pix;Sim;Sim;5;Não;Não;November;27/11/2025
3932;C0096;39;M;Solteiro;São Paulo;Sudeste;18780;8;Loja;Smartwatch;Wearables;2;1600;0;3200;Cartão;Não;Sim;5;Não;Não;August;26/08/2025
3933;C0470;67;M;Solteiro;Brasília;Centro-Oeste;14697;7;Site;Notebook;Informática;2;4500;15;7650;Cartão;Sim;Não;4;Não;Não;July;16/07/2025
3934;C0527;45;F;Solteiro;Curitiba;Sul;7948;9;Site;Mouse;Informática;4;120;0;480;Boleto;Não;Sim;5;Não;Não;March;26/03/2025
3935;C0071;44;M;Casado;Brasília;Centro-Oeste;11140;11;App;Teclado;Informática;4;220;10;792;Cartão;Sim;Não;5;Não;Não;November;26/11/2025
3936;C0565;56;F;Casado;Manaus;Norte;4751;3;App;Mouse;Informática;1;120;0;120;Pix;Não;Sim;5;Não;Não;April;19/04/2025
3937;C0369;31;M;Solteiro;Brasília;Centro-Oeste;9604;13;Site;Webcam;Informática;1;260;20;208;Boleto;Sim;Sim;5;Não;Não;April;18/04/2025
3938;C0164;63;M;Casado;Belém;Norte;12779;1;App;Webcam;Informática;2;260;10;468;Cartão;Sim;Não;3;Não;Não;March;24/03/2025
3939;C0700;28;M;Casado;Fortaleza;Nordeste;15817;7;App;Mouse;Informática;4;120;0;480;Boleto;Não;Não;4;Não;Não;November;17/11/2025
3940;C0708;58;F;Solteiro;Brasília;Centro-Oeste;7606;6;App;Webcam;Informática;3;260;0;780;Boleto;Não;Não;5;Não;Não;February;11/02/2025
3941;C0512;57;M;Divorciado;São Paulo;Sudeste;14465;12;Loja;Smartwatch;Wearables;3;1600;0;4800;Cartão;Não;Não;5;Não;Não;September;19/09/2025
3942;C0729;55;F;Divorciado;Fortaleza;Nordeste;2030;8;App;Notebook;Informática;1;4500;5;4275;Pix;Sim;Sim;5;Não;Não;June;03/06/2025
3943;C0462;53;F;Divorciado;Belém;Norte;5298;7;Loja;Headset;Informática;3;380;10;1026;Boleto;Sim;Sim;5;Não;Não;May;13/05/2025
3944;C0782;40;M;Divorciado;Brasília;Centro-Oeste;10714;15;App;Headset;Informática;4;380;10;1368;Boleto;Sim;Sim;4;Não;Não;March;01/03/2025
3945;C0583;23;M;Casado;Fortaleza;Nordeste;10624;11;App;Webcam;Informática;3;260;0;780;Cartão;Não;Sim;4;Não;Não;June;16/06/2025
3946;C0646;46;F;Divorciado;Manaus;Norte;18526;6;Site;Headset;Informática;3;380;5;1083;Pix;Sim;Sim;5;Não;Não;November;30/11/2025
3947;C0555;28;M;Solteiro;Brasília;Centro-Oeste;14782;11;Site;Notebook;Informática;4;4500;15;15300;Pix;Sim;Não;4;Não;Não;October;28/10/2025
3948;C0753;41;F;Divorciado;Recife;Nordeste;18869;14;App;Cadeira Gamer;Móveis;2;1800;0;3600;Pix;Não;Sim;3;Não;Não;January;09/01/2025
3949;C0377;23;M;Divorciado;Curitiba;Sul;21080;9;Loja;Cadeira Gamer;Móveis;1;1800;10;1620;Pix;Sim;Sim;3;Não;Não;August;14/08/2025
3950;C0606;30;M;Solteiro;Rio de Janeiro;Sudeste;2906;15;Loja;Monitor;Informática;1;1100;10;990;Boleto;Sim;Sim;4;Não;Não;August;10/08/2025
3951;C0582;61;M;Casado;Curitiba;Sul;2364;12;App;Roteador;Redes;4;480;0;1920;Pix;Não;Sim;3;Não;Não;January;30/01/2025
3952;C0562;48;F;Casado;Belém;Norte;7669;1;Site;SSD 1TB;Armazenamento;1;650;20;520;Cartão;Sim;Não;5;Não;Não;July;07/07/2025
3953;C0661;37;F;Casado;Brasília;Centro-Oeste;18758;10;Site;Webcam;Informática;4;260;0;1040;Boleto;Não;Sim;4;Não;Não;December;12/12/2025
3954;C0778;26;F;Solteiro;Belém;Norte;17056;6;Site;Headset;Informática;4;380;0;1520;Cartão;Não;Não;3;Não;Não;August;22/08/2025
3955;C0251;51;M;Divorciado;Belém;Norte;10583;15;Loja;Teclado;Informática;4;220;15;748;Boleto;Sim;Não;4;Não;Não;May;15/05/2025
3956;C0767;31;F;Casado;Fortaleza;Nordeste;13926;8;App;Impressora;Informática;2;950;5;1805;Boleto;Sim;Sim;5;Não;Não;October;15/10/2025
3957;C0767;27;M;Divorciado;Belém;Norte;3004;7;Site;Teclado;Informática;1;220;10;198;Boleto;Sim;Sim;2;Sim;Não;December;12/12/2025
3958;C0490;41;F;Divorciado;Rio de Janeiro;Sudeste;17728;9;Loja;Smartphone;Telefonia;1;2800;0;2800;Cartão;Não;Sim;2;Sim;Não;November;13/11/2025
3959;C0410;40;F;Divorciado;Rio de Janeiro;Sudeste;11423;5;Site;Monitor;Informática;3;1100;10;2970;Boleto;Sim;Sim;3;Não;Não;November;19/11/2025
3960;C0098;54;M;Divorciado;Recife;Nordeste;20049;9;App;Smartphone;Telefonia;1;2800;0;2800;Boleto;Não;Sim;4;Não;Não;November;20/11/2025
3961;C0113;61;F;Divorciado;Belém;Norte;3819;14;App;Smartphone;Telefonia;3;2800;0;8400;Cartão;Não;Não;4;Não;Não;January;05/01/2025
3962;C0483;62;F;Casado;Belém;Norte;14980;9;App;Teclado;Informática;4;220;15;748;Pix;Sim;Sim;4;Não;Não;October;18/10/2025
3963;C0256;26;M;Casado;São Paulo;Sudeste;18795;4;App;Smartwatch;Wearables;1;1600;10;1440;Cartão;Sim;Não;5;Não;Não;January;18/01/2025
3964;C0134;63;F;Casado;São Paulo;Sudeste;20622;4;App;Smartphone;Telefonia;3;2800;0;8400;Cartão;Não;Sim;5;Não;Não;February;14/02/2025
3965;C0482;41;F;Solteiro;Fortaleza;Nordeste;7424;10;Loja;Notebook;Informática;1;4500;5;4275;Cartão;Sim;Sim;3;Não;Não;July;20/07/2025
3966;C0576;22;F;Casado;Belém;Norte;18548;7;Loja;SSD 1TB;Armazenamento;3;650;10;1755;Boleto;Sim;Sim;3;Não;Não;July;04/07/2025
3967;C0458;40;M;Casado;Belém;Norte;7642;11;Site;Cadeira Gamer;Móveis;1;1800;10;1620;Cartão;Sim;Sim;3;Não;Não;September;30/09/2025
3968;C0342;67;F;Solteiro;Manaus;Norte;12947;12;Site;Headset;Informática;4;380;5;1444;Pix;Sim;Sim;4;Não;Não;May;11/05/2025
3969;C0235;39;F;Solteiro;São Paulo;Sudeste;11275;13;Loja;SSD 1TB;Armazenamento;3;650;10;1755;Boleto;Sim;Sim;4;Não;Não;July;25/07/2025
3970;C0587;44;F;Divorciado;Recife;Nordeste;11378;2;App;SSD 1TB;Armazenamento;1;650;5;617,5;Boleto;Sim;Não;4;Não;Não;March;10/03/2025
3971;C0662;69;F;Solteiro;Recife;Nordeste;13917;10;Loja;Monitor;Informática;2;1100;10;1980;Pix;Sim;Sim;4;Não;Não;March;03/03/2025
3972;C0114;62;F;Divorciado;Curitiba;Sul;16327;3;App;Webcam;Informática;2;260;0;520;Pix;Não;Não;4;Não;Não;June;22/06/2025
3973;C0563;61;F;Divorciado;Rio de Janeiro;Sudeste;19742;12;Loja;Cadeira Gamer;Móveis;4;1800;10;6480;Boleto;Sim;Não;4;Não;Não;November;09/11/2025
3974;C0436;29;F;Solteiro;Belém;Norte;19164;6;Site;Mouse;Informática;1;120;0;120;Boleto;Não;Não;5;Não;Não;July;08/07/2025
3975;C0675;30;M;Solteiro;Curitiba;Sul;12371;11;App;Cadeira Gamer;Móveis;2;1800;5;3420;Boleto;Sim;Sim;3;Não;Não;February;11/02/2025
3976;C0095;63;F;Solteiro;Brasília;Centro-Oeste;21860;7;App;Smartwatch;Wearables;1;1600;0;1600;Boleto;Não;Sim;4;Não;Não;January;04/01/2025
3977;C0093;42;M;Solteiro;Recife;Nordeste;18693;12;Loja;Monitor;Informática;2;1100;0;2200;Pix;Não;Sim;2;Sim;Não;March;18/03/2025
3978;C0272;41;M;Solteiro;Fortaleza;Nordeste;18488;13;Loja;Notebook;Informática;2;4500;10;8100;Pix;Sim;Sim;3;Não;Não;June;11/06/2025
3979;C0375;46;M;Casado;Belém;Norte;21758;8;Site;Smartphone;Telefonia;2;2800;10;5040;Pix;Sim;Não;5;Não;Não;March;24/03/2025
3980;C0329;66;M;Solteiro;Fortaleza;Nordeste;8929;6;App;Notebook;Informática;3;4500;0;13500;Pix;Não;Sim;4;Não;Não;February;20/02/2025
3981;C0522;33;M;Casado;Recife;Nordeste;17865;8;Loja;Roteador;Redes;4;480;10;1728;Boleto;Sim;Sim;5;Não;Não;May;18/05/2025
3982;C0587;70;F;Divorciado;São Paulo;Sudeste;2366;3;Loja;SSD 1TB;Armazenamento;3;650;10;1755;Pix;Sim;Sim;5;Não;Não;April;13/04/2025
3983;C0540;50;F;Divorciado;Belém;Norte;4180;11;Site;Teclado;Informática;2;220;0;440;Boleto;Não;Sim;5;Não;Não;September;09/09/2025
3984;C0794;57;F;Casado;Brasília;Centro-Oeste;16701;2;Site;Mouse;Informática;2;120;0;240;Cartão;Não;Não;4;Não;Não;June;08/06/2025
3985;C0699;39;M;Casado;Recife;Nordeste;3787;4;Loja;Roteador;Redes;2;480;10;864;Pix;Sim;Sim;5;Não;Não;October;15/10/2025
3986;C0117;65;M;Divorciado;Manaus;Norte;8738;5;App;Notebook;Informática;2;4500;0;9000;Boleto;Não;Sim;5;Não;Não;April;22/04/2025
3987;C0721;29;F;Divorciado;Fortaleza;Nordeste;21705;15;Site;Roteador;Redes;4;480;0;1920;Boleto;Não;Sim;5;Não;Não;November;25/11/2025
3988;C0531;69;M;Divorciado;São Paulo;Sudeste;16299;10;App;SSD 1TB;Armazenamento;4;650;10;2340;Cartão;Sim;Sim;4;Não;Não;September;20/09/2025
3989;C0790;37;M;Solteiro;Recife;Nordeste;2327;14;App;Cadeira Gamer;Móveis;1;1800;0;1800;Cartão;Não;Sim;4;Não;Não;May;22/05/2025
3990;C0458;62;M;Casado;Rio de Janeiro;Sudeste;14411;11;App;Smartphone;Telefonia;2;2800;15;4760;Boleto;Sim;Sim;3;Não;Não;May;17/05/2025
3991;C0208;43;F;Casado;Brasília;Centro-Oeste;5877;5;Loja;Cadeira Gamer;Móveis;4;1800;0;7200;Pix;Não;Sim;4;Não;Não;November;19/11/2025
3992;C0324;35;F;Divorciado;Fortaleza;Nordeste;13076;10;Site;Headset;Informática;3;380;0;1140;Pix;Não;Não;5;Não;Não;June;23/06/2025
3993;C0532;47;M;Solteiro;Belém;Norte;2356;5;Loja;Cadeira Gamer;Móveis;3;1800;0;5400;Cartão;Não;Sim;5;Não;Não;February;23/02/2025
3994;C0699;47;M;Casado;Brasília;Centro-Oeste;8231;3;Site;Monitor;Informática;4;1100;10;3960;Cartão;Sim;Sim;3;Não;Não;August;25/08/2025
3995;C0434;22;F;Divorciado;Rio de Janeiro;Sudeste;11585;1;Site;Mouse;Informática;1;120;10;108;Pix;Sim;Não;5;Não;Não;February;25/02/2025
3996;C0021;65;F;Casado;Fortaleza;Nordeste;16378;8;Site;Headset;Informática;4;380;0;1520;Boleto;Não;Não;4;Não;Não;May;25/05/2025
3997;C0586;48;F;Casado;Belém;Norte;8799;4;Loja;Notebook;Informática;1;4500;0;4500;Pix;Não;Não;4;Não;Não;August;22/08/2025
3998;C0390;48;F;Divorciado;Rio de Janeiro;Sudeste;16260;6;Loja;Smartwatch;Wearables;1;1600;0;1600;Pix;Não;Sim;5;Não;Não;July;24/07/2025
3999;C0184;65;F;Casado;Manaus;Norte;7823;14;Site;Headset;Informática;1;380;5;361;Pix;Sim;Sim;4;Não;Não;December;09/12/2025
4000;C0748;55;F;Casado;Belém;Norte;15529;10;Loja;Smartphone;Telefonia;4;2800;10;10080;Boleto;Sim;Sim;4;Não;Não;January;05/01/2025
4001;C0018;31;F;Divorciado;Curitiba;Sul;11207;7;App;Headset;Informática;2;380;10;684;Pix;Sim;Sim;4;Não;Não;September;05/09/2025
4002;C0473;33;M;Divorciado;Belém;Norte;15560;1;Site;Impressora;Informática;1;950;10;855;Pix;Sim;Não;5;Não;Não;November;25/11/2025
4003;C0347;35;F;Solteiro;São Paulo;Sudeste;19857;5;Loja;Smartphone;Telefonia;1;2800;5;2660;Boleto;Sim;Sim;4;Não;Não;May;28/05/2025
4004;C0368;57;F;Divorciado;Brasília;Centro-Oeste;16588;14;Site;Webcam;Informática;1;260;10;234;Boleto;Sim;Não;4;Não;Não;November;20/11/2025
4005;C0323;52;F;Solteiro;Belém;Norte;21436;8;App;SSD 1TB;Armazenamento;4;650;10;2340;Boleto;Sim;Sim;5;Não;Não;February;27/02/2025
4006;C0001;49;F;Solteiro;Rio de Janeiro;Sudeste;5010;4;Loja;Webcam;Informática;2;260;10;468;Cartão;Sim;Sim;4;Não;Não;September;01/09/2025
4007;C0413;63;F;Casado;Manaus;Norte;21464;4;Site;Smartphone;Telefonia;1;2800;0;2800;Boleto;Não;Não;4;Não;Não;June;17/06/2025
4008;C0236;52;M;Casado;Curitiba;Sul;2964;2;Loja;Impressora;Informática;1;950;0;950;Pix;Não;Não;2;Sim;Não;September;02/09/2025
4009;C0299;25;F;Casado;Curitiba;Sul;6275;10;Loja;Cadeira Gamer;Móveis;2;1800;15;3060;Cartão;Sim;Sim;3;Não;Não;June;17/06/2025
4010;C0662;25;F;Solteiro;Rio de Janeiro;Sudeste;17079;7;Loja;Smartphone;Telefonia;4;2800;5;10640;Boleto;Sim;Sim;4;Não;Não;October;22/10/2025
4011;C0760;28;M;Divorciado;Rio de Janeiro;Sudeste;20745;10;App;Impressora;Informática;3;950;0;2850;Pix;Não;Não;4;Não;Não;August;01/08/2025
4012;C0796;18;M;Casado;Manaus;Norte;20088;0;App;Mouse;Informática;2;120;10;216;Boleto;Sim;Não;3;Não;Não;July;14/07/2025
4013;C0341;59;F;Solteiro;Manaus;Norte;11826;5;App;Headset;Informática;1;380;0;380;Pix;Não;Não;4;Não;Não;April;30/04/2025
4014;C0136;61;F;Solteiro;Fortaleza;Nordeste;4747;4;Loja;Mouse;Informática;2;120;0;240;Boleto;Não;Sim;3;Não;Não;November;03/11/2025
4015;C0210;42;F;Solteiro;Curitiba;Sul;4777;2;Loja;Headset;Informática;4;380;0;1520;Boleto;Não;Não;3;Não;Não;December;18/12/2025
4016;C0745;67;M;Divorciado;Rio de Janeiro;Sudeste;14044;0;Loja;Notebook;Informática;1;4500;10;4050;Cartão;Sim;Não;3;Não;Não;April;18/04/2025
4017;C0273;54;F;Solteiro;Recife;Nordeste;3691;11;Loja;Notebook;Informática;2;4500;15;7650;Pix;Sim;Sim;5;Não;Não;August;20/08/2025
4018;C0011;43;M;Divorciado;Recife;Nordeste;5742;7;Loja;Impressora;Informática;4;950;10;3420;Pix;Sim;Sim;3;Não;Não;October;29/10/2025
4019;C0382;54;F;Divorciado;São Paulo;Sudeste;10957;7;Site;Monitor;Informática;4;1100;0;4400;Boleto;Não;Não;4;Não;Não;December;19/12/2025
4020;C0589;60;M;Solteiro;São Paulo;Sudeste;4115;6;App;Smartwatch;Wearables;3;1600;0;4800;Pix;Não;Não;2;Sim;Não;March;19/03/2025
4021;C0090;27;F;Solteiro;São Paulo;Sudeste;11814;14;Loja;Monitor;Informática;1;1100;5;1045;Cartão;Sim;Sim;5;Não;Não;April;30/04/2025
4022;C0379;44;M;Casado;Fortaleza;Nordeste;11775;14;App;Notebook;Informática;2;4500;0;9000;Cartão;Não;Sim;4;Não;Não;May;30/05/2025
4023;C0090;58;F;Divorciado;Curitiba;Sul;14826;10;App;Roteador;Redes;2;480;10;864;Pix;Sim;Não;4;Não;Não;January;01/01/2025
4024;C0203;42;F;Divorciado;São Paulo;Sudeste;10210;7;Site;Monitor;Informática;3;1100;15;2805;Pix;Sim;Sim;5;Não;Não;August;08/08/2025
4025;C0747;41;M;Casado;Belém;Norte;15536;12;App;Monitor;Informática;2;1100;5;2090;Cartão;Sim;Sim;5;Não;Não;July;27/07/2025
4026;C0532;70;F;Casado;Rio de Janeiro;Sudeste;18206;8;App;Impressora;Informática;2;950;0;1900;Boleto;Não;Sim;5;Não;Não;March;16/03/2025
4027;C0101;32;F;Divorciado;Fortaleza;Nordeste;15094;14;Site;Notebook;Informática;1;4500;5;4275;Cartão;Sim;Sim;5;Não;Não;June;03/06/2025
4028;C0550;56;M;Divorciado;São Paulo;Sudeste;16998;10;Loja;Smartwatch;Wearables;3;1600;15;4080;Pix;Sim;Sim;5;Não;Não;October;18/10/2025
4029;C0244;35;M;Divorciado;Rio de Janeiro;Sudeste;5735;15;App;Monitor;Informática;4;1100;0;4400;Cartão;Não;Sim;5;Não;Não;November;16/11/2025
4030;C0485;41;M;Solteiro;São Paulo;Sudeste;13356;5;App;SSD 1TB;Armazenamento;4;650;0;2600;Boleto;Não;Não;3;Não;Não;April;26/04/2025
4031;C0782;67;F;Divorciado;Recife;Nordeste;4279;13;Loja;Roteador;Redes;3;480;0;1440;Boleto;Não;Sim;4;Não;Não;August;01/08/2025
4032;C0281;24;F;Solteiro;Curitiba;Sul;19331;7;Loja;Notebook;Informática;3;4500;0;13500;Boleto;Não;Não;3;Não;Não;November;04/11/2025
4033;C0122;25;F;Divorciado;Manaus;Norte;5762;10;App;Headset;Informática;4;380;0;1520;Pix;Não;Sim;4;Não;Não;April;25/04/2025
4034;C0658;18;M;Casado;Fortaleza;Nordeste;9433;4;Loja;Notebook;Informática;3;4500;10;12150;Boleto;Sim;Sim;1;Sim;Não;March;12/03/2025
4035;C0140;53;F;Solteiro;Rio de Janeiro;Sudeste;5214;11;Site;Teclado;Informática;4;220;10;792;Boleto;Sim;Sim;5;Não;Não;February;16/02/2025
4036;C0514;66;M;Casado;Manaus;Norte;1854;2;App;Notebook;Informática;1;4500;15;3825;Cartão;Sim;Não;5;Não;Não;May;22/05/2025
4037;C0538;42;F;Divorciado;Curitiba;Sul;19716;4;Loja;Mouse;Informática;1;120;0;120;Boleto;Não;Sim;4;Não;Não;February;21/02/2025
4038;C0645;40;M;Divorciado;Belém;Norte;7086;11;App;Mouse;Informática;1;120;0;120;Pix;Não;Não;2;Sim;Não;October;28/10/2025
4039;C0037;32;F;Solteiro;Fortaleza;Nordeste;17388;0;Loja;Smartphone;Telefonia;1;2800;10;2520;Cartão;Sim;Não;4;Não;Não;November;02/11/2025
4040;C0625;36;M;Solteiro;Curitiba;Sul;15420;0;Site;Teclado;Informática;1;220;10;198;Cartão;Sim;Não;5;Não;Não;May;29/05/2025
4041;C0593;53;F;Casado;Belém;Norte;20152;11;App;Teclado;Informática;1;220;0;220;Pix;Não;Sim;4;Não;Não;December;28/12/2025
4042;C0080;34;M;Solteiro;Manaus;Norte;18255;12;Loja;Notebook;Informática;2;4500;0;9000;Boleto;Não;Sim;4;Não;Não;June;17/06/2025
4043;C0600;18;M;Divorciado;Curitiba;Sul;9575;5;App;Headset;Informática;3;380;15;969;Boleto;Sim;Sim;4;Não;Não;November;18/11/2025
4044;C0416;70;F;Casado;Manaus;Norte;15074;8;App;Headset;Informática;2;380;15;646;Boleto;Sim;Não;3;Não;Não;August;06/08/2025
4045;C0213;38;M;Divorciado;Belém;Norte;7103;4;Site;Smartwatch;Wearables;4;1600;0;6400;Boleto;Não;Não;5;Não;Não;May;23/05/2025
4046;C0022;41;F;Divorciado;Recife;Nordeste;20255;2;Site;Roteador;Redes;3;480;15;1224;Boleto;Sim;Não;4;Não;Não;August;11/08/2025
4047;C0686;69;F;Solteiro;Belém;Norte;19678;10;Site;Smartwatch;Wearables;1;1600;0;1600;Cartão;Não;Não;3;Não;Não;August;12/08/2025
4048;C0234;42;M;Casado;São Paulo;Sudeste;15510;2;Loja;Smartwatch;Wearables;4;1600;20;5120;Cartão;Sim;Não;2;Sim;Sim;October;23/10/2025
4049;C0547;44;F;Casado;Recife;Nordeste;11055;7;App;SSD 1TB;Armazenamento;2;650;0;1300;Cartão;Não;Sim;3;Não;Não;June;26/06/2025
4050;C0236;49;F;Divorciado;Brasília;Centro-Oeste;5936;13;App;Smartwatch;Wearables;4;1600;5;6080;Boleto;Sim;Não;5;Não;Não;December;09/12/2025
4051;C0438;40;F;Divorciado;Recife;Nordeste;8133;10;App;Roteador;Redes;3;480;10;1296;Boleto;Sim;Sim;5;Não;Não;March;23/03/2025
4052;C0543;66;F;Casado;Brasília;Centro-Oeste;20867;4;Loja;Teclado;Informática;4;220;0;880;Pix;Não;Sim;5;Não;Não;March;25/03/2025
4053;C0083;33;F;Solteiro;Manaus;Norte;15695;4;Loja;Smartphone;Telefonia;3;2800;15;7140;Pix;Sim;Sim;4;Não;Não;September;01/09/2025
4054;C0746;52;F;Solteiro;Rio de Janeiro;Sudeste;17896;6;Loja;Cadeira Gamer;Móveis;2;1800;5;3420;Boleto;Sim;Sim;3;Não;Não;December;30/12/2025
4055;C0608;43;M;Casado;Curitiba;Sul;14085;14;Site;SSD 1TB;Armazenamento;2;650;10;1170;Boleto;Sim;Sim;5;Não;Não;November;11/11/2025
4056;C0704;43;F;Solteiro;Curitiba;Sul;17927;5;App;Headset;Informática;3;380;0;1140;Boleto;Não;Sim;5;Não;Não;January;06/01/2025
4057;C0598;35;M;Casado;Curitiba;Sul;15355;6;Loja;Cadeira Gamer;Móveis;1;1800;0;1800;Cartão;Não;Sim;5;Não;Não;October;03/10/2025
4058;C0258;56;M;Casado;Curitiba;Sul;4980;8;Loja;Smartphone;Telefonia;3;2800;20;6720;Boleto;Sim;Sim;5;Não;Não;August;21/08/2025
4059;C0695;27;M;Casado;Rio de Janeiro;Sudeste;14101;14;Site;Monitor;Informática;1;1100;15;935;Pix;Sim;Sim;5;Não;Não;August;30/08/2025
4060;C0785;38;F;Solteiro;Manaus;Norte;2006;14;Loja;Mouse;Informática;2;120;0;240;Pix;Não;Não;4;Não;Não;November;02/11/2025
4061;C0786;38;M;Solteiro;Rio de Janeiro;Sudeste;11874;2;App;Smartphone;Telefonia;1;2800;15;2380;Boleto;Sim;Não;4;Não;Não;October;20/10/2025
4062;C0640;67;M;Divorciado;Brasília;Centro-Oeste;21528;3;Site;Cadeira Gamer;Móveis;4;1800;15;6120;Pix;Sim;Sim;3;Não;Não;November;05/11/2025
4063;C0593;61;F;Divorciado;São Paulo;Sudeste;6765;3;App;Monitor;Informática;2;1100;15;1870;Cartão;Sim;Sim;4;Não;Não;October;07/10/2025
4064;C0381;57;M;Divorciado;Recife;Nordeste;9336;1;Loja;Notebook;Informática;3;4500;10;12150;Boleto;Sim;Não;3;Não;Não;January;08/01/2025
4065;C0271;70;M;Divorciado;Manaus;Norte;2164;13;App;Notebook;Informática;3;4500;10;12150;Boleto;Sim;Não;4;Não;Não;January;05/01/2025
4066;C0622;32;F;Divorciado;Manaus;Norte;11389;14;App;Headset;Informática;2;380;0;760;Cartão;Não;Sim;5;Não;Não;May;26/05/2025
4067;C0451;38;F;Solteiro;Manaus;Norte;17227;2;Loja;Smartphone;Telefonia;3;2800;0;8400;Boleto;Não;Não;4;Não;Não;May;13/05/2025
4068;C0462;37;M;Solteiro;Manaus;Norte;2229;2;Site;Smartphone;Telefonia;2;2800;15;4760;Pix;Sim;Não;5;Sim;Não;July;13/07/2025
4069;C0487;39;F;Divorciado;Curitiba;Sul;7922;5;Loja;Impressora;Informática;1;950;0;950;Cartão;Não;Não;3;Não;Não;June;20/06/2025
4070;C0104;49;F;Solteiro;Belém;Norte;3235;8;App;Roteador;Redes;3;480;0;1440;Cartão;Não;Não;2;Sim;Não;April;15/04/2025
4071;C0179;60;M;Solteiro;Manaus;Norte;6985;12;App;Headset;Informática;2;380;0;760;Cartão;Não;Não;3;Não;Não;June;23/06/2025
4072;C0155;59;F;Divorciado;Manaus;Norte;3168;2;Loja;Headset;Informática;1;380;10;342;Pix;Sim;Não;4;Não;Não;June;18/06/2025
4073;C0548;22;M;Divorciado;Fortaleza;Nordeste;17050;10;Site;Cadeira Gamer;Móveis;2;1800;5;3420;Boleto;Sim;Sim;4;Não;Não;June;19/06/2025
4074;C0162;67;F;Divorciado;Fortaleza;Nordeste;12089;1;App;Webcam;Informática;3;260;10;702;Pix;Sim;Não;4;Não;Não;June;05/06/2025
4075;C0257;35;M;Casado;Belém;Norte;13040;5;App;Impressora;Informática;4;950;10;3420;Cartão;Sim;Sim;5;Não;Não;March;10/03/2025
4076;C0794;30;M;Divorciado;Brasília;Centro-Oeste;2944;1;App;Smartphone;Telefonia;3;2800;10;7560;Boleto;Sim;Não;4;Não;Não;November;04/11/2025
4077;C0056;19;M;Solteiro;Brasília;Centro-Oeste;20715;13;App;Smartphone;Telefonia;1;2800;20;2240;Pix;Sim;Sim;5;Não;Não;March;31/03/2025
4078;C0647;48;F;Solteiro;São Paulo;Sudeste;13709;2;Site;Smartwatch;Wearables;1;1600;0;1600;Boleto;Não;Não;3;Não;Não;December;31/12/2025
4079;C0001;65;M;Solteiro;Manaus;Norte;21875;13;App;Mouse;Informática;2;120;20;192;Boleto;Sim;Sim;4;Não;Não;July;12/07/2025
4080;C0117;58;F;Casado;Recife;Nordeste;4302;8;App;Headset;Informática;3;380;0;1140;Boleto;Não;Sim;4;Não;Não;January;20/01/2025
4081;C0345;27;M;Solteiro;São Paulo;Sudeste;16906;11;Loja;Monitor;Informática;2;1100;10;1980;Pix;Sim;Sim;3;Não;Não;November;22/11/2025
4082;C0201;64;F;Divorciado;Fortaleza;Nordeste;4217;5;Loja;SSD 1TB;Armazenamento;3;650;10;1755;Boleto;Sim;Não;2;Sim;Não;September;07/09/2025
4083;C0777;24;M;Solteiro;Rio de Janeiro;Sudeste;6739;15;Loja;SSD 1TB;Armazenamento;1;650;0;650;Pix;Não;Sim;3;Não;Não;April;04/04/2025
4084;C0697;58;F;Casado;Curitiba;Sul;12733;2;App;Notebook;Informática;1;4500;0;4500;Boleto;Não;Não;4;Não;Não;February;05/02/2025
4085;C0496;18;F;Casado;Brasília;Centro-Oeste;20197;10;App;Monitor;Informática;4;1100;10;3960;Pix;Sim;Sim;5;Não;Não;January;27/01/2025
4086;C0738;42;M;Casado;Brasília;Centro-Oeste;3495;2;Site;Impressora;Informática;4;950;0;3800;Boleto;Não;Não;4;Não;Não;August;06/08/2025
4087;C0419;46;M;Divorciado;Belém;Norte;5290;12;Site;Headset;Informática;2;380;0;760;Boleto;Não;Sim;5;Não;Não;May;29/05/2025
4088;C0532;53;F;Casado;São Paulo;Sudeste;16582;14;App;Monitor;Informática;2;1100;0;2200;Pix;Não;Sim;5;Não;Não;September;27/09/2025
4089;C0215;52;F;Casado;Recife;Nordeste;20795;8;Site;Smartphone;Telefonia;1;2800;15;2380;Cartão;Sim;Sim;4;Não;Não;November;09/11/2025
4090;C0639;23;F;Solteiro;Belém;Norte;18389;8;Loja;SSD 1TB;Armazenamento;1;650;0;650;Cartão;Não;Sim;4;Não;Não;August;23/08/2025
4091;C0571;34;F;Divorciado;Brasília;Centro-Oeste;12725;11;App;Smartwatch;Wearables;2;1600;0;3200;Pix;Não;Sim;4;Não;Não;February;18/02/2025
4092;C0166;48;F;Divorciado;Rio de Janeiro;Sudeste;15019;5;Site;Mouse;Informática;3;120;0;360;Pix;Não;Não;2;Sim;Não;June;21/06/2025
4093;C0058;61;M;Divorciado;São Paulo;Sudeste;21217;14;Site;Monitor;Informática;1;1100;0;1100;Pix;Não;Não;4;Não;Não;September;02/09/2025
4094;C0495;54;M;Casado;Curitiba;Sul;17639;15;Site;Mouse;Informática;4;120;15;408;Boleto;Sim;Sim;5;Não;Não;March;02/03/2025
4095;C0662;55;F;Solteiro;Rio de Janeiro;Sudeste;11618;5;App;Mouse;Informática;3;120;0;360;Boleto;Não;Sim;3;Não;Não;June;25/06/2025
4096;C0753;46;M;Divorciado;Fortaleza;Nordeste;9530;12;Loja;Smartwatch;Wearables;3;1600;0;4800;Pix;Não;Sim;5;Não;Não;August;02/08/2025
4097;C0186;36;F;Divorciado;Rio de Janeiro;Sudeste;9682;9;Loja;Roteador;Redes;1;480;15;408;Boleto;Sim;Sim;5;Não;Não;February;22/02/2025
4098;C0749;27;M;Solteiro;Rio de Janeiro;Sudeste;14303;6;Loja;Notebook;Informática;2;4500;20;7200;Cartão;Sim;Sim;4;Não;Não;June;13/06/2025
4099;C0630;20;M;Divorciado;Rio de Janeiro;Sudeste;11828;14;Loja;Smartwatch;Wearables;4;1600;5;6080;Pix;Sim;Sim;4;Não;Não;March;07/03/2025
4100;C0339;61;F;Casado;Fortaleza;Nordeste;12336;15;Site;Webcam;Informática;2;260;0;520;Cartão;Não;Sim;4;Não;Não;November;10/11/2025
4101;C0565;49;F;Solteiro;Fortaleza;Nordeste;18359;11;Site;Cadeira Gamer;Móveis;4;1800;0;7200;Boleto;Não;Sim;3;Não;Não;July;03/07/2025
4102;C0061;60;M;Casado;Curitiba;Sul;8893;10;Site;Teclado;Informática;2;220;0;440;Pix;Não;Sim;4;Não;Não;January;06/01/2025
4103;C0545;40;F;Solteiro;Manaus;Norte;19651;10;Loja;Mouse;Informática;2;120;10;216;Cartão;Sim;Não;4;Não;Não;August;06/08/2025
4104;C0445;45;F;Solteiro;Fortaleza;Nordeste;10922;13;Loja;SSD 1TB;Armazenamento;1;650;0;650;Cartão;Não;Sim;4;Não;Não;November;03/11/2025
4105;C0797;35;M;Solteiro;Curitiba;Sul;13387;13;Site;Smartwatch;Wearables;2;1600;10;2880;Pix;Sim;Não;1;Sim;Não;August;31/08/2025
4106;C0715;44;M;Solteiro;Rio de Janeiro;Sudeste;15737;14;Site;Notebook;Informática;3;4500;0;13500;Boleto;Não;Sim;5;Não;Não;September;28/09/2025
4107;C0273;54;M;Casado;São Paulo;Sudeste;3901;11;App;Monitor;Informática;4;1100;10;3960;Pix;Sim;Sim;5;Não;Não;November;06/11/2025
4108;C0800;63;F;Divorciado;Belém;Norte;7977;14;Site;Mouse;Informática;2;120;0;240;Pix;Não;Sim;5;Não;Não;February;10/02/2025
4109;C0168;46;F;Solteiro;Recife;Nordeste;16307;11;Loja;SSD 1TB;Armazenamento;1;650;10;585;Cartão;Sim;Sim;5;Não;Não;December;08/12/2025
4110;C0293;38;M;Solteiro;Brasília;Centro-Oeste;5176;0;Site;SSD 1TB;Armazenamento;3;650;10;1755;Boleto;Sim;Não;5;Não;Não;September;19/09/2025
4111;C0754;57;F;Solteiro;Recife;Nordeste;4973;15;Site;Roteador;Redes;2;480;10;864;Pix;Sim;Sim;4;Não;Não;January;30/01/2025
4112;C0542;22;F;Solteiro;Curitiba;Sul;11409;6;Loja;SSD 1TB;Armazenamento;4;650;0;2600;Boleto;Não;Não;2;Sim;Não;December;25/12/2025
4113;C0063;68;F;Solteiro;Recife;Nordeste;20893;11;Loja;Smartwatch;Wearables;3;1600;5;4560;Boleto;Sim;Não;5;Não;Não;November;07/11/2025
4114;C0442;69;F;Solteiro;Belém;Norte;19091;13;Loja;Roteador;Redes;3;480;0;1440;Pix;Não;Sim;3;Não;Não;December;01/12/2025
4115;C0206;18;M;Solteiro;Rio de Janeiro;Sudeste;20103;12;App;Impressora;Informática;3;950;5;2707,5;Pix;Sim;Não;5;Não;Não;September;08/09/2025
4116;C0494;29;F;Divorciado;Belém;Norte;19726;6;Site;Mouse;Informática;3;120;0;360;Boleto;Não;Sim;3;Não;Não;March;30/03/2025
4117;C0038;22;M;Solteiro;Manaus;Norte;18494;3;Site;Headset;Informática;4;380;5;1444;Pix;Sim;Sim;4;Não;Não;November;04/11/2025
4118;C0477;25;M;Divorciado;São Paulo;Sudeste;20969;4;App;Smartphone;Telefonia;3;2800;0;8400;Cartão;Não;Sim;4;Não;Não;January;24/01/2025
4119;C0197;60;F;Casado;Curitiba;Sul;6361;2;App;Impressora;Informática;2;950;0;1900;Boleto;Não;Não;4;Não;Não;June;02/06/2025
4120;C0087;27;F;Solteiro;Fortaleza;Nordeste;5633;5;Loja;Monitor;Informática;4;1100;15;3740;Pix;Sim;Sim;3;Não;Não;January;31/01/2025
4121;C0607;58;F;Casado;Recife;Nordeste;18799;13;Loja;Webcam;Informática;2;260;15;442;Pix;Sim;Sim;4;Não;Não;August;27/08/2025
4122;C0357;19;F;Solteiro;Fortaleza;Nordeste;4154;12;App;Smartwatch;Wearables;4;1600;15;5440;Pix;Sim;Não;4;Não;Não;April;09/04/2025
4123;C0630;45;M;Solteiro;Curitiba;Sul;8523;7;Loja;Mouse;Informática;2;120;5;228;Cartão;Sim;Não;4;Não;Não;September;08/09/2025
4124;C0739;62;F;Casado;Rio de Janeiro;Sudeste;20188;10;Loja;Headset;Informática;3;380;15;969;Pix;Sim;Não;5;Não;Não;August;21/08/2025
4125;C0625;63;F;Casado;Brasília;Centro-Oeste;3961;7;App;Smartwatch;Wearables;2;1600;10;2880;Cartão;Sim;Sim;5;Não;Não;November;03/11/2025
4126;C0064;70;M;Divorciado;São Paulo;Sudeste;2812;12;App;SSD 1TB;Armazenamento;1;650;15;552,5;Cartão;Sim;Não;1;Sim;Não;May;17/05/2025
4127;C0724;20;M;Solteiro;Brasília;Centro-Oeste;15625;4;App;Webcam;Informática;4;260;0;1040;Cartão;Não;Sim;5;Não;Não;December;09/12/2025
4128;C0519;36;F;Casado;São Paulo;Sudeste;5788;5;App;Monitor;Informática;3;1100;10;2970;Cartão;Sim;Sim;4;Não;Não;August;10/08/2025
4129;C0631;37;F;Casado;Manaus;Norte;21921;12;Site;Smartphone;Telefonia;3;2800;5;7980;Cartão;Sim;Sim;4;Não;Não;June;22/06/2025
4130;C0218;61;F;Divorciado;Rio de Janeiro;Sudeste;20427;0;Loja;Cadeira Gamer;Móveis;3;1800;10;4860;Pix;Sim;Não;4;Não;Não;March;17/03/2025
4131;C0064;60;M;Divorciado;Curitiba;Sul;19167;8;Loja;Cadeira Gamer;Móveis;4;1800;0;7200;Cartão;Não;Sim;5;Não;Não;February;20/02/2025
4132;C0235;61;F;Divorciado;Recife;Nordeste;11831;0;App;Smartphone;Telefonia;3;2800;10;7560;Boleto;Sim;Não;4;Não;Não;October;15/10/2025
4133;C0414;41;M;Casado;Belém;Norte;20289;4;Loja;Monitor;Informática;1;1100;10;990;Cartão;Sim;Sim;2;Sim;Não;October;09/10/2025
4134;C0247;47;M;Divorciado;Curitiba;Sul;5688;13;Loja;Cadeira Gamer;Móveis;4;1800;0;7200;Boleto;Não;Sim;5;Não;Não;November;13/11/2025
4135;C0616;32;F;Casado;Curitiba;Sul;12747;11;Loja;Teclado;Informática;3;220;15;561;Boleto;Sim;Sim;5;Não;Não;June;06/06/2025
4136;C0335;44;M;Divorciado;São Paulo;Sudeste;8794;2;App;Smartphone;Telefonia;3;2800;10;7560;Boleto;Sim;Não;3;Não;Não;August;24/08/2025
4137;C0700;55;F;Casado;Rio de Janeiro;Sudeste;4653;14;Loja;Notebook;Informática;1;4500;10;4050;Boleto;Sim;Não;3;Não;Não;September;25/09/2025
4138;C0242;57;F;Divorciado;Belém;Norte;9549;8;Loja;SSD 1TB;Armazenamento;4;650;0;2600;Cartão;Não;Não;4;Não;Não;November;07/11/2025
4139;C0073;29;F;Casado;Belém;Norte;13132;4;Site;Cadeira Gamer;Móveis;4;1800;0;7200;Boleto;Não;Sim;5;Não;Não;November;27/11/2025
4140;C0487;22;M;Casado;Brasília;Centro-Oeste;5168;5;Site;Roteador;Redes;3;480;0;1440;Pix;Não;Não;4;Não;Não;May;03/05/2025
4141;C0137;56;F;Solteiro;Rio de Janeiro;Sudeste;10589;15;Site;SSD 1TB;Armazenamento;1;650;0;650;Pix;Não;Sim;5;Não;Não;September;26/09/2025
4142;C0613;66;M;Divorciado;Brasília;Centro-Oeste;3055;2;Loja;Roteador;Redes;3;480;0;1440;Boleto;Não;Não;5;Não;Não;January;28/01/2025
4143;C0525;36;M;Casado;Fortaleza;Nordeste;12578;12;Site;Smartphone;Telefonia;2;2800;0;5600;Cartão;Não;Sim;1;Sim;Não;September;13/09/2025
4144;C0397;22;M;Solteiro;Recife;Nordeste;14632;14;App;Notebook;Informática;2;4500;0;9000;Cartão;Não;Não;3;Não;Não;March;02/03/2025
4145;C0459;49;M;Solteiro;Manaus;Norte;14041;7;Loja;Smartphone;Telefonia;3;2800;0;8400;Pix;Não;Não;4;Não;Não;July;17/07/2025
4146;C0488;48;M;Casado;Manaus;Norte;17674;6;App;Mouse;Informática;4;120;0;480;Cartão;Não;Não;5;Não;Não;July;07/07/2025
4147;C0372;65;F;Casado;Recife;Nordeste;20393;1;App;Webcam;Informática;4;260;10;936;Boleto;Sim;Não;5;Não;Não;August;15/08/2025
4148;C0215;59;M;Solteiro;São Paulo;Sudeste;13651;15;Loja;Smartwatch;Wearables;1;1600;20;1280;Pix;Sim;Sim;5;Não;Não;June;19/06/2025
4149;C0054;58;F;Divorciado;Manaus;Norte;5306;6;App;Notebook;Informática;4;4500;10;16200;Boleto;Sim;Não;4;Não;Não;March;24/03/2025
4150;C0398;45;M;Divorciado;Curitiba;Sul;7134;15;App;Teclado;Informática;4;220;10;792;Pix;Sim;Não;4;Não;Não;July;14/07/2025
4151;C0496;60;M;Casado;Recife;Nordeste;9687;11;Site;Headset;Informática;1;380;15;323;Cartão;Sim;Sim;3;Não;Não;January;14/01/2025
4152;C0383;64;M;Solteiro;Brasília;Centro-Oeste;13210;6;App;Notebook;Informática;3;4500;0;13500;Cartão;Não;Sim;5;Não;Não;February;17/02/2025
4153;C0042;69;F;Casado;Brasília;Centro-Oeste;18389;0;Loja;Smartwatch;Wearables;1;1600;10;1440;Boleto;Sim;Não;5;Não;Não;February;28/02/2025
4154;C0725;33;F;Casado;Rio de Janeiro;Sudeste;19947;3;Site;Cadeira Gamer;Móveis;3;1800;0;5400;Boleto;Não;Não;3;Não;Não;September;20/09/2025
4155;C0696;57;F;Casado;Fortaleza;Nordeste;3680;13;Site;Cadeira Gamer;Móveis;4;1800;0;7200;Pix;Não;Sim;3;Não;Não;July;30/07/2025
4156;C0208;23;M;Casado;Belém;Norte;3473;4;App;Mouse;Informática;4;120;15;408;Pix;Sim;Sim;5;Não;Não;December;18/12/2025
4157;C0104;70;M;Casado;Manaus;Norte;14878;1;Site;Headset;Informática;4;380;10;1368;Pix;Sim;Não;2;Sim;Não;October;29/10/2025
4158;C0553;54;F;Casado;Rio de Janeiro;Sudeste;16323;1;App;Smartwatch;Wearables;2;1600;10;2880;Pix;Sim;Não;5;Não;Não;April;15/04/2025
4159;C0360;33;M;Divorciado;Brasília;Centro-Oeste;19073;5;App;Impressora;Informática;4;950;5;3610;Pix;Sim;Não;3;Não;Não;March;17/03/2025
4160;C0090;69;M;Divorciado;Fortaleza;Nordeste;20935;15;Loja;Notebook;Informática;1;4500;15;3825;Cartão;Sim;Sim;4;Não;Não;June;03/06/2025
4161;C0453;51;F;Solteiro;Curitiba;Sul;14468;1;Loja;Smartwatch;Wearables;3;1600;10;4320;Pix;Sim;Não;5;Não;Não;May;29/05/2025
4162;C0600;25;F;Casado;Curitiba;Sul;17286;2;Loja;Smartphone;Telefonia;2;2800;0;5600;Boleto;Não;Não;2;Sim;Não;January;13/01/2025
4163;C0621;51;M;Solteiro;Recife;Nordeste;8865;14;Site;Impressora;Informática;4;950;5;3610;Pix;Sim;Não;5;Não;Não;April;04/04/2025
4164;C0263;30;F;Divorciado;Manaus;Norte;14886;12;App;Notebook;Informática;2;4500;0;9000;Cartão;Não;Sim;5;Não;Não;January;10/01/2025
4165;C0635;69;F;Divorciado;Recife;Nordeste;4046;4;Loja;Impressora;Informática;4;950;0;3800;Pix;Não;Sim;5;Não;Não;June;26/06/2025
4166;C0168;62;M;Solteiro;Fortaleza;Nordeste;15632;0;App;Smartwatch;Wearables;4;1600;10;5760;Pix;Sim;Não;5;Não;Não;March;06/03/2025
4167;C0591;52;F;Casado;Fortaleza;Nordeste;21801;10;App;Headset;Informática;3;380;0;1140;Cartão;Não;Sim;4;Não;Não;January;16/01/2025
4168;C0656;32;F;Solteiro;Fortaleza;Nordeste;18031;15;Loja;Monitor;Informática;2;1100;15;1870;Boleto;Sim;Sim;4;Não;Não;July;29/07/2025
4169;C0161;22;M;Solteiro;Rio de Janeiro;Sudeste;18029;11;Site;Monitor;Informática;2;1100;15;1870;Cartão;Sim;Sim;4;Não;Não;September;08/09/2025
4170;C0155;64;F;Solteiro;Rio de Janeiro;Sudeste;5152;2;Loja;Roteador;Redes;3;480;20;1152;Cartão;Sim;Não;4;Não;Não;August;22/08/2025
4171;C0001;47;F;Solteiro;Curitiba;Sul;7341;11;Loja;Smartwatch;Wearables;2;1600;15;2720;Boleto;Sim;Sim;3;Não;Não;October;05/10/2025
4172;C0717;70;M;Divorciado;Brasília;Centro-Oeste;8865;11;App;Smartwatch;Wearables;2;1600;15;2720;Boleto;Sim;Sim;5;Não;Não;December;24/12/2025
4173;C0790;62;F;Solteiro;Curitiba;Sul;12493;2;Site;Webcam;Informática;3;260;0;780;Boleto;Não;Não;5;Não;Não;January;25/01/2025
4174;C0232;20;M;Casado;Belém;Norte;14166;7;App;Smartwatch;Wearables;2;1600;0;3200;Boleto;Não;Sim;5;Não;Não;June;22/06/2025
4175;C0494;27;F;Divorciado;Manaus;Norte;21956;6;Loja;Mouse;Informática;2;120;0;240;Boleto;Não;Sim;5;Não;Não;November;07/11/2025
4176;C0754;49;F;Casado;Curitiba;Sul;19488;13;Site;Cadeira Gamer;Móveis;2;1800;0;3600;Cartão;Não;Sim;5;Não;Não;May;08/05/2025
4177;C0696;59;F;Solteiro;Belém;Norte;14106;6;Loja;Teclado;Informática;4;220;15;748;Cartão;Sim;Não;4;Não;Não;February;26/02/2025
4178;C0469;32;M;Solteiro;Fortaleza;Nordeste;12220;0;App;SSD 1TB;Armazenamento;2;650;10;1170;Pix;Sim;Não;5;Não;Não;March;19/03/2025
4179;C0359;31;F;Divorciado;Rio de Janeiro;Sudeste;15025;15;App;Mouse;Informática;2;120;5;228;Pix;Sim;Não;5;Não;Não;May;05/05/2025
4180;C0590;66;M;Casado;São Paulo;Sudeste;7624;15;App;Smartphone;Telefonia;3;2800;5;7980;Pix;Sim;Sim;5;Não;Não;April;02/04/2025
4181;C0379;24;F;Solteiro;Rio de Janeiro;Sudeste;14994;11;App;Monitor;Informática;2;1100;0;2200;Pix;Não;Não;5;Não;Não;August;12/08/2025
4182;C0349;21;M;Casado;Curitiba;Sul;10445;14;Site;Cadeira Gamer;Móveis;3;1800;5;5130;Pix;Sim;Sim;3;Não;Não;May;06/05/2025
4183;C0476;20;M;Divorciado;Recife;Nordeste;20247;5;Site;Impressora;Informática;4;950;0;3800;Boleto;Não;Sim;5;Não;Não;July;27/07/2025
4184;C0546;34;M;Casado;Belém;Norte;3674;15;App;SSD 1TB;Armazenamento;3;650;0;1950;Cartão;Não;Não;4;Não;Não;December;28/12/2025
4185;C0624;24;M;Casado;Manaus;Norte;5652;7;App;Mouse;Informática;4;120;20;384;Boleto;Sim;Não;5;Não;Não;September;09/09/2025
4186;C0647;41;M;Solteiro;Curitiba;Sul;20569;6;App;Monitor;Informática;3;1100;5;3135;Pix;Sim;Sim;4;Não;Não;September;16/09/2025
4187;C0512;24;M;Casado;São Paulo;Sudeste;17039;7;App;Smartphone;Telefonia;1;2800;10;2520;Cartão;Sim;Sim;5;Não;Não;April;07/04/2025
4188;C0294;18;F;Divorciado;Fortaleza;Nordeste;2614;4;Site;Impressora;Informática;3;950;10;2565;Cartão;Sim;Sim;4;Não;Não;February;06/02/2025
4189;C0418;47;F;Solteiro;Rio de Janeiro;Sudeste;13031;10;App;Smartwatch;Wearables;4;1600;15;5440;Cartão;Sim;Não;5;Não;Não;June;01/06/2025
4190;C0068;66;M;Solteiro;Recife;Nordeste;13445;6;Site;Headset;Informática;2;380;0;760;Pix;Não;Sim;4;Não;Não;February;22/02/2025
4191;C0416;63;M;Casado;Fortaleza;Nordeste;17297;2;Loja;Smartphone;Telefonia;2;2800;5;5320;Cartão;Sim;Não;5;Não;Não;September;22/09/2025
4192;C0232;62;F;Casado;Curitiba;Sul;9472;1;Loja;Smartphone;Telefonia;1;2800;10;2520;Cartão;Sim;Não;3;Não;Não;July;26/07/2025
4193;C0644;25;F;Solteiro;São Paulo;Sudeste;14777;3;Site;Monitor;Informática;2;1100;10;1980;Cartão;Sim;Sim;4;Não;Não;September;18/09/2025
4194;C0305;49;M;Solteiro;Manaus;Norte;18413;12;App;Notebook;Informática;1;4500;5;4275;Cartão;Sim;Sim;3;Não;Não;August;19/08/2025
4195;C0742;35;F;Casado;Brasília;Centro-Oeste;14995;3;Loja;Monitor;Informática;4;1100;5;4180;Pix;Sim;Sim;5;Não;Não;December;09/12/2025
4196;C0755;22;F;Casado;Curitiba;Sul;8127;8;Site;Cadeira Gamer;Móveis;4;1800;0;7200;Pix;Não;Não;5;Não;Não;July;25/07/2025
4197;C0766;62;F;Solteiro;Manaus;Norte;21473;13;App;Mouse;Informática;4;120;5;456;Pix;Sim;Sim;5;Não;Não;April;01/04/2025
4198;C0156;19;M;Divorciado;Belém;Norte;5436;3;Loja;SSD 1TB;Armazenamento;2;650;0;1300;Boleto;Não;Sim;5;Não;Não;December;25/12/2025
4199;C0692;32;F;Divorciado;Belém;Norte;21230;10;Loja;Notebook;Informática;4;4500;0;18000;Cartão;Não;Não;3;Não;Não;June;23/06/2025
4200;C0651;29;F;Divorciado;Rio de Janeiro;Sudeste;11025;13;Loja;Smartphone;Telefonia;2;2800;15;4760;Boleto;Sim;Sim;5;Não;Não;April;20/04/2025
4201;C0141;47;F;Solteiro;Belém;Norte;7179;13;Site;Mouse;Informática;3;120;0;360;Cartão;Não;Sim;5;Não;Não;June;02/06/2025
4202;C0554;68;F;Casado;Recife;Nordeste;3610;13;Site;Headset;Informática;3;380;0;1140;Boleto;Não;Sim;4;Não;Não;November;18/11/2025
4203;C0519;59;M;Solteiro;Fortaleza;Nordeste;4225;0;Site;Webcam;Informática;4;260;10;936;Boleto;Sim;Não;3;Não;Não;October;28/10/2025
4204;C0746;28;F;Solteiro;Belém;Norte;14426;11;Loja;Monitor;Informática;3;1100;0;3300;Cartão;Não;Sim;3;Não;Não;January;23/01/2025
4205;C0307;69;M;Casado;Curitiba;Sul;21092;6;App;Monitor;Informática;2;1100;15;1870;Cartão;Sim;Sim;4;Não;Não;May;28/05/2025
4206;C0349;28;F;Casado;Manaus;Norte;20461;15;App;Mouse;Informática;4;120;5;456;Pix;Sim;Sim;5;Não;Não;February;22/02/2025
4207;C0399;25;M;Solteiro;Manaus;Norte;17644;8;Loja;Notebook;Informática;1;4500;0;4500;Pix;Não;Não;3;Não;Não;June;08/06/2025
4208;C0070;24;M;Solteiro;São Paulo;Sudeste;14527;5;Loja;Monitor;Informática;1;1100;5;1045;Cartão;Sim;Sim;4;Não;Não;July;02/07/2025
4209;C0668;68;F;Solteiro;Manaus;Norte;2554;10;Site;Notebook;Informática;4;4500;10;16200;Boleto;Sim;Sim;4;Não;Não;February;20/02/2025
4210;C0228;27;M;Divorciado;Brasília;Centro-Oeste;7468;4;Site;Impressora;Informática;1;950;0;950;Pix;Não;Sim;3;Não;Não;October;12/10/2025
4211;C0707;52;F;Solteiro;Recife;Nordeste;18096;8;Loja;Smartwatch;Wearables;3;1600;0;4800;Cartão;Não;Sim;4;Não;Não;January;31/01/2025
4212;C0154;64;F;Solteiro;Manaus;Norte;4124;6;App;Smartphone;Telefonia;2;2800;5;5320;Boleto;Sim;Sim;5;Não;Não;January;19/01/2025
4213;C0303;18;M;Divorciado;Manaus;Norte;17714;0;Site;Mouse;Informática;4;120;10;432;Cartão;Sim;Não;1;Sim;Não;July;17/07/2025
4214;C0038;43;M;Solteiro;Fortaleza;Nordeste;19865;3;Site;Webcam;Informática;4;260;10;936;Pix;Sim;Não;4;Não;Não;July;14/07/2025
4215;C0608;69;M;Solteiro;Belém;Norte;18543;0;App;Teclado;Informática;1;220;10;198;Boleto;Sim;Não;4;Não;Não;December;14/12/2025
4216;C0682;62;M;Divorciado;Fortaleza;Nordeste;19232;3;App;Cadeira Gamer;Móveis;1;1800;0;1800;Cartão;Não;Sim;3;Não;Não;April;15/04/2025
4217;C0579;32;M;Divorciado;Curitiba;Sul;5856;4;Loja;Webcam;Informática;1;260;5;247;Cartão;Sim;Sim;3;Não;Não;January;29/01/2025
4218;C0701;29;M;Casado;Manaus;Norte;13788;2;Site;Mouse;Informática;3;120;15;306;Cartão;Sim;Não;4;Não;Não;June;28/06/2025
4219;C0106;52;M;Solteiro;Belém;Norte;4268;14;Loja;Notebook;Informática;2;4500;5;8550;Cartão;Sim;Não;3;Não;Não;March;01/03/2025
4220;C0558;29;F;Solteiro;Manaus;Norte;7102;3;Loja;Smartphone;Telefonia;1;2800;20;2240;Pix;Sim;Sim;5;Não;Não;October;28/10/2025
4221;C0582;67;M;Casado;Fortaleza;Nordeste;6776;6;Loja;Teclado;Informática;1;220;10;198;Pix;Sim;Não;5;Não;Não;June;16/06/2025
4222;C0195;18;F;Casado;Manaus;Norte;14446;13;App;Smartphone;Telefonia;4;2800;0;11200;Boleto;Não;Não;4;Não;Não;February;10/02/2025
4223;C0325;22;M;Divorciado;São Paulo;Sudeste;19067;0;Loja;Monitor;Informática;2;1100;10;1980;Boleto;Sim;Não;2;Sim;Não;August;18/08/2025
4224;C0715;50;F;Casado;Brasília;Centro-Oeste;20956;12;Loja;Teclado;Informática;1;220;15;187;Boleto;Sim;Não;5;Não;Não;December;20/12/2025
4225;C0626;70;F;Casado;Brasília;Centro-Oeste;16912;8;Site;Headset;Informática;3;380;5;1083;Cartão;Sim;Sim;4;Não;Não;February;25/02/2025
4226;C0169;29;F;Casado;Fortaleza;Nordeste;21109;13;Site;Mouse;Informática;3;120;0;360;Boleto;Não;Não;5;Não;Não;December;25/12/2025
4227;C0492;41;M;Solteiro;Curitiba;Sul;4156;6;App;Smartwatch;Wearables;1;1600;0;1600;Boleto;Não;Sim;5;Não;Não;October;27/10/2025
4228;C0279;39;M;Solteiro;Manaus;Norte;16732;12;Loja;Notebook;Informática;3;4500;10;12150;Boleto;Sim;Não;4;Não;Não;July;08/07/2025
4229;C0074;38;F;Divorciado;Fortaleza;Nordeste;17968;5;App;Notebook;Informática;4;4500;0;18000;Boleto;Não;Não;4;Não;Não;November;03/11/2025
4230;C0216;60;F;Solteiro;São Paulo;Sudeste;8899;13;Site;Smartphone;Telefonia;4;2800;15;9520;Pix;Sim;Sim;3;Não;Não;April;07/04/2025
4231;C0175;68;F;Casado;Recife;Nordeste;18972;7;Site;Smartphone;Telefonia;4;2800;0;11200;Boleto;Não;Sim;3;Não;Não;September;27/09/2025
4232;C0609;34;F;Casado;Recife;Nordeste;11318;8;Site;Cadeira Gamer;Móveis;3;1800;0;5400;Boleto;Não;Não;4;Não;Não;February;08/02/2025
4233;C0432;34;F;Casado;São Paulo;Sudeste;12860;12;App;Monitor;Informática;2;1100;0;2200;Pix;Não;Sim;1;Sim;Não;October;01/10/2025
4234;C0179;50;M;Divorciado;Brasília;Centro-Oeste;11731;14;Site;Smartphone;Telefonia;4;2800;0;11200;Pix;Não;Sim;4;Não;Não;March;29/03/2025
4235;C0355;31;M;Solteiro;Belém;Norte;6236;3;Site;Mouse;Informática;3;120;10;324;Pix;Sim;Sim;5;Não;Não;April;29/04/2025
4236;C0586;62;F;Casado;Curitiba;Sul;21053;13;Site;Notebook;Informática;3;4500;5;12825;Boleto;Sim;Sim;5;Não;Não;November;10/11/2025
4237;C0238;23;F;Casado;Fortaleza;Nordeste;13276;2;Loja;Smartwatch;Wearables;4;1600;0;6400;Pix;Não;Não;4;Não;Não;December;18/12/2025
4238;C0320;22;M;Solteiro;Rio de Janeiro;Sudeste;14283;0;Site;Mouse;Informática;3;120;10;324;Boleto;Sim;Não;4;Não;Não;April;05/04/2025
4239;C0321;38;M;Casado;Curitiba;Sul;13165;6;Loja;Impressora;Informática;2;950;10;1710;Boleto;Sim;Sim;5;Não;Não;November;07/11/2025
4240;C0767;59;M;Solteiro;Curitiba;Sul;3265;9;App;Webcam;Informática;4;260;5;988;Pix;Sim;Sim;4;Não;Não;May;19/05/2025
4241;C0486;47;F;Casado;Brasília;Centro-Oeste;10791;13;Site;Impressora;Informática;4;950;0;3800;Cartão;Não;Sim;3;Não;Não;June;07/06/2025
4242;C0165;29;F;Casado;Belém;Norte;6941;14;Loja;Mouse;Informática;2;120;0;240;Cartão;Não;Sim;3;Não;Não;February;27/02/2025
4243;C0222;55;F;Casado;Recife;Nordeste;20593;13;Site;Teclado;Informática;3;220;5;627;Cartão;Sim;Sim;5;Não;Não;April;04/04/2025
4244;C0191;40;M;Casado;Curitiba;Sul;6425;6;Site;Smartwatch;Wearables;2;1600;0;3200;Cartão;Não;Sim;4;Não;Não;June;16/06/2025
4245;C0348;42;M;Divorciado;Manaus;Norte;11137;1;Site;Smartphone;Telefonia;2;2800;10;5040;Cartão;Sim;Não;5;Não;Não;October;02/10/2025
4246;C0455;44;F;Divorciado;Brasília;Centro-Oeste;15645;6;Loja;Roteador;Redes;1;480;10;432;Boleto;Sim;Sim;5;Não;Não;July;18/07/2025
4247;C0575;62;F;Casado;Rio de Janeiro;Sudeste;5006;7;App;Cadeira Gamer;Móveis;4;1800;0;7200;Pix;Não;Sim;4;Não;Não;October;05/10/2025
4248;C0491;69;M;Solteiro;Belém;Norte;14859;1;Loja;Cadeira Gamer;Móveis;1;1800;10;1620;Pix;Sim;Não;3;Não;Não;June;06/06/2025
4249;C0581;53;M;Casado;Brasília;Centro-Oeste;17963;15;Site;Roteador;Redes;1;480;0;480;Boleto;Não;Sim;3;Não;Não;October;28/10/2025
4250;C0522;21;M;Solteiro;Recife;Nordeste;6964;0;Loja;Mouse;Informática;4;120;10;432;Cartão;Sim;Não;4;Não;Não;April;16/04/2025
4251;C0547;68;F;Solteiro;São Paulo;Sudeste;21190;15;Loja;Smartphone;Telefonia;2;2800;10;5040;Cartão;Sim;Sim;5;Não;Não;October;19/10/2025
4252;C0547;45;F;Casado;São Paulo;Sudeste;12265;12;App;Smartwatch;Wearables;3;1600;10;4320;Boleto;Sim;Sim;5;Não;Não;August;02/08/2025
4253;C0629;40;F;Solteiro;Brasília;Centro-Oeste;13276;11;Site;Monitor;Informática;1;1100;5;1045;Boleto;Sim;Não;4;Não;Não;February;28/02/2025
4254;C0517;67;M;Casado;Belém;Norte;4136;5;App;Webcam;Informática;4;260;5;988;Pix;Sim;Não;5;Não;Não;August;31/08/2025
4255;C0006;56;F;Divorciado;Curitiba;Sul;16071;3;App;Impressora;Informática;2;950;0;1900;Boleto;Não;Sim;5;Não;Não;May;01/05/2025
4256;C0576;61;M;Solteiro;São Paulo;Sudeste;18800;11;Site;SSD 1TB;Armazenamento;2;650;5;1235;Cartão;Sim;Sim;5;Não;Não;September;17/09/2025
4257;C0410;24;M;Casado;Manaus;Norte;12056;2;Site;Smartphone;Telefonia;3;2800;0;8400;Boleto;Não;Não;3;Não;Não;April;07/04/2025
4258;C0768;39;M;Casado;Recife;Nordeste;13712;12;App;Notebook;Informática;2;4500;0;9000;Cartão;Não;Sim;4;Não;Não;January;25/01/2025
4259;C0014;31;F;Solteiro;Rio de Janeiro;Sudeste;20614;11;App;SSD 1TB;Armazenamento;2;650;0;1300;Pix;Não;Sim;4;Não;Não;December;13/12/2025
4260;C0731;70;F;Solteiro;Rio de Janeiro;Sudeste;10747;10;App;SSD 1TB;Armazenamento;3;650;0;1950;Boleto;Não;Sim;4;Não;Não;November;13/11/2025
4261;C0037;55;M;Solteiro;Fortaleza;Nordeste;8559;10;Loja;Teclado;Informática;1;220;5;209;Boleto;Sim;Não;4;Não;Não;May;25/05/2025
4262;C0226;29;M;Divorciado;Fortaleza;Nordeste;20388;6;Loja;Mouse;Informática;3;120;5;342;Boleto;Sim;Não;5;Não;Não;August;12/08/2025
4263;C0082;25;M;Solteiro;São Paulo;Sudeste;11685;13;App;Monitor;Informática;3;1100;0;3300;Pix;Não;Não;4;Não;Não;September;23/09/2025
4264;C0642;40;F;Casado;Manaus;Norte;16167;4;Site;Smartphone;Telefonia;1;2800;0;2800;Cartão;Não;Sim;3;Não;Não;April;10/04/2025
4265;C0178;50;M;Solteiro;Brasília;Centro-Oeste;6230;0;Loja;Roteador;Redes;2;480;10;864;Boleto;Sim;Não;3;Não;Não;August;27/08/2025
4266;C0149;59;M;Divorciado;Manaus;Norte;2390;15;Loja;Smartphone;Telefonia;4;2800;10;10080;Cartão;Sim;Não;4;Não;Não;October;24/10/2025
4267;C0643;40;F;Casado;Rio de Janeiro;Sudeste;10218;0;Site;SSD 1TB;Armazenamento;4;650;10;2340;Boleto;Sim;Não;4;Não;Não;June;20/06/2025
4268;C0789;57;F;Divorciado;Recife;Nordeste;15239;4;App;Cadeira Gamer;Móveis;2;1800;0;3600;Cartão;Não;Não;2;Sim;Não;October;20/10/2025
4269;C0773;68;F;Solteiro;Curitiba;Sul;8761;1;Loja;Mouse;Informática;2;120;10;216;Pix;Sim;Não;3;Não;Não;August;18/08/2025
4270;C0498;25;F;Casado;Belém;Norte;20447;0;App;Teclado;Informática;3;220;10;594;Pix;Sim;Não;4;Não;Não;October;09/10/2025
4271;C0074;34;M;Solteiro;Curitiba;Sul;7841;9;App;Monitor;Informática;4;1100;15;3740;Pix;Sim;Não;5;Não;Não;October;27/10/2025
4272;C0011;63;F;Divorciado;Fortaleza;Nordeste;5194;1;App;Smartwatch;Wearables;1;1600;20;1280;Boleto;Sim;Não;4;Não;Não;October;07/10/2025
4273;C0792;18;M;Divorciado;Rio de Janeiro;Sudeste;12894;10;App;Impressora;Informática;3;950;5;2707,5;Boleto;Sim;Não;5;Não;Não;November;06/11/2025
4274;C0739;50;F;Solteiro;São Paulo;Sudeste;7547;7;App;SSD 1TB;Armazenamento;4;650;0;2600;Cartão;Não;Não;5;Não;Não;August;26/08/2025
4275;C0325;32;F;Divorciado;Rio de Janeiro;Sudeste;7760;4;Site;Notebook;Informática;4;4500;5;17100;Cartão;Sim;Sim;5;Não;Não;April;01/04/2025
4276;C0108;31;F;Divorciado;Rio de Janeiro;Sudeste;7860;5;Site;Monitor;Informática;3;1100;5;3135;Cartão;Sim;Sim;4;Não;Não;May;21/05/2025
4277;C0386;56;F;Casado;Recife;Nordeste;7584;14;Site;SSD 1TB;Armazenamento;2;650;0;1300;Pix;Não;Sim;4;Não;Não;September;17/09/2025
4278;C0673;67;M;Casado;São Paulo;Sudeste;4019;15;App;Smartphone;Telefonia;4;2800;10;10080;Cartão;Sim;Não;5;Não;Não;April;04/04/2025
4279;C0463;26;M;Divorciado;Recife;Nordeste;3109;13;App;Smartphone;Telefonia;2;2800;0;5600;Pix;Não;Sim;4;Não;Não;July;13/07/2025
4280;C0061;53;M;Casado;São Paulo;Sudeste;8378;11;App;SSD 1TB;Armazenamento;1;650;20;520;Cartão;Sim;Sim;5;Não;Não;November;20/11/2025
4281;C0694;63;F;Divorciado;Curitiba;Sul;1900;9;App;Headset;Informática;3;380;0;1140;Pix;Não;Sim;5;Não;Não;December;04/12/2025
4282;C0259;43;F;Solteiro;Rio de Janeiro;Sudeste;20855;10;App;Headset;Informática;3;380;0;1140;Pix;Não;Sim;5;Não;Não;July;21/07/2025
4283;C0144;66;M;Casado;Fortaleza;Nordeste;13564;2;Loja;Mouse;Informática;2;120;0;240;Boleto;Não;Não;5;Não;Não;August;07/08/2025
4284;C0729;32;F;Solteiro;Brasília;Centro-Oeste;5533;14;Site;Impressora;Informática;3;950;5;2707,5;Boleto;Sim;Sim;5;Não;Não;May;11/05/2025
4285;C0376;29;F;Solteiro;Recife;Nordeste;4232;6;App;Webcam;Informática;4;260;0;1040;Boleto;Não;Sim;5;Não;Não;July;30/07/2025
4286;C0795;39;F;Solteiro;Fortaleza;Nordeste;12126;9;App;Impressora;Informática;1;950;0;950;Cartão;Não;Sim;5;Não;Não;July;28/07/2025
4287;C0216;62;M;Casado;Recife;Nordeste;19775;14;Site;Monitor;Informática;4;1100;0;4400;Boleto;Não;Sim;3;Não;Não;January;01/01/2025
4288;C0739;59;F;Solteiro;Curitiba;Sul;16367;4;App;Roteador;Redes;4;480;5;1824;Pix;Sim;Não;5;Não;Não;June;21/06/2025
4289;C0474;21;M;Casado;Belém;Norte;1934;5;Loja;Webcam;Informática;2;260;0;520;Boleto;Não;Sim;5;Não;Não;March;31/03/2025
4290;C0748;63;M;Solteiro;Manaus;Norte;8517;6;App;Mouse;Informática;1;120;20;96;Cartão;Sim;Não;2;Sim;Não;February;15/02/2025
4291;C0421;67;M;Casado;Curitiba;Sul;3009;13;Site;Teclado;Informática;4;220;15;748;Pix;Sim;Não;5;Não;Não;February;17/02/2025
4292;C0073;43;M;Casado;Belém;Norte;20959;0;Loja;Smartphone;Telefonia;2;2800;10;5040;Boleto;Sim;Não;4;Não;Não;June;01/06/2025
4293;C0415;23;M;Divorciado;Brasília;Centro-Oeste;18162;9;App;Smartphone;Telefonia;2;2800;10;5040;Boleto;Sim;Não;3;Não;Não;November;27/11/2025
4294;C0737;39;F;Solteiro;Fortaleza;Nordeste;10188;10;Loja;Smartphone;Telefonia;2;2800;5;5320;Boleto;Sim;Sim;4;Não;Não;June;16/06/2025
4295;C0449;42;F;Casado;Manaus;Norte;9204;3;Loja;Mouse;Informática;4;120;0;480;Boleto;Não;Sim;3;Não;Não;August;23/08/2025
4296;C0004;51;M;Solteiro;São Paulo;Sudeste;2825;11;Loja;Smartphone;Telefonia;4;2800;0;11200;Pix;Não;Sim;5;Não;Sim;July;24/07/2025
4297;C0036;29;F;Casado;Brasília;Centro-Oeste;7706;3;Site;Webcam;Informática;3;260;0;780;Cartão;Não;Não;5;Não;Não;March;10/03/2025
4298;C0266;70;F;Solteiro;Belém;Norte;4069;14;Loja;Mouse;Informática;2;120;0;240;Cartão;Não;Sim;4;Não;Não;July;08/07/2025
4299;C0165;32;M;Divorciado;Brasília;Centro-Oeste;21881;1;Loja;Teclado;Informática;2;220;15;374;Pix;Sim;Não;2;Sim;Não;March;07/03/2025
4300;C0747;52;M;Solteiro;São Paulo;Sudeste;14466;5;Loja;Monitor;Informática;3;1100;0;3300;Boleto;Não;Sim;3;Não;Não;November;20/11/2025
4301;C0002;20;F;Divorciado;São Paulo;Sudeste;4913;14;Loja;Smartphone;Telefonia;1;2800;0;2800;Pix;Não;Sim;5;Não;Não;August;30/08/2025
4302;C0037;40;F;Casado;Brasília;Centro-Oeste;14211;9;Site;Roteador;Redes;4;480;0;1920;Cartão;Não;Sim;4;Não;Não;September;19/09/2025
4303;C0425;63;M;Solteiro;Brasília;Centro-Oeste;2912;11;Loja;SSD 1TB;Armazenamento;2;650;5;1235;Cartão;Sim;Não;5;Não;Não;October;22/10/2025
4304;C0422;26;M;Divorciado;Curitiba;Sul;4761;1;App;Roteador;Redes;3;480;10;1296;Pix;Sim;Não;3;Não;Não;March;04/03/2025
4305;C0535;35;M;Solteiro;São Paulo;Sudeste;21377;4;Site;Smartphone;Telefonia;4;2800;5;10640;Pix;Sim;Não;5;Não;Sim;November;28/11/2025
4306;C0175;31;M;Casado;Manaus;Norte;4459;3;Loja;Headset;Informática;4;380;5;1444;Boleto;Sim;Não;4;Não;Não;May;14/05/2025
4307;C0020;52;M;Divorciado;Belém;Norte;15770;11;App;Headset;Informática;2;380;10;684;Pix;Sim;Sim;3;Não;Não;March;05/03/2025
4308;C0319;63;M;Casado;São Paulo;Sudeste;2845;0;Loja;Smartwatch;Wearables;4;1600;10;5760;Boleto;Sim;Não;2;Sim;Não;July;30/07/2025
4309;C0144;55;F;Solteiro;Brasília;Centro-Oeste;21744;13;Site;Mouse;Informática;4;120;10;432;Pix;Sim;Sim;5;Não;Não;November;25/11/2025
4310;C0315;22;M;Solteiro;Brasília;Centro-Oeste;9363;14;App;Notebook;Informática;1;4500;15;3825;Boleto;Sim;Não;4;Não;Não;April;10/04/2025
4311;C0587;31;M;Divorciado;Brasília;Centro-Oeste;4019;6;Loja;Mouse;Informática;1;120;20;96;Boleto;Sim;Sim;5;Não;Não;June;10/06/2025
4312;C0447;35;F;Solteiro;Belém;Norte;14981;8;Site;Roteador;Redes;3;480;5;1368;Pix;Sim;Sim;5;Não;Não;November;12/11/2025
4313;C0186;66;M;Casado;Rio de Janeiro;Sudeste;3589;6;Loja;Smartwatch;Wearables;2;1600;10;2880;Pix;Sim;Sim;5;Não;Não;October;13/10/2025
4314;C0508;18;F;Casado;Brasília;Centro-Oeste;11240;8;Loja;Notebook;Informática;1;4500;0;4500;Pix;Não;Não;4;Não;Não;November;05/11/2025
4315;C0334;41;M;Divorciado;São Paulo;Sudeste;2480;11;App;Smartwatch;Wearables;2;1600;5;3040;Boleto;Sim;Sim;3;Não;Não;October;22/10/2025
4316;C0070;30;M;Divorciado;Fortaleza;Nordeste;15983;1;Site;Smartwatch;Wearables;2;1600;10;2880;Cartão;Sim;Não;5;Não;Não;November;27/11/2025
4317;C0280;31;F;Solteiro;Curitiba;Sul;9141;13;App;Headset;Informática;4;380;20;1216;Pix;Sim;Sim;5;Não;Não;November;12/11/2025
4318;C0733;38;F;Casado;Rio de Janeiro;Sudeste;3664;8;Site;Impressora;Informática;4;950;0;3800;Cartão;Não;Sim;5;Não;Não;May;24/05/2025
4319;C0750;34;F;Solteiro;Brasília;Centro-Oeste;5518;12;App;Smartwatch;Wearables;2;1600;20;2560;Boleto;Sim;Não;5;Não;Não;March;19/03/2025
4320;C0294;35;M;Solteiro;São Paulo;Sudeste;10072;5;Loja;Smartwatch;Wearables;1;1600;0;1600;Pix;Não;Sim;5;Não;Não;September;17/09/2025
4321;C0199;40;M;Solteiro;Brasília;Centro-Oeste;20989;2;App;SSD 1TB;Armazenamento;2;650;10;1170;Cartão;Sim;Não;5;Não;Não;October;16/10/2025
4322;C0022;24;F;Solteiro;Brasília;Centro-Oeste;2828;12;App;Monitor;Informática;3;1100;10;2970;Boleto;Sim;Sim;4;Não;Não;October;14/10/2025
4323;C0210;34;M;Casado;Recife;Nordeste;12616;10;Loja;Impressora;Informática;2;950;20;1520;Boleto;Sim;Não;4;Não;Não;May;27/05/2025
4324;C0583;30;F;Solteiro;Belém;Norte;11991;14;Site;Smartphone;Telefonia;2;2800;10;5040;Pix;Sim;Não;5;Não;Não;April;17/04/2025
4325;C0093;38;M;Casado;Curitiba;Sul;15389;14;Site;Mouse;Informática;3;120;0;360;Boleto;Não;Não;3;Não;Não;July;05/07/2025
4326;C0122;68;F;Divorciado;Manaus;Norte;17023;11;Loja;Mouse;Informática;2;120;0;240;Pix;Não;Sim;4;Não;Não;April;13/04/2025
4327;C0189;57;M;Divorciado;Rio de Janeiro;Sudeste;4771;5;App;Roteador;Redes;2;480;0;960;Cartão;Não;Não;1;Sim;Não;November;29/11/2025
4328;C0611;41;M;Divorciado;São Paulo;Sudeste;16577;5;Loja;Monitor;Informática;3;1100;10;2970;Boleto;Sim;Sim;4;Não;Não;January;02/01/2025
4329;C0084;48;F;Casado;Belém;Norte;6616;5;App;Notebook;Informática;2;4500;5;8550;Pix;Sim;Não;5;Não;Não;November;28/11/2025
4330;C0568;65;F;Divorciado;Curitiba;Sul;20451;14;Site;Impressora;Informática;3;950;15;2422,5;Pix;Sim;Não;2;Sim;Não;December;23/12/2025
4331;C0126;32;M;Casado;São Paulo;Sudeste;16783;12;Loja;SSD 1TB;Armazenamento;2;650;15;1105;Pix;Sim;Sim;4;Não;Não;May;30/05/2025
4332;C0121;68;M;Casado;Brasília;Centro-Oeste;18005;13;Site;Cadeira Gamer;Móveis;2;1800;10;3240;Boleto;Sim;Sim;5;Não;Não;March;07/03/2025
4333;C0176;48;M;Divorciado;Manaus;Norte;1824;5;Site;Mouse;Informática;4;120;0;480;Cartão;Não;Sim;3;Não;Não;November;20/11/2025
4334;C0081;61;F;Solteiro;Curitiba;Sul;6321;0;Site;Smartwatch;Wearables;1;1600;10;1440;Boleto;Sim;Não;4;Não;Não;August;02/08/2025
4335;C0381;30;M;Casado;Manaus;Norte;14255;10;App;Mouse;Informática;1;120;5;114;Boleto;Sim;Não;4;Não;Não;February;14/02/2025
4336;C0274;26;M;Divorciado;Brasília;Centro-Oeste;20157;0;Site;Monitor;Informática;3;1100;10;2970;Pix;Sim;Não;2;Sim;Não;January;19/01/2025
4337;C0303;43;M;Divorciado;São Paulo;Sudeste;9565;13;App;Smartwatch;Wearables;2;1600;0;3200;Boleto;Não;Sim;5;Não;Não;March;01/03/2025
4338;C0345;31;F;Divorciado;São Paulo;Sudeste;16436;11;Loja;Smartphone;Telefonia;2;2800;15;4760;Boleto;Sim;Sim;4;Não;Não;November;13/11/2025
4339;C0065;29;F;Casado;Fortaleza;Nordeste;8255;8;Site;Cadeira Gamer;Móveis;2;1800;0;3600;Pix;Não;Sim;4;Não;Não;October;01/10/2025
4340;C0173;62;M;Divorciado;Curitiba;Sul;4960;4;App;Smartwatch;Wearables;1;1600;0;1600;Cartão;Não;Sim;4;Não;Não;December;31/12/2025
4341;C0027;47;F;Solteiro;São Paulo;Sudeste;19983;13;Loja;SSD 1TB;Armazenamento;1;650;0;650;Cartão;Não;Não;4;Não;Não;April;08/04/2025
4342;C0260;34;F;Divorciado;Belém;Norte;9247;0;Loja;Smartwatch;Wearables;2;1600;10;2880;Pix;Sim;Não;2;Sim;Não;December;17/12/2025
4343;C0353;29;M;Solteiro;Brasília;Centro-Oeste;2148;9;Loja;Notebook;Informática;2;4500;5;8550;Cartão;Sim;Sim;4;Não;Não;February;26/02/2025
4344;C0379;26;F;Divorciado;Recife;Nordeste;3399;10;Site;SSD 1TB;Armazenamento;3;650;0;1950;Pix;Não;Não;2;Sim;Não;August;16/08/2025
4345;C0528;52;M;Divorciado;São Paulo;Sudeste;14387;10;Loja;Smartphone;Telefonia;3;2800;5;7980;Pix;Sim;Sim;3;Não;Não;February;26/02/2025
4346;C0631;47;F;Solteiro;Rio de Janeiro;Sudeste;3861;8;App;Monitor;Informática;2;1100;5;2090;Cartão;Sim;Sim;5;Não;Não;November;07/11/2025
4347;C0237;68;F;Solteiro;Recife;Nordeste;12674;1;Site;SSD 1TB;Armazenamento;1;650;10;585;Cartão;Sim;Não;4;Não;Não;December;20/12/2025
4348;C0076;22;F;Solteiro;Recife;Nordeste;2709;6;App;Impressora;Informática;3;950;0;2850;Cartão;Não;Sim;4;Não;Não;May;25/05/2025
4349;C0089;55;M;Solteiro;Rio de Janeiro;Sudeste;13608;7;Loja;Notebook;Informática;1;4500;0;4500;Cartão;Não;Sim;4;Não;Não;August;30/08/2025
4350;C0132;56;M;Solteiro;Belém;Norte;8188;11;App;Smartphone;Telefonia;2;2800;10;5040;Pix;Sim;Sim;5;Não;Não;February;27/02/2025
4351;C0214;51;M;Solteiro;Manaus;Norte;16471;3;Loja;Headset;Informática;2;380;0;760;Boleto;Não;Sim;5;Não;Não;March;27/03/2025
4352;C0450;32;F;Casado;Rio de Janeiro;Sudeste;10749;10;App;Headset;Informática;2;380;10;684;Cartão;Sim;Não;5;Não;Não;March;23/03/2025
4353;C0056;55;F;Solteiro;Brasília;Centro-Oeste;8664;1;Site;Notebook;Informática;2;4500;10;8100;Cartão;Sim;Não;5;Não;Não;December;06/12/2025
4354;C0261;28;F;Divorciado;Brasília;Centro-Oeste;11844;5;Loja;Mouse;Informática;4;120;15;408;Boleto;Sim;Sim;3;Não;Não;December;27/12/2025
4355;C0105;33;F;Solteiro;Curitiba;Sul;21120;3;Site;Headset;Informática;3;380;5;1083;Cartão;Sim;Não;5;Não;Não;February;24/02/2025
4356;C0055;42;F;Solteiro;Fortaleza;Nordeste;3923;15;App;Notebook;Informática;3;4500;5;12825;Boleto;Sim;Não;5;Não;Não;April;30/04/2025
4357;C0658;20;M;Solteiro;Fortaleza;Nordeste;16575;4;App;Cadeira Gamer;Móveis;4;1800;0;7200;Boleto;Não;Sim;3;Não;Não;August;11/08/2025
4358;C0161;54;M;Solteiro;Belém;Norte;7116;7;App;Cadeira Gamer;Móveis;2;1800;0;3600;Boleto;Não;Não;5;Não;Não;September;22/09/2025
4359;C0214;18;M;Solteiro;Brasília;Centro-Oeste;6199;12;App;Impressora;Informática;2;950;5;1805;Cartão;Sim;Não;5;Não;Não;October;03/10/2025
4360;C0746;20;F;Solteiro;Manaus;Norte;10234;6;Site;Headset;Informática;3;380;10;1026;Boleto;Sim;Sim;1;Sim;Não;January;02/01/2025
4361;C0270;29;F;Divorciado;Rio de Janeiro;Sudeste;15294;13;Loja;Notebook;Informática;2;4500;0;9000;Cartão;Não;Sim;2;Sim;Não;December;24/12/2025
4362;C0660;50;M;Divorciado;Fortaleza;Nordeste;20028;7;App;Smartphone;Telefonia;3;2800;0;8400;Pix;Não;Sim;3;Não;Não;July;22/07/2025
4363;C0765;55;M;Solteiro;Recife;Nordeste;6905;8;Loja;Impressora;Informática;3;950;10;2565;Cartão;Sim;Sim;4;Não;Não;November;25/11/2025
4364;C0794;40;F;Casado;São Paulo;Sudeste;12099;11;Site;Smartphone;Telefonia;3;2800;0;8400;Pix;Não;Sim;4;Não;Não;October;30/10/2025
4365;C0426;25;M;Divorciado;Curitiba;Sul;3602;15;App;Monitor;Informática;1;1100;10;990;Boleto;Sim;Não;5;Não;Não;July;08/07/2025
4366;C0658;65;F;Divorciado;São Paulo;Sudeste;5821;0;Site;Smartwatch;Wearables;3;1600;10;4320;Cartão;Sim;Não;5;Não;Não;April;20/04/2025
4367;C0771;49;M;Casado;Manaus;Norte;7777;2;Loja;Headset;Informática;2;380;0;760;Boleto;Não;Não;5;Não;Não;June;19/06/2025
4368;C0137;61;M;Solteiro;Curitiba;Sul;2607;14;Loja;Webcam;Informática;2;260;10;468;Boleto;Sim;Não;5;Não;Não;February;23/02/2025
4369;C0537;56;F;Divorciado;Fortaleza;Nordeste;13655;0;Loja;Monitor;Informática;1;1100;10;990;Cartão;Sim;Não;4;Não;Não;June;02/06/2025
4370;C0361;25;M;Solteiro;Curitiba;Sul;2077;14;Loja;Notebook;Informática;1;4500;10;4050;Cartão;Sim;Não;3;Não;Não;May;16/05/2025
4371;C0363;40;M;Divorciado;Fortaleza;Nordeste;4224;5;App;Notebook;Informática;2;4500;5;8550;Cartão;Sim;Não;3;Não;Não;July;11/07/2025
4372;C0201;44;M;Divorciado;Recife;Nordeste;15699;5;App;Notebook;Informática;3;4500;0;13500;Boleto;Não;Sim;4;Não;Não;May;12/05/2025
4373;C0330;49;M;Divorciado;Manaus;Norte;6199;7;Site;Headset;Informática;1;380;0;380;Cartão;Não;Sim;4;Não;Não;October;20/10/2025
4374;C0694;30;F;Casado;Belém;Norte;10853;11;App;Headset;Informática;1;380;10;342;Cartão;Sim;Sim;4;Não;Não;February;16/02/2025
4375;C0051;52;M;Solteiro;São Paulo;Sudeste;18809;7;App;Monitor;Informática;2;1100;20;1760;Boleto;Sim;Sim;1;Sim;Não;January;29/01/2025
4376;C0490;62;F;Casado;Rio de Janeiro;Sudeste;7430;7;App;Mouse;Informática;1;120;0;120;Boleto;Não;Não;5;Não;Não;May;19/05/2025
4377;C0010;55;F;Casado;São Paulo;Sudeste;11323;8;Site;Monitor;Informática;1;1100;5;1045;Pix;Sim;Sim;4;Não;Não;January;24/01/2025
4378;C0626;56;F;Solteiro;Brasília;Centro-Oeste;3883;7;Loja;Impressora;Informática;4;950;10;3420;Pix;Sim;Não;5;Não;Não;February;14/02/2025
4379;C0562;19;M;Divorciado;Fortaleza;Nordeste;7670;0;App;Mouse;Informática;1;120;10;108;Cartão;Sim;Não;5;Não;Não;May;24/05/2025
4380;C0684;30;M;Casado;Recife;Nordeste;13327;10;Site;Monitor;Informática;3;1100;0;3300;Pix;Não;Sim;3;Não;Não;August;21/08/2025
4381;C0246;65;M;Casado;Rio de Janeiro;Sudeste;16831;1;App;Smartphone;Telefonia;4;2800;10;10080;Pix;Sim;Não;5;Não;Sim;June;08/06/2025
4382;C0174;65;F;Solteiro;Rio de Janeiro;Sudeste;8119;1;Site;SSD 1TB;Armazenamento;4;650;10;2340;Pix;Sim;Não;5;Não;Não;March;23/03/2025
4383;C0120;53;F;Solteiro;Recife;Nordeste;12763;1;Loja;Headset;Informática;2;380;10;684;Pix;Sim;Não;5;Não;Não;March;13/03/2025
4384;C0412;34;F;Solteiro;São Paulo;Sudeste;18023;5;Site;SSD 1TB;Armazenamento;1;650;0;650;Cartão;Não;Sim;4;Não;Não;May;01/05/2025
4385;C0733;35;F;Casado;Curitiba;Sul;8876;12;Loja;Smartphone;Telefonia;2;2800;10;5040;Pix;Sim;Não;5;Não;Não;November;14/11/2025
4386;C0326;30;M;Casado;Rio de Janeiro;Sudeste;21826;0;App;Webcam;Informática;3;260;10;702;Boleto;Sim;Não;5;Não;Não;April;29/04/2025
4387;C0706;65;M;Casado;São Paulo;Sudeste;15984;9;Site;Smartwatch;Wearables;2;1600;20;2560;Pix;Sim;Não;2;Sim;Não;September;28/09/2025
4388;C0625;26;M;Divorciado;Rio de Janeiro;Sudeste;18740;13;Loja;Monitor;Informática;1;1100;0;1100;Cartão;Não;Sim;4;Não;Não;February;20/02/2025
4389;C0760;50;M;Divorciado;Manaus;Norte;21943;2;Site;Notebook;Informática;3;4500;5;12825;Pix;Sim;Não;5;Não;Sim;November;30/11/2025
4390;C0779;61;M;Divorciado;Manaus;Norte;11102;15;Loja;Notebook;Informática;3;4500;15;11475;Cartão;Sim;Sim;4;Não;Não;February;28/02/2025
4391;C0500;38;M;Casado;Brasília;Centro-Oeste;17043;13;Loja;Cadeira Gamer;Móveis;4;1800;5;6840;Boleto;Sim;Sim;4;Não;Não;August;05/08/2025
4392;C0489;41;M;Divorciado;Recife;Nordeste;14494;6;Loja;Webcam;Informática;2;260;5;494;Boleto;Sim;Não;5;Não;Não;January;14/01/2025
4393;C0219;40;M;Solteiro;Fortaleza;Nordeste;2475;7;App;Roteador;Redes;1;480;0;480;Cartão;Não;Sim;5;Não;Não;December;26/12/2025
4394;C0086;46;F;Solteiro;Rio de Janeiro;Sudeste;3284;8;Site;Webcam;Informática;3;260;5;741;Cartão;Sim;Sim;4;Não;Não;October;28/10/2025
4395;C0233;21;F;Casado;São Paulo;Sudeste;5452;4;Loja;SSD 1TB;Armazenamento;1;650;15;552,5;Boleto;Sim;Sim;5;Não;Não;August;29/08/2025
4396;C0144;68;F;Solteiro;Rio de Janeiro;Sudeste;14455;15;App;Webcam;Informática;4;260;0;1040;Boleto;Não;Não;4;Não;Não;December;13/12/2025
4397;C0329;62;M;Casado;Manaus;Norte;11259;14;Loja;Headset;Informática;3;380;15;969;Boleto;Sim;Sim;5;Não;Não;August;04/08/2025
4398;C0122;48;M;Casado;Curitiba;Sul;15879;7;Loja;Monitor;Informática;4;1100;0;4400;Cartão;Não;Sim;4;Não;Não;May;31/05/2025
4399;C0568;39;M;Solteiro;Belém;Norte;16695;13;Loja;Headset;Informática;4;380;5;1444;Cartão;Sim;Sim;5;Não;Não;October;27/10/2025
4400;C0443;60;M;Casado;Curitiba;Sul;13740;10;Site;Impressora;Informática;4;950;5;3610;Pix;Sim;Sim;4;Não;Não;November;18/11/2025
4401;C0595;30;F;Casado;Brasília;Centro-Oeste;17740;7;Loja;Roteador;Redes;3;480;0;1440;Pix;Não;Sim;4;Não;Não;July;20/07/2025
4402;C0205;23;F;Casado;Fortaleza;Nordeste;3327;6;App;SSD 1TB;Armazenamento;1;650;0;650;Boleto;Não;Sim;1;Sim;Não;February;04/02/2025
4403;C0379;70;F;Divorciado;Belém;Norte;6343;4;App;Smartwatch;Wearables;4;1600;0;6400;Boleto;Não;Sim;4;Não;Não;February;27/02/2025
4404;C0247;57;F;Divorciado;Brasília;Centro-Oeste;9582;2;App;Teclado;Informática;2;220;0;440;Boleto;Não;Não;5;Não;Não;August;08/08/2025
4405;C0233;25;F;Divorciado;Rio de Janeiro;Sudeste;15252;11;Loja;Headset;Informática;4;380;0;1520;Pix;Não;Sim;5;Não;Não;November;15/11/2025
4406;C0130;69;M;Casado;São Paulo;Sudeste;11160;13;Loja;SSD 1TB;Armazenamento;2;650;10;1170;Boleto;Sim;Não;3;Não;Não;October;01/10/2025
4407;C0591;64;F;Casado;Recife;Nordeste;17691;1;App;Headset;Informática;4;380;10;1368;Pix;Sim;Não;4;Não;Não;January;14/01/2025
4408;C0304;50;M;Divorciado;Belém;Norte;11654;11;Loja;Notebook;Informática;1;4500;5;4275;Boleto;Sim;Não;5;Não;Não;February;11/02/2025
4409;C0056;35;F;Divorciado;São Paulo;Sudeste;6882;0;Site;Smartphone;Telefonia;1;2800;10;2520;Boleto;Sim;Não;3;Não;Não;June;23/06/2025
4410;C0408;69;F;Casado;Manaus;Norte;3422;5;App;Headset;Informática;2;380;5;722;Cartão;Sim;Sim;4;Não;Não;July;15/07/2025
4411;C0004;20;M;Divorciado;Fortaleza;Nordeste;11588;8;App;Webcam;Informática;3;260;0;780;Boleto;Não;Sim;3;Não;Não;February;21/02/2025
4412;C0301;19;F;Solteiro;Manaus;Norte;17810;11;Loja;Mouse;Informática;4;120;5;456;Cartão;Sim;Sim;5;Não;Não;August;24/08/2025
4413;C0490;58;M;Casado;Manaus;Norte;3784;3;App;Mouse;Informática;2;120;0;240;Boleto;Não;Não;4;Não;Não;June;07/06/2025
4414;C0107;37;F;Casado;Manaus;Norte;16158;4;Loja;Notebook;Informática;3;4500;0;13500;Pix;Não;Não;3;Não;Não;September;23/09/2025
4415;C0763;41;F;Casado;Brasília;Centro-Oeste;7480;2;Loja;Notebook;Informática;4;4500;10;16200;Pix;Sim;Não;5;Não;Não;June;18/06/2025
4416;C0719;40;F;Casado;Curitiba;Sul;15067;8;Loja;Mouse;Informática;2;120;5;228;Boleto;Sim;Não;4;Não;Não;August;08/08/2025
4417;C0754;64;F;Solteiro;Manaus;Norte;19300;8;Site;Smartphone;Telefonia;2;2800;0;5600;Cartão;Não;Não;5;Não;Não;May;13/05/2025
4418;C0292;39;F;Solteiro;Brasília;Centro-Oeste;2577;8;Loja;Impressora;Informática;1;950;5;902,5;Boleto;Sim;Sim;5;Não;Não;February;01/02/2025
4419;C0527;31;F;Divorciado;Fortaleza;Nordeste;9167;10;Site;Mouse;Informática;2;120;5;228;Boleto;Sim;Sim;5;Não;Não;July;31/07/2025
4420;C0243;49;F;Solteiro;São Paulo;Sudeste;14265;8;App;Smartphone;Telefonia;3;2800;0;8400;Boleto;Não;Não;4;Não;Não;February;09/02/2025
4421;C0366;43;F;Divorciado;Brasília;Centro-Oeste;4736;14;Loja;Roteador;Redes;1;480;15;408;Pix;Sim;Não;4;Não;Não;April;19/04/2025
4422;C0619;66;F;Casado;Belém;Norte;2664;8;Site;Roteador;Redes;3;480;0;1440;Pix;Não;Sim;4;Não;Não;August;28/08/2025
4423;C0392;36;M;Solteiro;Brasília;Centro-Oeste;19731;12;Site;Roteador;Redes;3;480;10;1296;Cartão;Sim;Sim;3;Não;Não;November;14/11/2025
4424;C0448;53;F;Casado;Curitiba;Sul;21151;2;Loja;Roteador;Redes;4;480;5;1824;Pix;Sim;Não;3;Não;Não;July;18/07/2025
4425;C0416;70;M;Solteiro;Recife;Nordeste;14323;3;Site;Headset;Informática;2;380;0;760;Cartão;Não;Sim;5;Não;Não;August;27/08/2025
4426;C0174;35;F;Casado;São Paulo;Sudeste;8846;8;App;Monitor;Informática;3;1100;0;3300;Cartão;Não;Não;4;Não;Não;March;04/03/2025
4427;C0227;31;M;Casado;Brasília;Centro-Oeste;5720;9;Site;Impressora;Informática;4;950;0;3800;Cartão;Não;Não;1;Sim;Não;May;11/05/2025
4428;C0567;53;M;Casado;Rio de Janeiro;Sudeste;16157;4;Site;Cadeira Gamer;Móveis;1;1800;10;1620;Pix;Sim;Sim;5;Não;Não;March;30/03/2025
4429;C0134;33;F;Casado;Rio de Janeiro;Sudeste;20971;13;App;SSD 1TB;Armazenamento;1;650;20;520;Boleto;Sim;Sim;3;Não;Não;May;18/05/2025
4430;C0036;50;M;Solteiro;São Paulo;Sudeste;21443;12;Loja;Smartphone;Telefonia;3;2800;0;8400;Pix;Não;Sim;5;Não;Não;July;21/07/2025
4431;C0561;35;M;Divorciado;Manaus;Norte;20329;0;Loja;Notebook;Informática;3;4500;10;12150;Cartão;Sim;Não;5;Não;Não;September;04/09/2025
4432;C0034;27;M;Divorciado;Manaus;Norte;6151;9;App;Smartphone;Telefonia;3;2800;5;7980;Cartão;Sim;Sim;4;Não;Não;August;14/08/2025
4433;C0047;59;F;Divorciado;Rio de Janeiro;Sudeste;9391;9;Loja;Headset;Informática;1;380;20;304;Boleto;Sim;Não;4;Não;Não;November;03/11/2025
4434;C0260;38;F;Solteiro;São Paulo;Sudeste;17420;1;Site;SSD 1TB;Armazenamento;3;650;10;1755;Cartão;Sim;Não;4;Não;Não;July;07/07/2025
4435;C0200;46;M;Casado;Brasília;Centro-Oeste;4176;8;Site;Notebook;Informática;4;4500;0;18000;Pix;Não;Sim;2;Sim;Não;June;18/06/2025
4436;C0192;52;F;Casado;Manaus;Norte;3771;12;Loja;Smartphone;Telefonia;1;2800;10;2520;Cartão;Sim;Sim;5;Não;Não;June;07/06/2025
4437;C0636;36;F;Divorciado;Fortaleza;Nordeste;5832;13;Site;Cadeira Gamer;Móveis;4;1800;10;6480;Cartão;Sim;Sim;4;Não;Não;November;27/11/2025
4438;C0755;69;M;Solteiro;Brasília;Centro-Oeste;4641;9;App;Smartphone;Telefonia;3;2800;15;7140;Cartão;Sim;Sim;4;Não;Não;November;27/11/2025
4439;C0776;61;F;Divorciado;São Paulo;Sudeste;5132;6;Loja;Smartphone;Telefonia;2;2800;10;5040;Pix;Sim;Sim;5;Não;Não;October;22/10/2025
4440;C0241;41;M;Casado;Rio de Janeiro;Sudeste;18052;0;Site;Smartwatch;Wearables;2;1600;15;2720;Boleto;Sim;Não;3;Não;Não;February;28/02/2025
4441;C0133;23;F;Solteiro;Rio de Janeiro;Sudeste;10334;0;Loja;Webcam;Informática;4;260;10;936;Cartão;Sim;Não;1;Sim;Não;March;04/03/2025
4442;C0502;47;M;Divorciado;Curitiba;Sul;14466;6;Loja;Teclado;Informática;4;220;0;880;Boleto;Não;Sim;4;Não;Não;April;29/04/2025
4443;C0261;23;F;Casado;Belém;Norte;8391;1;App;Impressora;Informática;2;950;10;1710;Boleto;Sim;Não;4;Não;Não;February;02/02/2025
4444;C0157;63;F;Casado;Fortaleza;Nordeste;20212;4;Loja;SSD 1TB;Armazenamento;3;650;0;1950;Cartão;Não;Sim;4;Não;Não;September;27/09/2025
4445;C0596;36;F;Casado;Manaus;Norte;21064;1;Loja;Smartphone;Telefonia;2;2800;10;5040;Boleto;Sim;Não;4;Não;Não;March;23/03/2025
4446;C0030;20;M;Casado;Recife;Nordeste;10759;7;App;Cadeira Gamer;Móveis;3;1800;5;5130;Boleto;Sim;Sim;4;Não;Não;December;14/12/2025
4447;C0472;65;F;Casado;Brasília;Centro-Oeste;14853;14;App;Monitor;Informática;3;1100;10;2970;Cartão;Sim;Não;4;Não;Não;November;14/11/2025
4448;C0083;41;M;Solteiro;Recife;Nordeste;14634;2;Site;Smartphone;Telefonia;3;2800;0;8400;Boleto;Não;Não;5;Não;Não;November;10/11/2025
4449;C0122;47;M;Solteiro;Brasília;Centro-Oeste;17445;2;Loja;Smartwatch;Wearables;3;1600;0;4800;Boleto;Não;Não;3;Não;Não;November;02/11/2025
4450;C0715;31;M;Divorciado;Fortaleza;Nordeste;10986;7;Loja;Monitor;Informática;1;1100;0;1100;Cartão;Não;Sim;3;Não;Não;September;30/09/2025
4451;C0506;18;M;Solteiro;Belém;Norte;6402;8;App;Teclado;Informática;1;220;15;187;Cartão;Sim;Sim;4;Não;Não;April;21/04/2025
4452;C0114;46;M;Casado;Belém;Norte;5362;12;Loja;Smartphone;Telefonia;1;2800;0;2800;Pix;Não;Sim;5;Não;Não;April;20/04/2025
4453;C0659;22;F;Solteiro;Fortaleza;Nordeste;21987;14;Loja;Mouse;Informática;2;120;20;192;Pix;Sim;Sim;4;Não;Não;November;09/11/2025
4454;C0680;38;M;Solteiro;Belém;Norte;13511;10;Loja;Monitor;Informática;4;1100;0;4400;Boleto;Não;Sim;4;Não;Não;August;23/08/2025
4455;C0542;59;F;Divorciado;Curitiba;Sul;10739;13;Site;Teclado;Informática;1;220;0;220;Boleto;Não;Não;3;Não;Não;July;16/07/2025
4456;C0318;69;M;Divorciado;São Paulo;Sudeste;21248;1;Site;SSD 1TB;Armazenamento;2;650;10;1170;Cartão;Sim;Não;4;Não;Não;July;28/07/2025
4457;C0237;24;F;Casado;Recife;Nordeste;11505;13;App;Cadeira Gamer;Móveis;4;1800;0;7200;Boleto;Não;Sim;5;Não;Não;August;07/08/2025
4458;C0488;49;F;Casado;Fortaleza;Nordeste;2215;14;Loja;Cadeira Gamer;Móveis;1;1800;0;1800;Pix;Não;Sim;3;Não;Não;April;22/04/2025
4459;C0180;43;F;Solteiro;Belém;Norte;20339;1;Site;Monitor;Informática;2;1100;10;1980;Pix;Sim;Não;5;Não;Não;December;06/12/2025
4460;C0752;28;M;Divorciado;Curitiba;Sul;11881;0;App;Roteador;Redes;4;480;10;1728;Cartão;Sim;Não;4;Não;Não;June;17/06/2025
4461;C0426;37;F;Divorciado;Recife;Nordeste;5697;14;Loja;Monitor;Informática;2;1100;10;1980;Pix;Sim;Sim;5;Não;Não;December;22/12/2025
4462;C0584;70;F;Divorciado;Belém;Norte;13835;13;App;Webcam;Informática;2;260;0;520;Cartão;Não;Não;4;Não;Não;September;06/09/2025
4463;C0504;31;M;Solteiro;Fortaleza;Nordeste;16014;1;Loja;Cadeira Gamer;Móveis;2;1800;10;3240;Boleto;Sim;Não;4;Não;Não;May;17/05/2025
4464;C0533;67;M;Divorciado;Recife;Nordeste;8435;8;Site;Webcam;Informática;4;260;0;1040;Cartão;Não;Sim;3;Não;Não;August;18/08/2025
4465;C0774;64;F;Casado;Belém;Norte;21768;3;Site;Impressora;Informática;4;950;0;3800;Boleto;Não;Sim;3;Não;Não;September;09/09/2025
4466;C0287;34;F;Solteiro;Curitiba;Sul;9125;7;App;Headset;Informática;1;380;10;342;Pix;Sim;Sim;5;Não;Não;May;15/05/2025
4467;C0577;19;M;Solteiro;São Paulo;Sudeste;3661;1;App;Monitor;Informática;2;1100;10;1980;Cartão;Sim;Não;5;Não;Não;November;04/11/2025
4468;C0759;59;M;Solteiro;Rio de Janeiro;Sudeste;10089;15;Loja;Smartwatch;Wearables;4;1600;15;5440;Cartão;Sim;Não;4;Não;Não;March;13/03/2025
4469;C0322;38;F;Casado;Rio de Janeiro;Sudeste;5222;13;Loja;Smartwatch;Wearables;2;1600;0;3200;Boleto;Não;Não;5;Não;Não;July;20/07/2025
4470;C0487;18;M;Casado;Curitiba;Sul;9102;15;Loja;Teclado;Informática;1;220;20;176;Pix;Sim;Sim;5;Não;Não;December;01/12/2025
4471;C0156;48;F;Solteiro;Rio de Janeiro;Sudeste;2621;15;App;Teclado;Informática;3;220;15;561;Boleto;Sim;Sim;3;Não;Não;March;13/03/2025
4472;C0131;68;F;Solteiro;Fortaleza;Nordeste;17858;5;Site;Smartwatch;Wearables;1;1600;20;1280;Pix;Sim;Sim;3;Não;Não;July;01/07/2025
4473;C0461;33;F;Solteiro;Rio de Janeiro;Sudeste;17932;8;Loja;Mouse;Informática;2;120;0;240;Pix;Não;Sim;4;Não;Não;February;11/02/2025
4474;C0277;56;F;Casado;São Paulo;Sudeste;19958;7;Site;Monitor;Informática;2;1100;5;2090;Boleto;Sim;Sim;4;Não;Não;May;11/05/2025
4475;C0574;68;F;Divorciado;Recife;Nordeste;12447;12;App;Smartphone;Telefonia;3;2800;15;7140;Boleto;Sim;Sim;4;Não;Não;December;26/12/2025
4476;C0643;25;F;Casado;Curitiba;Sul;21194;14;Loja;Mouse;Informática;1;120;10;108;Pix;Sim;Sim;5;Não;Não;January;21/01/2025
4477;C0549;27;M;Solteiro;Recife;Nordeste;14703;13;Site;Notebook;Informática;3;4500;0;13500;Cartão;Não;Sim;5;Não;Não;October;16/10/2025
4478;C0030;22;F;Solteiro;Curitiba;Sul;18343;0;Loja;Cadeira Gamer;Móveis;1;1800;10;1620;Cartão;Sim;Não;4;Não;Não;March;08/03/2025
4479;C0461;66;M;Casado;Manaus;Norte;18923;11;App;Mouse;Informática;3;120;5;342;Pix;Sim;Sim;5;Não;Não;December;25/12/2025
4480;C0135;27;F;Solteiro;Rio de Janeiro;Sudeste;11720;0;Site;Cadeira Gamer;Móveis;3;1800;10;4860;Pix;Sim;Não;4;Não;Não;December;23/12/2025
4481;C0563;30;M;Divorciado;Recife;Nordeste;18068;7;Loja;Smartwatch;Wearables;1;1600;0;1600;Boleto;Não;Sim;5;Não;Não;January;23/01/2025
4482;C0683;26;M;Solteiro;Curitiba;Sul;17135;3;Site;Impressora;Informática;1;950;15;807,5;Boleto;Sim;Sim;5;Não;Não;May;31/05/2025
4483;C0340;32;F;Casado;Manaus;Norte;9378;9;App;Headset;Informática;4;380;10;1368;Pix;Sim;Não;5;Não;Não;January;06/01/2025
4484;C0263;29;F;Divorciado;Fortaleza;Nordeste;14317;6;Loja;Impressora;Informática;2;950;0;1900;Cartão;Não;Não;4;Não;Não;July;18/07/2025
4485;C0465;35;M;Divorciado;Rio de Janeiro;Sudeste;17066;15;App;Notebook;Informática;1;4500;0;4500;Boleto;Não;Sim;4;Não;Não;December;13/12/2025
4486;C0685;49;M;Casado;Rio de Janeiro;Sudeste;18387;13;App;Notebook;Informática;1;4500;0;4500;Pix;Não;Sim;4;Não;Não;October;01/10/2025
4487;C0208;47;M;Solteiro;São Paulo;Sudeste;15997;0;Site;SSD 1TB;Armazenamento;1;650;15;552,5;Boleto;Sim;Não;3;Não;Não;March;16/03/2025
4488;C0731;31;F;Casado;Recife;Nordeste;15461;5;Site;SSD 1TB;Armazenamento;2;650;10;1170;Pix;Sim;Não;5;Não;Não;December;17/12/2025
4489;C0006;47;M;Solteiro;Manaus;Norte;9088;6;App;Notebook;Informática;1;4500;10;4050;Pix;Sim;Não;5;Não;Não;December;20/12/2025
4490;C0011;26;F;Divorciado;Manaus;Norte;12684;1;App;Mouse;Informática;4;120;10;432;Pix;Sim;Não;3;Não;Não;July;20/07/2025
4491;C0027;19;F;Divorciado;Manaus;Norte;3663;7;App;Notebook;Informática;2;4500;0;9000;Boleto;Não;Sim;5;Não;Não;November;08/11/2025
4492;C0379;61;F;Divorciado;Belém;Norte;6759;2;App;Roteador;Redes;1;480;0;480;Cartão;Não;Não;1;Sim;Não;August;07/08/2025
4493;C0456;52;M;Casado;Belém;Norte;10813;8;App;Smartwatch;Wearables;3;1600;0;4800;Cartão;Não;Não;4;Não;Não;May;20/05/2025
4494;C0192;60;M;Casado;Belém;Norte;19309;12;Loja;Smartwatch;Wearables;3;1600;20;3840;Pix;Sim;Sim;3;Não;Não;November;03/11/2025
4495;C0442;55;F;Casado;Recife;Nordeste;20880;13;Loja;Webcam;Informática;2;260;20;416;Boleto;Sim;Sim;5;Não;Não;March;27/03/2025
4496;C0460;45;F;Casado;Rio de Janeiro;Sudeste;20573;10;Site;Notebook;Informática;3;4500;10;12150;Boleto;Sim;Não;3;Não;Não;September;05/09/2025
4497;C0162;21;F;Solteiro;Curitiba;Sul;8597;6;Site;Headset;Informática;3;380;5;1083;Cartão;Sim;Sim;3;Não;Não;January;26/01/2025
4498;C0429;67;M;Solteiro;Recife;Nordeste;12723;13;App;Headset;Informática;4;380;0;1520;Pix;Não;Não;4;Não;Não;May;22/05/2025
4499;C0456;63;M;Casado;Curitiba;Sul;11828;14;Loja;Impressora;Informática;3;950;5;2707,5;Pix;Sim;Não;5;Não;Não;October;26/10/2025
4500;C0484;39;M;Solteiro;Recife;Nordeste;6452;8;Loja;SSD 1TB;Armazenamento;2;650;5;1235;Pix;Sim;Sim;5;Não;Não;January;11/01/2025
4501;C0540;55;M;Casado;São Paulo;Sudeste;7792;5;Site;Smartphone;Telefonia;4;2800;5;10640;Cartão;Sim;Sim;4;Não;Não;April;21/04/2025
4502;C0514;69;F;Divorciado;Manaus;Norte;18739;3;Site;Mouse;Informática;3;120;15;306;Boleto;Sim;Não;5;Não;Não;April;23/04/2025
4503;C0725;61;M;Divorciado;Brasília;Centro-Oeste;17563;8;Site;Cadeira Gamer;Móveis;3;1800;0;5400;Pix;Não;Não;5;Não;Não;August;02/08/2025
4504;C0110;64;M;Divorciado;Rio de Janeiro;Sudeste;17118;2;Site;Cadeira Gamer;Móveis;2;1800;0;3600;Cartão;Não;Não;5;Não;Não;August;08/08/2025
4505;C0197;29;F;Casado;Curitiba;Sul;3334;9;App;Mouse;Informática;4;120;5;456;Cartão;Sim;Sim;5;Não;Não;December;24/12/2025
4506;C0095;34;F;Casado;Manaus;Norte;5930;9;App;Notebook;Informática;1;4500;10;4050;Boleto;Sim;Sim;5;Não;Não;March;17/03/2025
4507;C0158;20;F;Divorciado;São Paulo;Sudeste;18590;9;Loja;Smartwatch;Wearables;2;1600;20;2560;Cartão;Sim;Sim;3;Não;Não;July;28/07/2025
4508;C0015;36;F;Casado;Manaus;Norte;14559;15;Loja;Headset;Informática;4;380;0;1520;Boleto;Não;Sim;3;Não;Não;February;07/02/2025
4509;C0670;57;M;Solteiro;Belém;Norte;10422;7;Loja;Headset;Informática;1;380;0;380;Pix;Não;Sim;4;Não;Não;September;26/09/2025
4510;C0674;29;F;Solteiro;Fortaleza;Nordeste;13045;1;Site;Headset;Informática;3;380;10;1026;Boleto;Sim;Não;5;Não;Não;December;13/12/2025
4511;C0594;41;F;Solteiro;Recife;Nordeste;17224;6;Site;Mouse;Informática;2;120;0;240;Cartão;Não;Não;4;Não;Não;April;09/04/2025
4512;C0354;34;M;Solteiro;Brasília;Centro-Oeste;5579;3;App;Monitor;Informática;4;1100;0;4400;Boleto;Não;Sim;2;Sim;Não;June;29/06/2025
4513;C0460;61;F;Divorciado;Fortaleza;Nordeste;15730;11;App;SSD 1TB;Armazenamento;1;650;10;585;Pix;Sim;Sim;5;Não;Não;December;21/12/2025
4514;C0036;59;M;Solteiro;Recife;Nordeste;10986;9;Site;Webcam;Informática;4;260;10;936;Boleto;Sim;Sim;5;Não;Não;October;31/10/2025
4515;C0577;31;M;Solteiro;Rio de Janeiro;Sudeste;18112;15;Site;Impressora;Informática;2;950;20;1520;Pix;Sim;Não;4;Não;Não;November;22/11/2025
4516;C0346;24;F;Casado;Recife;Nordeste;17068;6;Loja;Impressora;Informática;4;950;5;3610;Pix;Sim;Não;2;Sim;Não;December;07/12/2025
4517;C0476;36;F;Divorciado;Belém;Norte;16119;15;App;Mouse;Informática;2;120;0;240;Pix;Não;Não;5;Não;Não;April;26/04/2025
4518;C0388;61;F;Casado;Fortaleza;Nordeste;15400;5;App;Headset;Informática;4;380;0;1520;Boleto;Não;Sim;4;Não;Não;June;18/06/2025
4519;C0411;27;M;Divorciado;São Paulo;Sudeste;20216;10;Loja;Smartwatch;Wearables;2;1600;10;2880;Boleto;Sim;Não;2;Sim;Não;May;27/05/2025
4520;C0227;37;F;Solteiro;Recife;Nordeste;3186;13;Site;Cadeira Gamer;Móveis;2;1800;10;3240;Pix;Sim;Sim;5;Não;Não;January;18/01/2025
4521;C0643;29;F;Solteiro;Rio de Janeiro;Sudeste;3638;9;Loja;Notebook;Informática;3;4500;0;13500;Boleto;Não;Sim;5;Não;Não;July;30/07/2025
4522;C0411;50;M;Solteiro;Brasília;Centro-Oeste;12469;3;Site;Mouse;Informática;3;120;5;342;Cartão;Sim;Sim;4;Não;Não;December;22/12/2025
4523;C0781;33;F;Solteiro;Rio de Janeiro;Sudeste;3643;9;App;Monitor;Informática;3;1100;5;3135;Cartão;Sim;Sim;5;Não;Não;August;23/08/2025
4524;C0455;32;F;Solteiro;Fortaleza;Nordeste;21431;1;Site;Notebook;Informática;1;4500;10;4050;Pix;Sim;Não;1;Sim;Não;August;24/08/2025
4525;C0649;44;F;Divorciado;Fortaleza;Nordeste;11175;1;App;Smartwatch;Wearables;1;1600;20;1280;Pix;Sim;Não;3;Não;Não;February;14/02/2025
4526;C0605;68;F;Casado;Curitiba;Sul;5608;8;Loja;Roteador;Redes;3;480;15;1224;Cartão;Sim;Sim;4;Não;Não;February;24/02/2025
4527;C0375;46;M;Divorciado;Belém;Norte;18174;2;Loja;Mouse;Informática;2;120;5;228;Boleto;Sim;Não;5;Não;Não;November;22/11/2025
4528;C0760;42;F;Solteiro;Manaus;Norte;21742;11;Loja;Smartphone;Telefonia;1;2800;0;2800;Pix;Não;Sim;5;Não;Não;March;29/03/2025
4529;C0346;47;F;Solteiro;Rio de Janeiro;Sudeste;20870;2;Site;Mouse;Informática;1;120;5;114;Boleto;Sim;Não;4;Não;Não;March;24/03/2025
4530;C0098;41;M;Solteiro;Brasília;Centro-Oeste;14140;5;Loja;Smartwatch;Wearables;3;1600;15;4080;Pix;Sim;Sim;5;Não;Não;November;27/11/2025
4531;C0552;39;M;Divorciado;São Paulo;Sudeste;7137;12;Site;SSD 1TB;Armazenamento;1;650;10;585;Boleto;Sim;Sim;1;Sim;Não;August;26/08/2025
4532;C0097;65;F;Divorciado;Brasília;Centro-Oeste;19804;3;Site;Roteador;Redes;2;480;20;768;Pix;Sim;Sim;1;Sim;Não;December;01/12/2025
4533;C0448;66;M;Casado;Rio de Janeiro;Sudeste;16866;15;Loja;Teclado;Informática;3;220;0;660;Cartão;Não;Sim;4;Não;Não;May;20/05/2025
4534;C0027;58;M;Divorciado;Brasília;Centro-Oeste;13665;9;Site;SSD 1TB;Armazenamento;2;650;10;1170;Cartão;Sim;Não;4;Não;Não;December;20/12/2025
4535;C0752;18;F;Divorciado;Belém;Norte;21929;15;App;Monitor;Informática;1;1100;0;1100;Cartão;Não;Sim;4;Não;Não;May;11/05/2025
4536;C0478;22;F;Casado;Rio de Janeiro;Sudeste;13278;13;App;Headset;Informática;2;380;0;760;Boleto;Não;Sim;2;Sim;Não;January;03/01/2025
4537;C0074;68;F;Divorciado;Belém;Norte;7803;2;Site;SSD 1TB;Armazenamento;2;650;0;1300;Cartão;Não;Não;4;Não;Não;July;16/07/2025
4538;C0479;49;M;Casado;Curitiba;Sul;9550;1;Loja;Mouse;Informática;3;120;10;324;Boleto;Sim;Não;4;Não;Não;May;05/05/2025
4539;C0758;48;F;Casado;Manaus;Norte;11048;13;Loja;Headset;Informática;4;380;10;1368;Cartão;Sim;Sim;4;Não;Não;May;06/05/2025
4540;C0664;58;M;Solteiro;Fortaleza;Nordeste;15470;10;Loja;Impressora;Informática;2;950;5;1805;Boleto;Sim;Sim;4;Não;Não;December;06/12/2025
4541;C0150;37;F;Casado;Rio de Janeiro;Sudeste;6016;11;App;SSD 1TB;Armazenamento;2;650;0;1300;Cartão;Não;Sim;4;Não;Não;February;02/02/2025
4542;C0378;60;F;Divorciado;Brasília;Centro-Oeste;11401;11;App;SSD 1TB;Armazenamento;2;650;5;1235;Boleto;Sim;Sim;4;Não;Não;July;20/07/2025
4543;C0004;38;F;Casado;Fortaleza;Nordeste;10497;12;Site;Mouse;Informática;4;120;0;480;Pix;Não;Sim;2;Sim;Não;June;28/06/2025
4544;C0262;39;F;Casado;Rio de Janeiro;Sudeste;13041;12;Site;Cadeira Gamer;Móveis;1;1800;5;1710;Cartão;Sim;Não;4;Não;Não;December;18/12/2025
4545;C0761;48;F;Solteiro;Belém;Norte;2840;2;Loja;Impressora;Informática;1;950;10;855;Pix;Sim;Não;5;Não;Não;May;12/05/2025
4546;C0671;34;M;Casado;Recife;Nordeste;15005;10;App;Teclado;Informática;2;220;0;440;Cartão;Não;Não;5;Não;Não;December;21/12/2025
4547;C0328;28;M;Casado;Manaus;Norte;4296;15;Loja;Notebook;Informática;3;4500;15;11475;Boleto;Sim;Sim;2;Sim;Não;February;03/02/2025
4548;C0119;23;F;Solteiro;Recife;Nordeste;16175;3;Loja;Mouse;Informática;3;120;10;324;Pix;Sim;Não;2;Sim;Não;May;16/05/2025
4549;C0102;18;F;Solteiro;Fortaleza;Nordeste;16078;15;Loja;Smartphone;Telefonia;3;2800;5;7980;Cartão;Sim;Não;5;Não;Não;September;05/09/2025
4550;C0415;68;M;Divorciado;Belém;Norte;4815;14;Loja;Smartwatch;Wearables;3;1600;0;4800;Pix;Não;Sim;3;Não;Não;April;29/04/2025
4551;C0451;61;M;Divorciado;Fortaleza;Nordeste;17197;0;Site;SSD 1TB;Armazenamento;4;650;10;2340;Pix;Sim;Não;5;Não;Não;March;22/03/2025
4552;C0532;26;M;Divorciado;Rio de Janeiro;Sudeste;9753;14;Loja;Notebook;Informática;2;4500;5;8550;Pix;Sim;Sim;5;Não;Não;October;24/10/2025
4553;C0076;53;F;Solteiro;Belém;Norte;3070;4;Site;Smartwatch;Wearables;2;1600;0;3200;Pix;Não;Não;3;Não;Não;August;23/08/2025
4554;C0219;51;F;Divorciado;Belém;Norte;21623;2;Site;Smartwatch;Wearables;4;1600;0;6400;Boleto;Não;Não;5;Não;Não;July;22/07/2025
4555;C0739;46;M;Casado;Fortaleza;Nordeste;10160;3;Site;Smartwatch;Wearables;3;1600;5;4560;Pix;Sim;Sim;2;Sim;Não;September;11/09/2025
4556;C0076;35;F;Solteiro;Recife;Nordeste;10704;7;Loja;Smartphone;Telefonia;2;2800;0;5600;Boleto;Não;Sim;5;Não;Não;May;20/05/2025
4557;C0022;59;M;Solteiro;Rio de Janeiro;Sudeste;17982;6;App;Teclado;Informática;2;220;20;352;Boleto;Sim;Sim;4;Não;Não;November;15/11/2025
4558;C0615;54;F;Solteiro;Brasília;Centro-Oeste;7695;1;Site;Roteador;Redes;3;480;10;1296;Cartão;Sim;Não;4;Não;Não;January;22/01/2025
4559;C0413;18;F;Casado;Curitiba;Sul;9523;14;App;Headset;Informática;3;380;10;1026;Boleto;Sim;Não;4;Não;Não;February;23/02/2025
4560;C0180;25;F;Solteiro;São Paulo;Sudeste;19849;2;Site;Smartwatch;Wearables;3;1600;0;4800;Boleto;Não;Não;4;Não;Não;November;25/11/2025
4561;C0534;47;M;Casado;Rio de Janeiro;Sudeste;8851;5;Loja;Headset;Informática;1;380;5;361;Cartão;Sim;Não;5;Não;Não;November;30/11/2025
4562;C0632;54;M;Divorciado;Rio de Janeiro;Sudeste;20868;9;Loja;Webcam;Informática;1;260;0;260;Boleto;Não;Sim;4;Não;Não;December;24/12/2025
4563;C0326;33;F;Casado;Fortaleza;Nordeste;10485;15;Site;Smartwatch;Wearables;1;1600;0;1600;Boleto;Não;Sim;4;Não;Não;June;05/06/2025
4564;C0112;57;F;Divorciado;São Paulo;Sudeste;5068;8;Loja;Smartwatch;Wearables;3;1600;0;4800;Boleto;Não;Sim;3;Não;Não;April;05/04/2025
4565;C0153;22;M;Solteiro;Brasília;Centro-Oeste;21811;13;Loja;Roteador;Redes;1;480;20;384;Cartão;Sim;Não;5;Não;Não;August;06/08/2025
4566;C0196;43;F;Casado;Recife;Nordeste;5770;7;App;Notebook;Informática;4;4500;0;18000;Boleto;Não;Não;5;Não;Não;April;23/04/2025
4567;C0115;37;F;Divorciado;Brasília;Centro-Oeste;10695;14;Loja;Webcam;Informática;4;260;20;832;Cartão;Sim;Sim;3;Não;Sim;February;04/02/2025
4568;C0704;43;F;Solteiro;Brasília;Centro-Oeste;5146;4;Loja;Cadeira Gamer;Móveis;1;1800;0;1800;Boleto;Não;Não;2;Sim;Não;November;19/11/2025
4569;C0329;48;F;Divorciado;Recife;Nordeste;5721;14;Site;Headset;Informática;1;380;15;323;Cartão;Sim;Não;1;Sim;Não;October;16/10/2025
4570;C0361;19;F;Divorciado;Recife;Nordeste;20269;1;App;Cadeira Gamer;Móveis;2;1800;10;3240;Cartão;Sim;Não;2;Sim;Não;February;08/02/2025
4571;C0326;38;M;Solteiro;Brasília;Centro-Oeste;12903;12;Loja;Mouse;Informática;4;120;0;480;Boleto;Não;Sim;5;Não;Não;December;28/12/2025
4572;C0348;25;F;Casado;Recife;Nordeste;17815;3;Site;Smartphone;Telefonia;4;2800;15;9520;Cartão;Sim;Sim;5;Não;Não;September;15/09/2025
4573;C0437;65;M;Casado;Brasília;Centro-Oeste;21567;1;App;Headset;Informática;3;380;10;1026;Cartão;Sim;Não;4;Não;Não;September;22/09/2025
4574;C0025;26;M;Casado;Curitiba;Sul;9899;6;Loja;Webcam;Informática;1;260;10;234;Pix;Sim;Sim;3;Não;Não;July;14/07/2025
4575;C0689;60;M;Casado;Recife;Nordeste;15357;12;Loja;Webcam;Informática;2;260;10;468;Cartão;Sim;Sim;5;Não;Não;May;04/05/2025
4576;C0018;56;F;Casado;Manaus;Norte;10906;3;Loja;Smartphone;Telefonia;3;2800;5;7980;Pix;Sim;Sim;4;Não;Não;April;09/04/2025
4577;C0063;30;F;Casado;Manaus;Norte;15743;12;Loja;Mouse;Informática;1;120;15;102;Pix;Sim;Sim;1;Sim;Não;June;06/06/2025
4578;C0112;35;F;Casado;Recife;Nordeste;9095;6;Loja;SSD 1TB;Armazenamento;2;650;20;1040;Boleto;Sim;Sim;5;Não;Não;November;23/11/2025
4579;C0639;70;F;Casado;Rio de Janeiro;Sudeste;8943;10;App;Mouse;Informática;3;120;20;288;Pix;Sim;Sim;5;Não;Não;May;29/05/2025
4580;C0714;42;F;Casado;Rio de Janeiro;Sudeste;8684;5;App;Teclado;Informática;1;220;15;187;Pix;Sim;Sim;4;Não;Não;September;05/09/2025
4581;C0380;43;M;Solteiro;Manaus;Norte;21414;15;Loja;Smartphone;Telefonia;4;2800;0;11200;Cartão;Não;Sim;5;Não;Não;January;23/01/2025
4582;C0357;46;M;Solteiro;Fortaleza;Nordeste;18034;13;Site;Smartphone;Telefonia;4;2800;0;11200;Boleto;Não;Sim;3;Não;Não;April;14/04/2025
4583;C0170;35;F;Casado;Belém;Norte;8718;5;Site;Smartwatch;Wearables;3;1600;15;4080;Boleto;Sim;Sim;5;Não;Não;November;24/11/2025
4584;C0716;27;F;Solteiro;Belém;Norte;13277;6;App;SSD 1TB;Armazenamento;2;650;0;1300;Cartão;Não;Sim;5;Não;Não;August;24/08/2025
4585;C0573;23;M;Divorciado;Brasília;Centro-Oeste;21565;11;Site;Smartphone;Telefonia;1;2800;15;2380;Boleto;Sim;Sim;4;Não;Não;November;19/11/2025
4586;C0539;39;M;Casado;Curitiba;Sul;12123;6;App;Teclado;Informática;3;220;0;660;Boleto;Não;Sim;5;Não;Não;April;09/04/2025
4587;C0627;42;F;Solteiro;Fortaleza;Nordeste;5031;8;Site;Roteador;Redes;1;480;10;432;Cartão;Sim;Sim;4;Não;Não;November;16/11/2025
4588;C0083;64;F;Casado;Curitiba;Sul;12948;13;App;SSD 1TB;Armazenamento;2;650;5;1235;Cartão;Sim;Não;5;Não;Não;November;05/11/2025
4589;C0675;58;M;Solteiro;Recife;Nordeste;11146;0;Loja;SSD 1TB;Armazenamento;2;650;10;1170;Cartão;Sim;Não;5;Não;Não;October;29/10/2025
4590;C0585;48;M;Casado;Brasília;Centro-Oeste;7285;9;Loja;Notebook;Informática;3;4500;5;12825;Pix;Sim;Sim;5;Não;Sim;December;06/12/2025
4591;C0275;53;F;Casado;São Paulo;Sudeste;1913;4;Loja;SSD 1TB;Armazenamento;4;650;10;2340;Pix;Sim;Não;5;Não;Não;June;22/06/2025
4592;C0153;62;F;Divorciado;Belém;Norte;10274;14;App;Mouse;Informática;4;120;5;456;Cartão;Sim;Não;5;Não;Não;June;02/06/2025
4593;C0141;29;F;Solteiro;Manaus;Norte;15593;12;Loja;Notebook;Informática;1;4500;0;4500;Cartão;Não;Sim;5;Não;Não;October;26/10/2025
4594;C0173;57;M;Solteiro;Manaus;Norte;12351;12;App;Smartphone;Telefonia;2;2800;0;5600;Pix;Não;Sim;4;Não;Não;April;27/04/2025
4595;C0576;41;F;Divorciado;São Paulo;Sudeste;2026;13;Loja;Monitor;Informática;3;1100;0;3300;Boleto;Não;Sim;4;Não;Não;June;15/06/2025
4596;C0013;49;F;Solteiro;Curitiba;Sul;17568;6;Site;Notebook;Informática;1;4500;15;3825;Boleto;Sim;Não;5;Não;Não;July;19/07/2025
4597;C0535;64;F;Casado;Manaus;Norte;14028;11;Loja;Notebook;Informática;1;4500;5;4275;Cartão;Sim;Sim;5;Não;Não;May;23/05/2025
4598;C0470;65;F;Casado;Brasília;Centro-Oeste;6764;8;App;Monitor;Informática;2;1100;0;2200;Cartão;Não;Sim;5;Não;Não;June;28/06/2025
4599;C0721;41;F;Casado;São Paulo;Sudeste;14271;9;Site;SSD 1TB;Armazenamento;3;650;10;1755;Boleto;Sim;Não;3;Não;Não;November;27/11/2025
4600;C0610;33;F;Solteiro;São Paulo;Sudeste;8717;10;Loja;Smartwatch;Wearables;3;1600;0;4800;Pix;Não;Sim;4;Não;Não;August;12/08/2025
4601;C0277;28;F;Divorciado;Rio de Janeiro;Sudeste;11128;11;Loja;Monitor;Informática;2;1100;0;2200;Boleto;Não;Não;3;Não;Não;February;26/02/2025
4602;C0021;69;F;Solteiro;Fortaleza;Nordeste;7551;14;App;Webcam;Informática;2;260;0;520;Pix;Não;Não;5;Não;Não;September;05/09/2025
4603;C0614;64;M;Casado;Belém;Norte;6244;12;Site;Notebook;Informática;3;4500;5;12825;Boleto;Sim;Não;3;Não;Não;February;16/02/2025
4604;C0510;66;F;Divorciado;Manaus;Norte;18194;5;Loja;Headset;Informática;3;380;15;969;Boleto;Sim;Não;4;Não;Não;March;14/03/2025
4605;C0699;66;F;Divorciado;Curitiba;Sul;4816;2;App;Monitor;Informática;2;1100;0;2200;Cartão;Não;Não;4;Não;Não;August;29/08/2025
4606;C0460;55;M;Divorciado;Brasília;Centro-Oeste;8964;8;App;Webcam;Informática;3;260;0;780;Pix;Não;Sim;3;Não;Não;April;15/04/2025
4607;C0544;27;F;Solteiro;Manaus;Norte;16410;9;Site;Headset;Informática;1;380;10;342;Boleto;Sim;Sim;5;Não;Não;June;28/06/2025
4608;C0634;56;F;Casado;Belém;Norte;4782;4;App;Smartwatch;Wearables;2;1600;15;2720;Cartão;Sim;Sim;4;Não;Não;April;29/04/2025
4609;C0112;34;M;Casado;Fortaleza;Nordeste;12390;12;App;Notebook;Informática;3;4500;15;11475;Cartão;Sim;Sim;5;Não;Não;February;18/02/2025
4610;C0071;48;M;Casado;Recife;Nordeste;17740;2;Loja;Webcam;Informática;3;260;0;780;Boleto;Não;Não;2;Sim;Não;June;12/06/2025
4611;C0078;19;M;Solteiro;Manaus;Norte;16274;5;Loja;Headset;Informática;2;380;10;684;Boleto;Sim;Não;5;Não;Não;May;17/05/2025
4612;C0217;55;M;Casado;Fortaleza;Nordeste;13202;3;App;Notebook;Informática;1;4500;0;4500;Cartão;Não;Não;5;Não;Não;February;06/02/2025
4613;C0507;47;F;Solteiro;Rio de Janeiro;Sudeste;3546;15;App;Cadeira Gamer;Móveis;3;1800;5;5130;Pix;Sim;Não;5;Não;Não;September;21/09/2025
4614;C0585;41;F;Casado;Belém;Norte;9593;7;App;Impressora;Informática;4;950;10;3420;Pix;Sim;Não;5;Não;Não;August;04/08/2025
4615;C0637;39;M;Divorciado;São Paulo;Sudeste;19348;12;App;Smartphone;Telefonia;1;2800;0;2800;Cartão;Não;Sim;4;Não;Não;March;10/03/2025
4616;C0780;64;M;Solteiro;Manaus;Norte;15825;2;Site;Notebook;Informática;2;4500;0;9000;Cartão;Não;Não;3;Não;Não;October;15/10/2025
4617;C0572;60;M;Divorciado;Curitiba;Sul;9930;8;Loja;Webcam;Informática;2;260;10;468;Pix;Sim;Sim;4;Não;Não;May;10/05/2025
4618;C0447;42;F;Divorciado;Recife;Nordeste;4416;15;App;Monitor;Informática;1;1100;5;1045;Pix;Sim;Não;5;Não;Não;April;11/04/2025
4619;C0296;61;M;Casado;Rio de Janeiro;Sudeste;10957;1;App;Notebook;Informática;1;4500;10;4050;Cartão;Sim;Não;5;Não;Não;May;14/05/2025
4620;C0702;25;M;Divorciado;Recife;Nordeste;10081;7;Site;Cadeira Gamer;Móveis;3;1800;10;4860;Pix;Sim;Sim;5;Não;Não;January;29/01/2025
4621;C0791;43;M;Solteiro;Fortaleza;Nordeste;6881;13;Site;Smartphone;Telefonia;2;2800;5;5320;Pix;Sim;Sim;2;Sim;Não;September;25/09/2025
4622;C0086;20;M;Solteiro;Recife;Nordeste;17264;3;Site;Cadeira Gamer;Móveis;3;1800;0;5400;Cartão;Não;Sim;5;Não;Não;January;31/01/2025
4623;C0224;53;F;Casado;Brasília;Centro-Oeste;11953;3;Site;Smartwatch;Wearables;1;1600;0;1600;Cartão;Não;Sim;3;Não;Não;August;12/08/2025
4624;C0242;26;M;Casado;Recife;Nordeste;11494;15;App;Headset;Informática;1;380;20;304;Cartão;Sim;Sim;5;Não;Não;March;04/03/2025
4625;C0256;51;F;Divorciado;Brasília;Centro-Oeste;2617;7;Site;Teclado;Informática;4;220;10;792;Cartão;Sim;Sim;4;Não;Não;October;11/10/2025
4626;C0344;58;M;Solteiro;Manaus;Norte;15675;8;Site;Notebook;Informática;3;4500;15;11475;Boleto;Sim;Sim;4;Não;Não;June;02/06/2025
4627;C0712;49;M;Solteiro;São Paulo;Sudeste;7964;12;Site;SSD 1TB;Armazenamento;3;650;0;1950;Cartão;Não;Sim;4;Não;Não;January;24/01/2025
4628;C0735;37;M;Divorciado;São Paulo;Sudeste;9667;6;App;SSD 1TB;Armazenamento;3;650;0;1950;Pix;Não;Sim;3;Não;Não;April;28/04/2025
4629;C0399;65;M;Divorciado;Rio de Janeiro;Sudeste;16641;8;App;Cadeira Gamer;Móveis;3;1800;0;5400;Pix;Não;Sim;5;Não;Não;October;02/10/2025
4630;C0621;34;M;Divorciado;São Paulo;Sudeste;18616;15;Loja;Monitor;Informática;4;1100;10;3960;Pix;Sim;Sim;2;Sim;Não;November;05/11/2025
4631;C0042;60;F;Solteiro;Recife;Nordeste;3435;12;App;Roteador;Redes;1;480;5;456;Cartão;Sim;Sim;3;Não;Não;July;15/07/2025
4632;C0628;44;F;Casado;Brasília;Centro-Oeste;10183;2;App;Headset;Informática;3;380;10;1026;Cartão;Sim;Não;4;Não;Não;July;06/07/2025
4633;C0378;64;F;Casado;Belém;Norte;14527;1;Loja;Cadeira Gamer;Móveis;2;1800;15;3060;Pix;Sim;Não;4;Não;Não;May;09/05/2025
4634;C0340;56;F;Divorciado;Curitiba;Sul;8342;3;Site;Monitor;Informática;3;1100;0;3300;Boleto;Não;Sim;3;Não;Não;October;09/10/2025
4635;C0760;36;M;Solteiro;São Paulo;Sudeste;15015;11;Site;SSD 1TB;Armazenamento;2;650;5;1235;Pix;Sim;Sim;3;Não;Não;March;31/03/2025
4636;C0699;32;M;Divorciado;Belém;Norte;15790;14;Site;SSD 1TB;Armazenamento;1;650;5;617,5;Pix;Sim;Sim;3;Não;Não;May;14/05/2025
4637;C0327;23;F;Casado;Curitiba;Sul;10143;3;App;Smartphone;Telefonia;2;2800;15;4760;Pix;Sim;Sim;4;Não;Não;December;17/12/2025
4638;C0116;19;F;Solteiro;Recife;Nordeste;3368;14;Site;Mouse;Informática;4;120;0;480;Boleto;Não;Sim;5;Não;Não;March;02/03/2025
4639;C0487;65;F;Solteiro;Rio de Janeiro;Sudeste;8319;1;App;Webcam;Informática;3;260;10;702;Pix;Sim;Não;4;Não;Não;April;05/04/2025
4640;C0793;51;F;Divorciado;Belém;Norte;2404;3;Site;Smartphone;Telefonia;1;2800;0;2800;Cartão;Não;Não;4;Sim;Não;January;03/01/2025
4641;C0503;51;F;Casado;Brasília;Centro-Oeste;10276;5;Loja;SSD 1TB;Armazenamento;4;650;10;2340;Cartão;Sim;Sim;5;Não;Não;December;23/12/2025
4642;C0413;34;F;Solteiro;Curitiba;Sul;2067;9;Site;Webcam;Informática;4;260;5;988;Cartão;Sim;Não;2;Sim;Não;November;20/11/2025
4643;C0581;48;M;Divorciado;São Paulo;Sudeste;2296;7;App;SSD 1TB;Armazenamento;3;650;20;1560;Cartão;Sim;Sim;3;Não;Não;June;25/06/2025
4644;C0067;56;F;Solteiro;São Paulo;Sudeste;5599;7;Site;SSD 1TB;Armazenamento;3;650;15;1657,5;Pix;Sim;Sim;5;Não;Não;October;23/10/2025
4645;C0253;26;M;Casado;Curitiba;Sul;12670;15;Loja;Webcam;Informática;3;260;15;663;Boleto;Sim;Sim;5;Não;Não;January;02/01/2025
4646;C0377;61;F;Divorciado;Belém;Norte;7773;2;Site;Impressora;Informática;3;950;0;2850;Pix;Não;Não;4;Não;Não;October;03/10/2025
4647;C0408;41;M;Solteiro;Fortaleza;Nordeste;10642;12;Loja;Smartphone;Telefonia;3;2800;0;8400;Boleto;Não;Sim;1;Sim;Não;July;24/07/2025
4648;C0157;34;F;Casado;Recife;Nordeste;19592;4;Loja;Notebook;Informática;4;4500;10;16200;Cartão;Sim;Não;4;Não;Não;November;10/11/2025
4649;C0519;41;F;Solteiro;Rio de Janeiro;Sudeste;21290;9;Loja;Smartwatch;Wearables;1;1600;5;1520;Boleto;Sim;Sim;5;Não;Não;September;27/09/2025
4650;C0573;57;M;Solteiro;Curitiba;Sul;8390;2;Loja;Webcam;Informática;4;260;0;1040;Pix;Não;Não;4;Não;Não;October;15/10/2025
4651;C0442;44;M;Casado;São Paulo;Sudeste;14147;13;Loja;Monitor;Informática;3;1100;5;3135;Cartão;Sim;Sim;2;Sim;Não;March;26/03/2025
4652;C0065;30;F;Casado;Belém;Norte;19385;6;Loja;Cadeira Gamer;Móveis;4;1800;5;6840;Cartão;Sim;Sim;5;Não;Não;September;29/09/2025
4653;C0640;69;M;Casado;São Paulo;Sudeste;11763;12;App;Smartphone;Telefonia;3;2800;0;8400;Pix;Não;Sim;3;Não;Não;March;21/03/2025
4654;C0480;28;M;Divorciado;Recife;Nordeste;4140;5;Site;Notebook;Informática;2;4500;10;8100;Cartão;Sim;Sim;1;Sim;Não;August;20/08/2025
4655;C0020;52;M;Solteiro;Rio de Janeiro;Sudeste;9341;11;Loja;SSD 1TB;Armazenamento;4;650;20;2080;Boleto;Sim;Sim;3;Não;Não;March;24/03/2025
4656;C0276;36;M;Casado;Recife;Nordeste;13417;6;Site;Smartwatch;Wearables;3;1600;0;4800;Pix;Não;Sim;3;Não;Não;April;25/04/2025
4657;C0040;27;M;Casado;Curitiba;Sul;21121;3;App;Impressora;Informática;2;950;20;1520;Boleto;Sim;Não;4;Não;Não;December;28/12/2025
4658;C0791;44;F;Divorciado;Brasília;Centro-Oeste;9206;7;App;SSD 1TB;Armazenamento;2;650;0;1300;Boleto;Não;Sim;5;Não;Não;November;15/11/2025
4659;C0696;67;M;Casado;Curitiba;Sul;20053;5;Loja;Smartwatch;Wearables;1;1600;10;1440;Pix;Sim;Sim;4;Não;Não;August;05/08/2025
4660;C0568;28;F;Casado;Fortaleza;Nordeste;14082;14;Site;Webcam;Informática;1;260;0;260;Boleto;Não;Sim;5;Não;Não;April;22/04/2025
4661;C0002;53;M;Casado;Rio de Janeiro;Sudeste;16644;8;Site;Monitor;Informática;3;1100;0;3300;Cartão;Não;Sim;3;Não;Não;April;23/04/2025
4662;C0728;54;M;Casado;Fortaleza;Nordeste;9345;4;Loja;Notebook;Informática;4;4500;5;17100;Cartão;Sim;Não;4;Não;Não;March;20/03/2025
4663;C0105;44;M;Casado;Rio de Janeiro;Sudeste;13435;13;Loja;Notebook;Informática;3;4500;10;12150;Cartão;Sim;Sim;3;Não;Não;January;17/01/2025
4664;C0690;40;F;Divorciado;São Paulo;Sudeste;19130;0;Loja;SSD 1TB;Armazenamento;4;650;10;2340;Boleto;Sim;Não;5;Não;Não;September;01/09/2025
4665;C0636;40;F;Divorciado;Rio de Janeiro;Sudeste;12090;3;App;Notebook;Informática;4;4500;15;15300;Cartão;Sim;Sim;3;Não;Não;November;26/11/2025
4666;C0071;46;M;Solteiro;Brasília;Centro-Oeste;14076;5;Loja;Teclado;Informática;3;220;15;561;Boleto;Sim;Sim;5;Não;Não;January;15/01/2025
4667;C0272;44;M;Casado;Recife;Nordeste;16835;1;Site;SSD 1TB;Armazenamento;3;650;10;1755;Pix;Sim;Não;3;Não;Não;May;08/05/2025
4668;C0523;48;M;Solteiro;Recife;Nordeste;6529;5;App;Impressora;Informática;2;950;0;1900;Cartão;Não;Sim;4;Não;Não;June;03/06/2025
4669;C0534;19;M;Solteiro;São Paulo;Sudeste;21003;3;Loja;SSD 1TB;Armazenamento;4;650;0;2600;Cartão;Não;Sim;5;Não;Não;October;04/10/2025
4670;C0751;52;M;Solteiro;Rio de Janeiro;Sudeste;5210;12;App;Smartphone;Telefonia;3;2800;0;8400;Boleto;Não;Não;3;Não;Não;August;28/08/2025
4671;C0199;42;F;Casado;Curitiba;Sul;12679;7;App;SSD 1TB;Armazenamento;2;650;0;1300;Boleto;Não;Não;3;Não;Não;December;02/12/2025
4672;C0224;40;F;Divorciado;Recife;Nordeste;19409;0;Site;Impressora;Informática;4;950;10;3420;Boleto;Sim;Não;1;Sim;Não;February;13/02/2025
4673;C0348;63;F;Solteiro;Fortaleza;Nordeste;8494;3;App;Mouse;Informática;1;120;0;120;Cartão;Não;Sim;5;Não;Não;January;07/01/2025
4674;C0563;65;M;Solteiro;Belém;Norte;2203;11;Site;Webcam;Informática;4;260;5;988;Pix;Sim;Sim;4;Não;Não;July;30/07/2025
4675;C0290;47;M;Casado;Curitiba;Sul;21999;3;Site;Headset;Informática;2;380;5;722;Boleto;Sim;Não;5;Não;Não;March;31/03/2025
4676;C0020;22;F;Casado;Brasília;Centro-Oeste;20697;11;Loja;Notebook;Informática;2;4500;15;7650;Pix;Sim;Sim;5;Não;Não;July;18/07/2025
4677;C0550;48;F;Solteiro;Curitiba;Sul;3818;14;App;Teclado;Informática;4;220;0;880;Boleto;Não;Não;5;Não;Não;March;04/03/2025
4678;C0539;70;M;Solteiro;Recife;Nordeste;6636;11;Loja;Notebook;Informática;4;4500;5;17100;Boleto;Sim;Sim;4;Não;Não;October;21/10/2025
4679;C0345;58;M;Casado;Recife;Nordeste;8982;0;Loja;Teclado;Informática;3;220;10;594;Boleto;Sim;Não;3;Não;Não;April;26/04/2025
4680;C0452;54;F;Divorciado;Curitiba;Sul;13570;3;App;Cadeira Gamer;Móveis;4;1800;5;6840;Boleto;Sim;Não;3;Não;Não;May;29/05/2025
4681;C0360;36;F;Casado;Brasília;Centro-Oeste;7386;3;Site;Mouse;Informática;2;120;0;240;Pix;Não;Sim;4;Não;Não;November;19/11/2025
4682;C0797;52;F;Divorciado;Recife;Nordeste;4512;8;Site;SSD 1TB;Armazenamento;2;650;0;1300;Cartão;Não;Sim;5;Não;Não;December;23/12/2025
4683;C0181;45;F;Divorciado;Curitiba;Sul;11037;10;Loja;Smartphone;Telefonia;4;2800;0;11200;Pix;Não;Sim;4;Não;Sim;March;08/03/2025
4684;C0309;46;M;Solteiro;Recife;Nordeste;13055;1;Loja;SSD 1TB;Armazenamento;4;650;10;2340;Cartão;Sim;Não;3;Não;Não;August;11/08/2025
4685;C0317;29;M;Solteiro;Curitiba;Sul;10555;12;Loja;Webcam;Informática;3;260;15;663;Pix;Sim;Sim;5;Não;Não;November;19/11/2025
4686;C0219;63;F;Solteiro;São Paulo;Sudeste;9913;1;Loja;Smartphone;Telefonia;1;2800;20;2240;Pix;Sim;Não;4;Não;Não;January;30/01/2025
4687;C0281;42;M;Divorciado;Fortaleza;Nordeste;8482;12;Loja;Smartwatch;Wearables;1;1600;10;1440;Boleto;Sim;Sim;5;Não;Não;November;13/11/2025
4688;C0038;41;M;Solteiro;Recife;Nordeste;10840;1;App;Mouse;Informática;2;120;10;216;Pix;Sim;Não;4;Não;Não;March;15/03/2025
4689;C0457;67;M;Divorciado;Belém;Norte;3158;9;Loja;Smartphone;Telefonia;2;2800;10;5040;Cartão;Sim;Sim;1;Sim;Não;December;17/12/2025
4690;C0181;19;M;Casado;São Paulo;Sudeste;14486;7;App;SSD 1TB;Armazenamento;1;650;15;552,5;Pix;Sim;Sim;4;Não;Não;February;05/02/2025
4691;C0125;43;M;Casado;Curitiba;Sul;4399;9;Site;Notebook;Informática;3;4500;10;12150;Cartão;Sim;Sim;3;Não;Não;June;20/06/2025
4692;C0307;65;F;Solteiro;Brasília;Centro-Oeste;15287;14;App;Webcam;Informática;1;260;0;260;Pix;Não;Sim;3;Não;Não;January;21/01/2025
4693;C0762;68;M;Casado;Curitiba;Sul;10945;12;Site;Notebook;Informática;4;4500;10;16200;Pix;Sim;Sim;4;Não;Não;February;08/02/2025
4694;C0397;50;F;Casado;São Paulo;Sudeste;10333;10;Site;Smartphone;Telefonia;4;2800;0;11200;Pix;Não;Não;2;Sim;Não;December;02/12/2025
4695;C0170;18;F;Casado;São Paulo;Sudeste;18321;10;App;Monitor;Informática;1;1100;20;880;Boleto;Sim;Não;3;Não;Não;November;08/11/2025
4696;C0224;36;M;Casado;Rio de Janeiro;Sudeste;11264;13;Loja;Notebook;Informática;2;4500;5;8550;Boleto;Sim;Sim;5;Não;Não;June;04/06/2025
4697;C0198;36;M;Casado;São Paulo;Sudeste;11569;11;Site;Smartwatch;Wearables;1;1600;20;1280;Cartão;Sim;Sim;5;Não;Não;May;27/05/2025
4698;C0342;70;F;Casado;São Paulo;Sudeste;18183;8;Loja;SSD 1TB;Armazenamento;1;650;5;617,5;Boleto;Sim;Sim;3;Não;Não;July;01/07/2025
4699;C0568;29;F;Divorciado;Manaus;Norte;12594;15;Loja;Headset;Informática;3;380;20;912;Cartão;Sim;Sim;5;Não;Não;March;05/03/2025
4700;C0206;25;M;Solteiro;Curitiba;Sul;17681;6;Loja;Teclado;Informática;2;220;15;374;Boleto;Sim;Não;3;Não;Não;February;09/02/2025
4701;C0769;40;M;Casado;Recife;Nordeste;11221;13;Site;Smartphone;Telefonia;4;2800;0;11200;Pix;Não;Sim;1;Sim;Sim;November;05/11/2025
4702;C0639;24;F;Divorciado;Curitiba;Sul;7466;8;Loja;Smartphone;Telefonia;1;2800;0;2800;Pix;Não;Sim;5;Não;Não;January;09/01/2025
4703;C0660;61;M;Solteiro;Brasília;Centro-Oeste;8099;15;Loja;Monitor;Informática;3;1100;0;3300;Cartão;Não;Sim;4;Não;Não;June;27/06/2025
4704;C0028;64;M;Casado;Curitiba;Sul;9585;9;Loja;Webcam;Informática;4;260;10;936;Boleto;Sim;Sim;5;Não;Não;June;26/06/2025
4705;C0758;21;F;Solteiro;Rio de Janeiro;Sudeste;9650;15;Loja;Roteador;Redes;2;480;5;912;Pix;Sim;Sim;5;Não;Não;March;14/03/2025
4706;C0788;37;F;Solteiro;Curitiba;Sul;9209;14;Site;Notebook;Informática;4;4500;5;17100;Boleto;Sim;Sim;5;Não;Não;August;29/08/2025
4707;C0567;24;M;Casado;Fortaleza;Nordeste;9473;14;Site;Monitor;Informática;1;1100;10;990;Cartão;Sim;Sim;4;Não;Não;August;10/08/2025
4708;C0157;19;F;Solteiro;Rio de Janeiro;Sudeste;11318;4;Loja;Smartphone;Telefonia;3;2800;0;8400;Pix;Não;Sim;3;Não;Não;December;10/12/2025
4709;C0049;58;M;Solteiro;Belém;Norte;21467;5;Loja;Headset;Informática;2;380;0;760;Pix;Não;Não;1;Sim;Não;May;19/05/2025
4710;C0190;59;F;Solteiro;Fortaleza;Nordeste;16372;14;App;Monitor;Informática;3;1100;5;3135;Pix;Sim;Não;3;Não;Não;March;21/03/2025
4711;C0341;47;F;Casado;Belém;Norte;20627;14;Loja;Teclado;Informática;4;220;15;748;Pix;Sim;Não;5;Não;Não;September;13/09/2025
4712;C0483;38;F;Solteiro;Rio de Janeiro;Sudeste;10293;7;Site;Smartphone;Telefonia;2;2800;0;5600;Cartão;Não;Sim;4;Não;Não;September;27/09/2025
4713;C0482;42;M;Divorciado;Fortaleza;Nordeste;12467;5;Site;Teclado;Informática;3;220;5;627;Boleto;Sim;Sim;5;Não;Não;July;01/07/2025
4714;C0391;46;M;Divorciado;Recife;Nordeste;13070;0;Loja;Roteador;Redes;3;480;10;1296;Boleto;Sim;Não;4;Não;Não;February;17/02/2025
4715;C0158;68;M;Divorciado;São Paulo;Sudeste;12515;7;App;Smartwatch;Wearables;3;1600;0;4800;Pix;Não;Sim;5;Não;Não;January;30/01/2025
4716;C0689;22;F;Solteiro;Belém;Norte;7429;8;App;Monitor;Informática;2;1100;0;2200;Pix;Não;Sim;5;Não;Não;February;11/02/2025
4717;C0146;63;F;Divorciado;Recife;Nordeste;9812;10;Site;Smartwatch;Wearables;2;1600;0;3200;Pix;Não;Sim;3;Não;Não;October;05/10/2025
4718;C0668;49;M;Casado;Rio de Janeiro;Sudeste;14717;9;Site;Smartwatch;Wearables;4;1600;0;6400;Boleto;Não;Sim;4;Não;Não;October;12/10/2025
4719;C0404;40;F;Casado;Recife;Nordeste;16822;7;App;Webcam;Informática;4;260;0;1040;Pix;Não;Sim;4;Não;Não;November;14/11/2025
4720;C0032;30;F;Divorciado;Rio de Janeiro;Sudeste;9419;10;Site;Mouse;Informática;1;120;0;120;Cartão;Não;Não;4;Não;Não;August;09/08/2025
4721;C0202;54;F;Casado;Curitiba;Sul;10471;5;Site;Cadeira Gamer;Móveis;3;1800;0;5400;Cartão;Não;Não;4;Não;Não;June;29/06/2025
4722;C0031;61;M;Divorciado;Manaus;Norte;1849;15;App;Mouse;Informática;1;120;5;114;Boleto;Sim;Sim;5;Não;Não;April;04/04/2025
4723;C0124;25;F;Solteiro;Recife;Nordeste;20327;11;App;Webcam;Informática;4;260;15;884;Pix;Sim;Não;4;Não;Não;August;03/08/2025
4724;C0621;27;M;Solteiro;São Paulo;Sudeste;13503;8;App;Monitor;Informática;1;1100;10;990;Pix;Sim;Sim;5;Não;Não;April;15/04/2025
4725;C0726;45;F;Casado;Recife;Nordeste;8370;5;App;Roteador;Redes;4;480;15;1632;Boleto;Sim;Não;5;Não;Não;June;27/06/2025
4726;C0155;69;M;Divorciado;Recife;Nordeste;13718;8;App;Cadeira Gamer;Móveis;3;1800;0;5400;Boleto;Não;Sim;4;Não;Não;August;17/08/2025
4727;C0072;49;F;Divorciado;Recife;Nordeste;20340;0;App;Impressora;Informática;1;950;20;760;Cartão;Sim;Não;2;Sim;Não;October;21/10/2025
4728;C0098;37;M;Solteiro;Fortaleza;Nordeste;19760;6;Site;Impressora;Informática;3;950;10;2565;Pix;Sim;Sim;5;Não;Não;February;03/02/2025
4729;C0283;39;F;Divorciado;São Paulo;Sudeste;9463;10;Loja;Smartwatch;Wearables;3;1600;0;4800;Cartão;Não;Não;5;Não;Não;January;06/01/2025
4730;C0616;55;F;Casado;Manaus;Norte;14717;12;Site;Headset;Informática;3;380;10;1026;Pix;Sim;Sim;1;Sim;Não;May;03/05/2025
4731;C0765;61;F;Divorciado;Belém;Norte;11386;15;Loja;Notebook;Informática;1;4500;0;4500;Pix;Não;Sim;5;Não;Não;November;24/11/2025
4732;C0510;53;F;Solteiro;Rio de Janeiro;Sudeste;7204;10;Loja;SSD 1TB;Armazenamento;4;650;0;2600;Boleto;Não;Sim;3;Não;Não;October;19/10/2025
4733;C0020;30;M;Solteiro;Recife;Nordeste;11127;4;Site;Notebook;Informática;4;4500;0;18000;Boleto;Não;Sim;5;Não;Não;April;12/04/2025
4734;C0117;20;F;Solteiro;Brasília;Centro-Oeste;16584;1;Site;Webcam;Informática;3;260;10;702;Pix;Sim;Não;5;Não;Não;November;17/11/2025
4735;C0331;30;F;Divorciado;Rio de Janeiro;Sudeste;4553;5;Loja;SSD 1TB;Armazenamento;3;650;0;1950;Cartão;Não;Não;3;Não;Não;October;06/10/2025
4736;C0764;70;F;Casado;Belém;Norte;11437;0;App;Roteador;Redes;3;480;10;1296;Cartão;Sim;Não;5;Não;Não;January;07/01/2025
4737;C0287;62;F;Casado;Fortaleza;Nordeste;5445;2;App;Headset;Informática;3;380;0;1140;Cartão;Não;Não;5;Não;Não;September;16/09/2025
4738;C0359;60;M;Solteiro;Recife;Nordeste;8944;2;Site;Smartwatch;Wearables;1;1600;5;1520;Cartão;Sim;Não;5;Não;Não;September;18/09/2025
4739;C0390;64;F;Divorciado;Belém;Norte;9175;14;Site;Smartphone;Telefonia;4;2800;15;9520;Pix;Sim;Sim;5;Não;Não;October;29/10/2025
4740;C0312;50;F;Solteiro;Recife;Nordeste;17413;0;Site;Smartphone;Telefonia;2;2800;10;5040;Boleto;Sim;Não;5;Não;Não;September;12/09/2025
4741;C0429;52;M;Divorciado;Curitiba;Sul;9231;15;App;Headset;Informática;1;380;20;304;Cartão;Sim;Sim;4;Não;Não;July;04/07/2025
4742;C0037;21;F;Casado;Fortaleza;Nordeste;4028;5;Loja;Smartphone;Telefonia;4;2800;0;11200;Cartão;Não;Sim;4;Não;Não;October;18/10/2025
4743;C0592;34;M;Solteiro;Curitiba;Sul;14178;10;Site;Headset;Informática;3;380;0;1140;Cartão;Não;Sim;4;Não;Não;October;21/10/2025
4744;C0678;59;M;Casado;Fortaleza;Nordeste;17691;5;Loja;Cadeira Gamer;Móveis;3;1800;15;4590;Boleto;Sim;Sim;4;Não;Não;February;07/02/2025
4745;C0508;50;F;Solteiro;Belém;Norte;17918;11;Loja;SSD 1TB;Armazenamento;4;650;10;2340;Pix;Sim;Não;4;Não;Não;December;11/12/2025
4746;C0516;57;M;Divorciado;Recife;Nordeste;11557;7;Site;SSD 1TB;Armazenamento;2;650;5;1235;Boleto;Sim;Não;4;Não;Não;June;11/06/2025
4747;C0519;53;M;Divorciado;Rio de Janeiro;Sudeste;7496;9;App;Smartphone;Telefonia;2;2800;10;5040;Cartão;Sim;Sim;3;Não;Não;November;14/11/2025
4748;C0004;64;M;Casado;Manaus;Norte;9597;10;App;Smartphone;Telefonia;3;2800;10;7560;Pix;Sim;Sim;4;Não;Não;November;05/11/2025
4749;C0417;34;F;Solteiro;Rio de Janeiro;Sudeste;17631;12;Loja;Smartphone;Telefonia;2;2800;5;5320;Cartão;Sim;Sim;4;Não;Não;July;30/07/2025
4750;C0641;45;M;Divorciado;Belém;Norte;12518;11;Site;Mouse;Informática;1;120;0;120;Pix;Não;Sim;5;Não;Não;April;12/04/2025
4751;C0310;20;F;Casado;Rio de Janeiro;Sudeste;16865;7;Loja;Smartwatch;Wearables;3;1600;0;4800;Boleto;Não;Sim;5;Não;Não;August;01/08/2025
4752;C0579;59;F;Casado;Brasília;Centro-Oeste;17126;7;Site;Mouse;Informática;4;120;5;456;Boleto;Sim;Sim;4;Não;Não;May;21/05/2025
4753;C0095;21;F;Solteiro;Recife;Nordeste;9112;1;Loja;Headset;Informática;1;380;10;342;Pix;Sim;Não;5;Não;Não;August;26/08/2025
4754;C0044;61;M;Casado;Rio de Janeiro;Sudeste;21933;5;Loja;Smartphone;Telefonia;3;2800;5;7980;Cartão;Sim;Sim;2;Sim;Não;April;13/04/2025
4755;C0241;48;M;Divorciado;Brasília;Centro-Oeste;20674;6;Site;Monitor;Informática;1;1100;0;1100;Cartão;Não;Não;3;Não;Não;June;18/06/2025
4756;C0565;63;M;Casado;Rio de Janeiro;Sudeste;17483;11;App;Monitor;Informática;2;1100;0;2200;Cartão;Não;Sim;5;Não;Não;April;22/04/2025
4757;C0352;45;F;Divorciado;São Paulo;Sudeste;4156;12;Site;Smartphone;Telefonia;4;2800;0;11200;Cartão;Não;Sim;5;Não;Não;June;20/06/2025
4758;C0630;22;F;Divorciado;Rio de Janeiro;Sudeste;21246;7;App;Notebook;Informática;4;4500;0;18000;Boleto;Não;Sim;5;Não;Não;December;25/12/2025
4759;C0753;31;M;Casado;São Paulo;Sudeste;17748;7;Site;Monitor;Informática;2;1100;0;2200;Cartão;Não;Não;5;Não;Não;April;08/04/2025
4760;C0427;42;M;Casado;São Paulo;Sudeste;1970;2;Site;Monitor;Informática;1;1100;10;990;Boleto;Sim;Não;3;Sim;Não;December;05/12/2025
4761;C0553;37;M;Casado;Rio de Janeiro;Sudeste;10768;12;Loja;Headset;Informática;4;380;15;1292;Cartão;Sim;Sim;3;Não;Não;August;14/08/2025
4762;C0024;32;F;Casado;Brasília;Centro-Oeste;3529;13;App;Cadeira Gamer;Móveis;4;1800;5;6840;Pix;Sim;Sim;4;Não;Não;July;29/07/2025
4763;C0422;43;F;Divorciado;Belém;Norte;10520;10;Site;Cadeira Gamer;Móveis;2;1800;0;3600;Pix;Não;Sim;4;Não;Não;January;02/01/2025
4764;C0126;62;M;Solteiro;Recife;Nordeste;8604;0;Loja;Impressora;Informática;3;950;10;2565;Cartão;Sim;Não;3;Não;Não;December;02/12/2025
4765;C0661;19;M;Divorciado;Recife;Nordeste;2939;5;Loja;Impressora;Informática;4;950;10;3420;Pix;Sim;Não;5;Não;Não;May;14/05/2025
4766;C0349;28;F;Solteiro;Manaus;Norte;18190;12;Loja;Notebook;Informática;1;4500;5;4275;Cartão;Sim;Não;5;Não;Não;November;06/11/2025
4767;C0674;36;M;Divorciado;Rio de Janeiro;Sudeste;12598;5;Site;Cadeira Gamer;Móveis;2;1800;5;3420;Boleto;Sim;Não;5;Não;Não;April;20/04/2025
4768;C0684;47;F;Solteiro;Recife;Nordeste;7229;8;Site;Impressora;Informática;2;950;5;1805;Pix;Sim;Sim;2;Sim;Não;July;21/07/2025
4769;C0316;56;M;Solteiro;Fortaleza;Nordeste;13356;7;App;Smartphone;Telefonia;4;2800;0;11200;Cartão;Não;Não;4;Não;Não;June;21/06/2025
4770;C0754;26;M;Divorciado;Fortaleza;Nordeste;15797;9;Loja;Headset;Informática;4;380;10;1368;Cartão;Sim;Não;4;Não;Não;June;29/06/2025
4771;C0158;37;F;Casado;Manaus;Norte;7294;15;App;Headset;Informática;4;380;10;1368;Pix;Sim;Sim;5;Não;Não;October;05/10/2025
4772;C0771;42;F;Casado;Fortaleza;Nordeste;14969;1;App;Smartphone;Telefonia;4;2800;10;10080;Boleto;Sim;Não;5;Não;Não;February;21/02/2025
4773;C0362;65;F;Solteiro;Rio de Janeiro;Sudeste;2972;13;Site;Headset;Informática;4;380;10;1368;Pix;Sim;Sim;4;Não;Não;October;07/10/2025
4774;C0359;49;M;Casado;São Paulo;Sudeste;20597;6;App;Monitor;Informática;1;1100;10;990;Cartão;Sim;Sim;4;Não;Não;October;06/10/2025
4775;C0103;63;M;Solteiro;Belém;Norte;15151;10;Loja;Smartwatch;Wearables;1;1600;0;1600;Boleto;Não;Sim;3;Não;Não;December;06/12/2025
4776;C0005;44;M;Divorciado;Curitiba;Sul;18207;2;App;Smartwatch;Wearables;3;1600;5;4560;Pix;Sim;Não;3;Não;Não;July;13/07/2025
4777;C0143;24;F;Casado;Recife;Nordeste;19729;7;Site;SSD 1TB;Armazenamento;4;650;5;2470;Boleto;Sim;Não;5;Não;Não;December;11/12/2025
4778;C0354;38;F;Casado;Brasília;Centro-Oeste;18731;14;Loja;Smartwatch;Wearables;3;1600;15;4080;Cartão;Sim;Sim;5;Não;Não;January;24/01/2025
4779;C0494;25;F;Solteiro;Recife;Nordeste;8434;10;Loja;SSD 1TB;Armazenamento;2;650;0;1300;Cartão;Não;Não;4;Não;Não;November;12/11/2025
4780;C0351;45;M;Divorciado;Curitiba;Sul;10452;15;Site;Teclado;Informática;3;220;0;660;Pix;Não;Não;5;Não;Não;February;08/02/2025
4781;C0145;35;M;Solteiro;Curitiba;Sul;12327;2;Loja;Roteador;Redes;3;480;0;1440;Pix;Não;Não;5;Não;Não;February;21/02/2025
4782;C0240;41;F;Solteiro;Manaus;Norte;6297;14;Site;Smartphone;Telefonia;3;2800;15;7140;Pix;Sim;Não;4;Não;Não;November;13/11/2025
4783;C0796;24;M;Divorciado;Fortaleza;Nordeste;14259;4;Loja;Mouse;Informática;1;120;5;114;Boleto;Sim;Sim;4;Não;Não;March;05/03/2025
4784;C0750;18;M;Casado;Manaus;Norte;16117;15;Site;Notebook;Informática;2;4500;0;9000;Pix;Não;Não;4;Não;Não;September;02/09/2025
4785;C0061;54;F;Casado;Rio de Janeiro;Sudeste;3093;14;Site;Roteador;Redes;1;480;0;480;Cartão;Não;Sim;2;Sim;Não;January;16/01/2025
4786;C0424;68;F;Divorciado;Recife;Nordeste;9037;11;App;Roteador;Redes;3;480;0;1440;Pix;Não;Não;4;Não;Não;February;13/02/2025
4787;C0452;46;M;Divorciado;Curitiba;Sul;20556;11;Loja;Notebook;Informática;3;4500;0;13500;Cartão;Não;Sim;4;Não;Não;January;16/01/2025
4788;C0201;69;F;Casado;Recife;Nordeste;10522;12;Site;Impressora;Informática;2;950;5;1805;Cartão;Sim;Sim;3;Não;Não;October;20/10/2025
4789;C0292;58;F;Solteiro;Curitiba;Sul;4967;2;Site;Webcam;Informática;2;260;10;468;Boleto;Sim;Não;5;Não;Não;June;21/06/2025
4790;C0377;29;M;Divorciado;Belém;Norte;5201;1;Loja;Cadeira Gamer;Móveis;1;1800;10;1620;Cartão;Sim;Não;5;Não;Não;February;19/02/2025
4791;C0340;66;F;Solteiro;Brasília;Centro-Oeste;7979;5;App;Monitor;Informática;1;1100;0;1100;Cartão;Não;Não;5;Não;Não;April;13/04/2025
4792;C0350;67;F;Casado;Fortaleza;Nordeste;11805;0;Loja;Mouse;Informática;1;120;10;108;Cartão;Sim;Não;4;Não;Não;August;01/08/2025
4793;C0162;68;F;Solteiro;Recife;Nordeste;11862;15;App;Webcam;Informática;2;260;5;494;Boleto;Sim;Sim;5;Não;Não;July;15/07/2025
4794;C0641;55;F;Solteiro;Belém;Norte;14219;6;Loja;Smartwatch;Wearables;4;1600;15;5440;Pix;Sim;Não;5;Não;Não;February;06/02/2025
4795;C0340;44;F;Casado;Curitiba;Sul;21953;9;App;Teclado;Informática;4;220;0;880;Cartão;Não;Sim;4;Não;Não;June;18/06/2025
4796;C0643;48;M;Solteiro;Fortaleza;Nordeste;15644;15;App;Headset;Informática;3;380;0;1140;Boleto;Não;Sim;4;Não;Não;February;03/02/2025
4797;C0160;60;F;Solteiro;Fortaleza;Nordeste;11893;5;Loja;Headset;Informática;2;380;5;722;Pix;Sim;Sim;4;Não;Não;October;08/10/2025
4798;C0113;47;F;Divorciado;Belém;Norte;12703;5;Site;Cadeira Gamer;Móveis;1;1800;5;1710;Pix;Sim;Sim;4;Não;Não;March;31/03/2025
4799;C0016;59;M;Divorciado;Fortaleza;Nordeste;4415;6;Loja;Smartwatch;Wearables;2;1600;0;3200;Cartão;Não;Sim;4;Não;Não;April;29/04/2025
4800;C0491;52;M;Casado;São Paulo;Sudeste;16402;5;Site;SSD 1TB;Armazenamento;4;650;5;2470;Boleto;Sim;Não;4;Não;Não;January;18/01/2025
4801;C0029;35;F;Divorciado;Rio de Janeiro;Sudeste;4737;14;App;Cadeira Gamer;Móveis;4;1800;0;7200;Pix;Não;Sim;5;Não;Não;May;19/05/2025
4802;C0292;53;M;Casado;Manaus;Norte;19492;3;Loja;Mouse;Informática;2;120;0;240;Pix;Não;Sim;4;Não;Não;January;24/01/2025
4803;C0338;65;F;Casado;Recife;Nordeste;2660;6;App;Smartphone;Telefonia;2;2800;10;5040;Pix;Sim;Sim;5;Não;Não;May;04/05/2025
4804;C0293;37;M;Divorciado;São Paulo;Sudeste;5694;2;Loja;Smartphone;Telefonia;3;2800;20;6720;Boleto;Sim;Não;5;Não;Não;May;08/05/2025
4805;C0424;67;M;Solteiro;São Paulo;Sudeste;11964;13;Loja;Smartphone;Telefonia;3;2800;0;8400;Boleto;Não;Sim;5;Não;Não;July;18/07/2025
4806;C0623;46;F;Divorciado;Brasília;Centro-Oeste;9611;15;App;Cadeira Gamer;Móveis;3;1800;0;5400;Cartão;Não;Sim;5;Não;Não;February;09/02/2025
4807;C0559;26;F;Casado;Rio de Janeiro;Sudeste;6440;5;App;Smartwatch;Wearables;1;1600;10;1440;Pix;Sim;Não;5;Não;Não;February;05/02/2025
4808;C0118;59;F;Solteiro;Curitiba;Sul;19781;11;Site;Webcam;Informática;1;260;5;247;Cartão;Sim;Não;3;Não;Não;February;19/02/2025
4809;C0280;63;M;Solteiro;Manaus;Norte;10298;10;Site;Smartphone;Telefonia;4;2800;15;9520;Cartão;Sim;Não;3;Não;Não;August;12/08/2025
4810;C0643;31;M;Casado;Fortaleza;Nordeste;10348;4;Loja;SSD 1TB;Armazenamento;1;650;0;650;Boleto;Não;Não;2;Sim;Não;November;24/11/2025
4811;C0015;61;M;Solteiro;São Paulo;Sudeste;16466;10;Loja;Smartphone;Telefonia;2;2800;0;5600;Boleto;Não;Não;5;Não;Não;July;11/07/2025
4812;C0694;37;M;Solteiro;Fortaleza;Nordeste;7735;9;Loja;Cadeira Gamer;Móveis;1;1800;5;1710;Boleto;Sim;Não;4;Não;Não;June;07/06/2025
4813;C0435;57;F;Casado;Rio de Janeiro;Sudeste;14781;0;Site;Webcam;Informática;2;260;10;468;Cartão;Sim;Não;1;Sim;Não;August;07/08/2025
4814;C0694;42;F;Casado;Recife;Nordeste;13607;9;Loja;Teclado;Informática;3;220;10;594;Pix;Sim;Não;5;Não;Não;February;23/02/2025
4815;C0462;18;M;Casado;Rio de Janeiro;Sudeste;20468;5;App;Impressora;Informática;2;950;0;1900;Pix;Não;Não;5;Não;Não;June;29/06/2025
4816;C0039;52;M;Divorciado;Brasília;Centro-Oeste;2135;1;App;Mouse;Informática;1;120;10;108;Boleto;Sim;Não;3;Não;Não;April;17/04/2025
4817;C0204;63;F;Solteiro;Fortaleza;Nordeste;14378;11;App;Smartphone;Telefonia;1;2800;0;2800;Boleto;Não;Sim;4;Não;Não;May;17/05/2025
4818;C0502;68;M;Casado;Curitiba;Sul;20869;2;App;Mouse;Informática;2;120;20;192;Cartão;Sim;Não;3;Não;Não;March;07/03/2025
4819;C0380;56;F;Casado;São Paulo;Sudeste;15157;9;Loja;Smartwatch;Wearables;4;1600;0;6400;Boleto;Não;Não;5;Não;Não;August;02/08/2025
4820;C0671;63;F;Divorciado;Manaus;Norte;8225;0;Loja;Mouse;Informática;1;120;15;102;Pix;Sim;Não;3;Não;Não;October;25/10/2025
4821;C0571;62;M;Divorciado;Fortaleza;Nordeste;18598;2;Site;Impressora;Informática;3;950;5;2707,5;Pix;Sim;Não;4;Não;Não;June;02/06/2025
4822;C0024;45;F;Solteiro;Brasília;Centro-Oeste;4721;5;Loja;Impressora;Informática;2;950;0;1900;Pix;Não;Não;2;Sim;Não;January;16/01/2025
4823;C0361;36;F;Divorciado;Fortaleza;Nordeste;7769;9;App;Impressora;Informática;2;950;5;1805;Pix;Sim;Sim;3;Não;Não;November;14/11/2025
4824;C0797;32;F;Divorciado;Recife;Nordeste;16687;2;Site;Headset;Informática;3;380;10;1026;Cartão;Sim;Não;5;Não;Não;January;20/01/2025
4825;C0522;27;M;Divorciado;Curitiba;Sul;4777;2;Site;Mouse;Informática;2;120;15;204;Boleto;Sim;Não;5;Não;Não;March;22/03/2025
4826;C0109;44;M;Divorciado;Rio de Janeiro;Sudeste;17420;10;Site;Impressora;Informática;4;950;10;3420;Cartão;Sim;Sim;2;Sim;Não;February;18/02/2025
4827;C0447;18;F;Solteiro;São Paulo;Sudeste;6546;7;App;Monitor;Informática;3;1100;5;3135;Pix;Sim;Sim;4;Não;Não;October;05/10/2025
4828;C0026;35;M;Casado;Recife;Nordeste;18237;12;Loja;Teclado;Informática;1;220;5;209;Pix;Sim;Sim;5;Não;Não;July;28/07/2025
4829;C0507;37;F;Casado;Curitiba;Sul;8663;1;Loja;Roteador;Redes;1;480;10;432;Pix;Sim;Não;4;Não;Não;April;07/04/2025
4830;C0167;60;M;Solteiro;Rio de Janeiro;Sudeste;6888;12;Loja;Mouse;Informática;3;120;5;342;Boleto;Sim;Sim;5;Não;Não;April;26/04/2025
4831;C0462;32;M;Casado;São Paulo;Sudeste;11649;6;Loja;Smartwatch;Wearables;1;1600;0;1600;Pix;Não;Não;5;Não;Não;January;15/01/2025
4832;C0228;53;F;Casado;Fortaleza;Nordeste;19717;14;Site;Notebook;Informática;2;4500;5;8550;Cartão;Sim;Sim;4;Não;Não;December;24/12/2025
4833;C0399;45;M;Solteiro;Curitiba;Sul;5973;8;Loja;Webcam;Informática;2;260;0;520;Pix;Não;Não;5;Não;Não;September;10/09/2025
4834;C0209;19;F;Casado;Fortaleza;Nordeste;14771;3;App;Smartwatch;Wearables;1;1600;0;1600;Pix;Não;Sim;5;Não;Não;March;07/03/2025
4835;C0588;62;M;Solteiro;Manaus;Norte;12048;10;Loja;Notebook;Informática;1;4500;15;3825;Boleto;Sim;Sim;3;Não;Não;July;10/07/2025
4836;C0008;51;F;Divorciado;Brasília;Centro-Oeste;4605;6;App;Teclado;Informática;3;220;0;660;Cartão;Não;Sim;4;Não;Não;April;01/04/2025
4837;C0041;32;F;Casado;Recife;Nordeste;20523;9;Site;Cadeira Gamer;Móveis;1;1800;10;1620;Pix;Sim;Sim;3;Não;Não;November;02/11/2025
4838;C0238;29;F;Divorciado;Brasília;Centro-Oeste;17281;8;App;Smartphone;Telefonia;3;2800;10;7560;Cartão;Sim;Sim;3;Não;Não;July;23/07/2025
4839;C0283;53;M;Divorciado;Manaus;Norte;20285;6;App;Headset;Informática;4;380;5;1444;Pix;Sim;Sim;2;Sim;Não;July;04/07/2025
4840;C0093;50;F;Solteiro;Belém;Norte;7202;13;Site;Notebook;Informática;3;4500;0;13500;Pix;Não;Sim;1;Sim;Sim;December;11/12/2025
4841;C0720;52;M;Divorciado;Fortaleza;Nordeste;6575;0;App;Headset;Informática;3;380;10;1026;Cartão;Sim;Não;4;Não;Não;August;23/08/2025
4842;C0557;20;M;Divorciado;Recife;Nordeste;9441;3;Loja;Headset;Informática;2;380;10;684;Boleto;Sim;Sim;1;Sim;Não;September;21/09/2025
4843;C0432;45;M;Solteiro;Brasília;Centro-Oeste;21177;6;Loja;Smartwatch;Wearables;1;1600;0;1600;Boleto;Não;Não;3;Não;Não;September;09/09/2025
4844;C0474;28;M;Solteiro;Curitiba;Sul;4864;3;Loja;Teclado;Informática;2;220;10;396;Cartão;Sim;Sim;4;Não;Não;July;09/07/2025
4845;C0063;38;F;Solteiro;Brasília;Centro-Oeste;14479;13;Site;Notebook;Informática;4;4500;0;18000;Pix;Não;Não;2;Sim;Não;August;14/08/2025
4846;C0365;25;F;Divorciado;Manaus;Norte;5855;1;App;Mouse;Informática;3;120;10;324;Cartão;Sim;Não;3;Não;Não;November;10/11/2025
4847;C0216;37;F;Solteiro;Manaus;Norte;19204;15;Loja;Smartphone;Telefonia;3;2800;0;8400;Boleto;Não;Sim;3;Não;Não;June;11/06/2025
4848;C0393;47;M;Divorciado;Curitiba;Sul;13678;14;Site;Mouse;Informática;4;120;0;480;Pix;Não;Sim;4;Não;Não;November;25/11/2025
4849;C0561;32;M;Divorciado;Fortaleza;Nordeste;2904;2;App;Webcam;Informática;3;260;5;741;Cartão;Sim;Não;3;Não;Não;October;06/10/2025
4850;C0032;70;F;Casado;Fortaleza;Nordeste;21996;3;App;Roteador;Redes;1;480;10;432;Cartão;Sim;Sim;4;Não;Não;July;04/07/2025
4851;C0465;63;F;Casado;Belém;Norte;17859;2;Loja;Webcam;Informática;4;260;5;988;Pix;Sim;Não;5;Não;Não;September;14/09/2025
4852;C0036;20;F;Solteiro;Brasília;Centro-Oeste;2399;4;Site;Mouse;Informática;1;120;20;96;Boleto;Sim;Não;5;Sim;Não;July;30/07/2025
4853;C0510;62;F;Solteiro;Curitiba;Sul;18340;2;Site;Headset;Informática;1;380;5;361;Boleto;Sim;Não;4;Não;Não;August;02/08/2025
4854;C0779;54;M;Solteiro;Fortaleza;Nordeste;7253;1;Loja;Mouse;Informática;3;120;10;324;Cartão;Sim;Não;5;Não;Não;March;13/03/2025
4855;C0210;34;M;Divorciado;Curitiba;Sul;20873;3;Site;Impressora;Informática;1;950;0;950;Boleto;Não;Sim;1;Sim;Não;September;22/09/2025
4856;C0700;54;M;Divorciado;Rio de Janeiro;Sudeste;11538;7;Loja;Notebook;Informática;3;4500;15;11475;Pix;Sim;Sim;5;Não;Sim;November;22/11/2025
4857;C0393;57;M;Casado;Manaus;Norte;10502;4;App;Notebook;Informática;4;4500;20;14400;Boleto;Sim;Sim;2;Sim;Não;March;24/03/2025
4858;C0392;55;M;Solteiro;São Paulo;Sudeste;4712;13;Site;Smartphone;Telefonia;2;2800;0;5600;Boleto;Não;Não;4;Não;Não;January;06/01/2025
4859;C0152;27;F;Divorciado;Fortaleza;Nordeste;6244;3;Loja;Smartwatch;Wearables;4;1600;0;6400;Boleto;Não;Sim;5;Não;Não;April;03/04/2025
4860;C0451;18;M;Casado;Curitiba;Sul;11593;6;Site;Smartwatch;Wearables;3;1600;10;4320;Boleto;Sim;Sim;2;Sim;Não;August;31/08/2025
4861;C0328;44;M;Divorciado;Fortaleza;Nordeste;18606;1;Site;Roteador;Redes;4;480;10;1728;Cartão;Sim;Não;5;Não;Não;May;21/05/2025
4862;C0198;66;M;Divorciado;Recife;Nordeste;3492;14;Site;Smartwatch;Wearables;4;1600;0;6400;Pix;Não;Sim;5;Não;Não;April;01/04/2025
4863;C0734;45;M;Divorciado;Curitiba;Sul;13181;0;App;SSD 1TB;Armazenamento;1;650;10;585;Cartão;Sim;Não;4;Não;Não;March;19/03/2025
4864;C0239;40;F;Casado;Brasília;Centro-Oeste;12477;8;Loja;Impressora;Informática;4;950;5;3610;Boleto;Sim;Sim;5;Não;Não;September;15/09/2025
4865;C0362;50;F;Divorciado;Curitiba;Sul;16909;14;Loja;Impressora;Informática;4;950;0;3800;Boleto;Não;Sim;3;Não;Não;November;03/11/2025
4866;C0652;47;F;Solteiro;Recife;Nordeste;21467;10;App;Webcam;Informática;4;260;0;1040;Boleto;Não;Não;3;Não;Não;March;04/03/2025
4867;C0124;57;M;Divorciado;Recife;Nordeste;5227;8;App;Headset;Informática;4;380;0;1520;Boleto;Não;Sim;4;Não;Não;November;05/11/2025
4868;C0349;22;M;Casado;Belém;Norte;2193;1;Site;Notebook;Informática;1;4500;15;3825;Boleto;Sim;Não;5;Sim;Não;October;08/10/2025
4869;C0126;46;M;Divorciado;São Paulo;Sudeste;11406;5;Site;Monitor;Informática;4;1100;0;4400;Cartão;Não;Não;5;Não;Não;March;24/03/2025
4870;C0198;60;M;Casado;Belém;Norte;20454;11;App;Cadeira Gamer;Móveis;4;1800;0;7200;Boleto;Não;Sim;5;Não;Não;June;24/06/2025
4871;C0067;40;F;Casado;Fortaleza;Nordeste;8860;12;App;Impressora;Informática;2;950;5;1805;Cartão;Sim;Sim;2;Sim;Não;November;10/11/2025
4872;C0058;70;F;Solteiro;Manaus;Norte;9481;9;Loja;Smartphone;Telefonia;2;2800;5;5320;Boleto;Sim;Não;4;Não;Não;June;23/06/2025
4873;C0090;32;F;Divorciado;Rio de Janeiro;Sudeste;13157;1;Site;Webcam;Informática;1;260;10;234;Boleto;Sim;Não;3;Não;Não;December;10/12/2025
4874;C0063;41;F;Divorciado;Brasília;Centro-Oeste;17512;8;Site;Webcam;Informática;4;260;0;1040;Cartão;Não;Sim;4;Não;Não;August;04/08/2025
4875;C0476;69;F;Divorciado;Rio de Janeiro;Sudeste;17199;5;Site;Cadeira Gamer;Móveis;3;1800;10;4860;Pix;Sim;Sim;4;Não;Não;April;16/04/2025
4876;C0565;69;M;Casado;Rio de Janeiro;Sudeste;16770;2;Site;Headset;Informática;4;380;0;1520;Pix;Não;Não;1;Sim;Não;May;27/05/2025
4877;C0577;52;F;Solteiro;Recife;Nordeste;7806;12;App;Headset;Informática;3;380;0;1140;Pix;Não;Sim;4;Não;Não;August;01/08/2025
4878;C0703;20;M;Divorciado;Manaus;Norte;16069;5;App;Notebook;Informática;3;4500;5;12825;Pix;Sim;Não;5;Não;Sim;September;20/09/2025
4879;C0663;42;M;Solteiro;Fortaleza;Nordeste;18521;6;App;Impressora;Informática;4;950;0;3800;Boleto;Não;Sim;3;Não;Não;August;17/08/2025
4880;C0379;68;F;Solteiro;Belém;Norte;2062;4;App;Cadeira Gamer;Móveis;3;1800;10;4860;Pix;Sim;Sim;4;Não;Não;March;05/03/2025
4881;C0339;36;M;Divorciado;Rio de Janeiro;Sudeste;17060;1;Loja;Smartphone;Telefonia;3;2800;10;7560;Pix;Sim;Não;4;Não;Não;December;11/12/2025
4882;C0661;38;M;Casado;São Paulo;Sudeste;14341;13;Site;Smartphone;Telefonia;2;2800;0;5600;Pix;Não;Sim;5;Não;Não;November;03/11/2025
4883;C0737;42;F;Solteiro;Brasília;Centro-Oeste;13496;8;App;Cadeira Gamer;Móveis;3;1800;10;4860;Cartão;Sim;Sim;4;Não;Não;April;02/04/2025
4884;C0115;18;F;Solteiro;Brasília;Centro-Oeste;5169;7;Site;Teclado;Informática;2;220;5;418;Boleto;Sim;Sim;5;Não;Não;July;04/07/2025
4885;C0604;62;F;Divorciado;Curitiba;Sul;15743;12;Loja;Roteador;Redes;1;480;10;432;Pix;Sim;Sim;4;Não;Não;September;13/09/2025
4886;C0224;47;F;Solteiro;Curitiba;Sul;3421;2;App;Mouse;Informática;1;120;0;120;Cartão;Não;Não;4;Não;Não;December;17/12/2025
4887;C0741;20;M;Divorciado;Rio de Janeiro;Sudeste;4174;7;App;Mouse;Informática;3;120;10;324;Pix;Sim;Sim;2;Sim;Não;October;05/10/2025
4888;C0705;39;M;Casado;Brasília;Centro-Oeste;6706;7;Loja;Teclado;Informática;4;220;0;880;Boleto;Não;Sim;2;Sim;Não;August;06/08/2025
4889;C0369;23;M;Divorciado;Recife;Nordeste;8368;8;App;Notebook;Informática;4;4500;5;17100;Cartão;Sim;Não;4;Não;Não;April;05/04/2025
4890;C0086;38;F;Divorciado;Fortaleza;Nordeste;11819;0;App;Headset;Informática;2;380;15;646;Pix;Sim;Não;4;Não;Não;June;15/06/2025
4891;C0260;25;M;Casado;Rio de Janeiro;Sudeste;9606;2;Loja;Mouse;Informática;4;120;0;480;Pix;Não;Não;1;Sim;Não;January;26/01/2025
4892;C0081;51;F;Solteiro;Recife;Nordeste;21280;9;Loja;Mouse;Informática;4;120;15;408;Cartão;Sim;Não;5;Não;Não;March;13/03/2025
4893;C0170;31;M;Casado;Manaus;Norte;12976;14;Loja;Notebook;Informática;1;4500;0;4500;Boleto;Não;Sim;3;Não;Não;July;03/07/2025
4894;C0352;28;M;Divorciado;Manaus;Norte;2885;13;Site;Mouse;Informática;4;120;10;432;Boleto;Sim;Sim;4;Não;Não;May;10/05/2025
4895;C0535;38;M;Casado;Brasília;Centro-Oeste;17727;4;App;Teclado;Informática;4;220;20;704;Cartão;Sim;Sim;5;Não;Não;February;03/02/2025
4896;C0687;18;M;Solteiro;Rio de Janeiro;Sudeste;9725;10;Loja;Roteador;Redes;4;480;0;1920;Boleto;Não;Sim;5;Não;Não;March;25/03/2025
4897;C0788;25;F;Divorciado;Rio de Janeiro;Sudeste;10180;2;Loja;Impressora;Informática;1;950;0;950;Boleto;Não;Não;3;Não;Não;February;28/02/2025
4898;C0625;28;M;Divorciado;Curitiba;Sul;8806;6;Loja;Teclado;Informática;1;220;5;209;Cartão;Sim;Sim;4;Não;Não;November;02/11/2025
4899;C0692;34;M;Solteiro;Belém;Norte;17877;5;App;Impressora;Informática;1;950;0;950;Cartão;Não;Sim;3;Não;Não;February;28/02/2025
4900;C0789;39;F;Casado;Fortaleza;Nordeste;11900;4;Loja;SSD 1TB;Armazenamento;3;650;0;1950;Cartão;Não;Sim;4;Não;Não;April;08/04/2025
4901;C0490;70;F;Divorciado;Rio de Janeiro;Sudeste;5147;7;App;Impressora;Informática;1;950;5;902,5;Boleto;Sim;Sim;5;Não;Não;August;10/08/2025
4902;C0271;34;M;Divorciado;Brasília;Centro-Oeste;6684;12;Loja;SSD 1TB;Armazenamento;1;650;0;650;Boleto;Não;Sim;4;Não;Não;March;20/03/2025
4903;C0599;22;M;Divorciado;Fortaleza;Nordeste;19531;11;Loja;Cadeira Gamer;Móveis;4;1800;0;7200;Pix;Não;Sim;5;Não;Não;August;03/08/2025
4904;C0592;60;F;Divorciado;Recife;Nordeste;4582;0;Site;Smartphone;Telefonia;3;2800;10;7560;Cartão;Sim;Não;4;Não;Não;October;02/10/2025
4905;C0725;51;M;Casado;Recife;Nordeste;20057;4;Loja;Headset;Informática;4;380;10;1368;Cartão;Sim;Não;5;Não;Não;March;22/03/2025
4906;C0345;54;M;Solteiro;Recife;Nordeste;3363;0;Site;Headset;Informática;2;380;10;684;Boleto;Sim;Não;5;Não;Não;April;04/04/2025
4907;C0036;66;F;Casado;Rio de Janeiro;Sudeste;12927;5;Site;Smartwatch;Wearables;3;1600;10;4320;Pix;Sim;Sim;4;Não;Não;November;20/11/2025
4908;C0638;33;F;Divorciado;Recife;Nordeste;17861;0;Loja;Smartwatch;Wearables;3;1600;15;4080;Boleto;Sim;Não;4;Não;Não;August;24/08/2025
4909;C0360;20;M;Solteiro;Recife;Nordeste;21920;5;Loja;Smartwatch;Wearables;1;1600;10;1440;Boleto;Sim;Não;4;Não;Não;March;25/03/2025
4910;C0543;29;F;Divorciado;Brasília;Centro-Oeste;13191;0;Loja;Headset;Informática;2;380;10;684;Cartão;Sim;Não;2;Sim;Não;December;23/12/2025
4911;C0557;46;M;Divorciado;Fortaleza;Nordeste;19667;15;Loja;Smartwatch;Wearables;3;1600;0;4800;Cartão;Não;Sim;5;Não;Não;May;23/05/2025
4912;C0452;70;M;Solteiro;Rio de Janeiro;Sudeste;17775;15;Loja;Impressora;Informática;3;950;20;2280;Pix;Sim;Sim;5;Não;Não;January;23/01/2025
4913;C0022;33;F;Casado;São Paulo;Sudeste;18721;6;App;Smartwatch;Wearables;3;1600;0;4800;Boleto;Não;Sim;5;Não;Não;November;26/11/2025
4914;C0042;18;F;Casado;São Paulo;Sudeste;3778;4;App;Monitor;Informática;4;1100;0;4400;Cartão;Não;Não;5;Não;Não;June;29/06/2025
4915;C0430;56;M;Solteiro;Recife;Nordeste;6665;6;App;Webcam;Informática;4;260;5;988;Pix;Sim;Sim;5;Não;Não;March;18/03/2025
4916;C0751;47;F;Solteiro;São Paulo;Sudeste;14631;3;Site;Monitor;Informática;2;1100;10;1980;Cartão;Sim;Sim;5;Não;Não;July;24/07/2025
4917;C0186;62;F;Divorciado;Belém;Norte;21353;2;App;Notebook;Informática;1;4500;20;3600;Cartão;Sim;Não;3;Não;Não;March;26/03/2025
4918;C0578;21;M;Divorciado;Curitiba;Sul;8136;9;Loja;Headset;Informática;2;380;10;684;Boleto;Sim;Sim;2;Sim;Não;November;06/11/2025
4919;C0715;31;F;Divorciado;Recife;Nordeste;10345;5;App;Monitor;Informática;3;1100;5;3135;Cartão;Sim;Não;1;Sim;Não;October;14/10/2025
4920;C0324;46;M;Solteiro;Rio de Janeiro;Sudeste;17915;13;App;Headset;Informática;3;380;15;969;Boleto;Sim;Sim;5;Não;Não;August;09/08/2025
4921;C0080;18;F;Casado;Curitiba;Sul;3905;13;Site;Impressora;Informática;2;950;0;1900;Boleto;Não;Sim;1;Sim;Não;February;12/02/2025
4922;C0456;58;M;Solteiro;Recife;Nordeste;19846;2;Site;Monitor;Informática;2;1100;0;2200;Cartão;Não;Não;3;Não;Não;August;10/08/2025
4923;C0738;34;F;Divorciado;Belém;Norte;6621;12;App;Teclado;Informática;3;220;15;561;Cartão;Sim;Sim;4;Não;Não;December;11/12/2025
4924;C0385;49;M;Solteiro;Brasília;Centro-Oeste;15850;6;Loja;Roteador;Redes;3;480;20;1152;Pix;Sim;Sim;3;Não;Não;April;23/04/2025
4925;C0342;22;M;Casado;Rio de Janeiro;Sudeste;3635;15;Site;Cadeira Gamer;Móveis;2;1800;15;3060;Cartão;Sim;Sim;4;Não;Não;July;21/07/2025
4926;C0324;22;F;Casado;Recife;Nordeste;19124;2;App;Headset;Informática;1;380;0;380;Boleto;Não;Não;5;Não;Não;September;23/09/2025
4927;C0338;27;F;Divorciado;São Paulo;Sudeste;12938;7;Loja;Monitor;Informática;2;1100;10;1980;Cartão;Sim;Sim;3;Não;Não;November;25/11/2025
4928;C0696;53;M;Divorciado;Recife;Nordeste;13444;0;Loja;Smartwatch;Wearables;2;1600;10;2880;Cartão;Sim;Não;5;Não;Não;November;07/11/2025
4929;C0245;64;F;Casado;Brasília;Centro-Oeste;15197;8;App;Webcam;Informática;3;260;0;780;Boleto;Não;Não;4;Não;Não;July;26/07/2025
4930;C0476;39;M;Casado;Belém;Norte;6836;8;Site;Headset;Informática;1;380;5;361;Cartão;Sim;Sim;4;Não;Não;August;06/08/2025
4931;C0194;35;M;Divorciado;Belém;Norte;13020;5;Site;SSD 1TB;Armazenamento;1;650;5;617,5;Boleto;Sim;Não;4;Não;Não;December;10/12/2025
4932;C0160;27;M;Divorciado;Fortaleza;Nordeste;5060;1;Loja;Notebook;Informática;1;4500;10;4050;Cartão;Sim;Não;5;Não;Não;October;21/10/2025
4933;C0477;49;M;Divorciado;Rio de Janeiro;Sudeste;20823;14;Loja;Cadeira Gamer;Móveis;4;1800;15;6120;Cartão;Sim;Sim;2;Sim;Não;February;18/02/2025
4934;C0193;62;M;Divorciado;São Paulo;Sudeste;18871;0;Loja;Monitor;Informática;3;1100;15;2805;Cartão;Sim;Não;4;Não;Não;July;17/07/2025
4935;C0126;52;F;Solteiro;Curitiba;Sul;10331;14;App;Smartphone;Telefonia;1;2800;0;2800;Boleto;Não;Sim;4;Não;Não;September;22/09/2025
4936;C0054;48;M;Casado;São Paulo;Sudeste;8617;5;Loja;Smartphone;Telefonia;2;2800;15;4760;Boleto;Sim;Sim;5;Não;Não;June;24/06/2025
4937;C0224;44;F;Casado;Curitiba;Sul;11836;9;App;Cadeira Gamer;Móveis;1;1800;0;1800;Boleto;Não;Sim;4;Não;Não;September;27/09/2025
4938;C0596;57;M;Solteiro;Brasília;Centro-Oeste;13859;9;App;Impressora;Informática;3;950;0;2850;Pix;Não;Sim;3;Não;Não;October;17/10/2025
4939;C0255;20;F;Solteiro;Manaus;Norte;18095;6;Site;Smartphone;Telefonia;4;2800;5;10640;Boleto;Sim;Não;4;Não;Não;October;15/10/2025
4940;C0318;46;M;Casado;Recife;Nordeste;6124;0;Site;Impressora;Informática;3;950;10;2565;Boleto;Sim;Não;5;Não;Não;February;22/02/2025
4941;C0774;36;M;Casado;Manaus;Norte;11736;8;Site;Notebook;Informática;1;4500;0;4500;Pix;Não;Não;3;Não;Não;June;22/06/2025
4942;C0556;52;F;Solteiro;Belém;Norte;16730;7;Site;Smartphone;Telefonia;4;2800;0;11200;Boleto;Não;Sim;5;Não;Não;May;08/05/2025
4943;C0474;18;F;Solteiro;Manaus;Norte;8091;7;App;Notebook;Informática;3;4500;0;13500;Cartão;Não;Sim;4;Não;Não;March;13/03/2025
4944;C0118;42;M;Casado;Curitiba;Sul;11611;6;Site;Headset;Informática;3;380;5;1083;Pix;Sim;Sim;4;Não;Não;April;12/04/2025
4945;C0267;63;F;Divorciado;Fortaleza;Nordeste;19829;12;App;SSD 1TB;Armazenamento;1;650;0;650;Boleto;Não;Sim;4;Não;Não;February;10/02/2025
4946;C0203;65;F;Divorciado;Brasília;Centro-Oeste;8529;9;Site;Impressora;Informática;2;950;0;1900;Pix;Não;Sim;2;Sim;Não;July;22/07/2025
4947;C0673;33;F;Divorciado;São Paulo;Sudeste;6208;13;Loja;SSD 1TB;Armazenamento;1;650;0;650;Cartão;Não;Sim;4;Não;Não;August;01/08/2025
4948;C0001;23;F;Solteiro;Belém;Norte;16899;3;App;Headset;Informática;2;380;20;608;Boleto;Sim;Sim;5;Não;Não;February;11/02/2025
4949;C0298;26;F;Solteiro;Curitiba;Sul;11444;13;Loja;Teclado;Informática;1;220;15;187;Cartão;Sim;Sim;5;Não;Não;September;12/09/2025
4950;C0786;63;F;Divorciado;Manaus;Norte;3961;14;Site;Mouse;Informática;1;120;0;120;Pix;Não;Sim;3;Não;Não;November;22/11/2025
4951;C0014;51;F;Divorciado;São Paulo;Sudeste;21688;12;Loja;Smartphone;Telefonia;4;2800;0;11200;Cartão;Não;Não;3;Não;Não;August;07/08/2025
4952;C0469;52;M;Solteiro;Rio de Janeiro;Sudeste;14005;6;App;Headset;Informática;2;380;0;760;Pix;Não;Não;5;Não;Não;November;13/11/2025
4953;C0796;30;M;Solteiro;Curitiba;Sul;15003;4;Loja;Smartwatch;Wearables;4;1600;20;5120;Boleto;Sim;Não;5;Não;Não;February;11/02/2025
4954;C0799;40;M;Casado;Recife;Nordeste;9576;7;App;Impressora;Informática;3;950;0;2850;Cartão;Não;Sim;3;Não;Não;October;20/10/2025
4955;C0571;47;M;Solteiro;Manaus;Norte;21603;5;Loja;Headset;Informática;2;380;0;760;Pix;Não;Sim;3;Não;Não;September;04/09/2025
4956;C0226;61;F;Solteiro;Rio de Janeiro;Sudeste;7685;12;Site;Notebook;Informática;3;4500;20;10800;Pix;Sim;Sim;2;Sim;Sim;December;09/12/2025
4957;C0556;61;F;Solteiro;Brasília;Centro-Oeste;3208;4;App;Roteador;Redes;3;480;0;1440;Cartão;Não;Sim;1;Sim;Não;March;14/03/2025
4958;C0179;59;F;Solteiro;Recife;Nordeste;4847;15;Site;SSD 1TB;Armazenamento;3;650;0;1950;Boleto;Não;Sim;5;Não;Não;February;16/02/2025
4959;C0507;69;M;Casado;Recife;Nordeste;14113;4;App;Teclado;Informática;1;220;15;187;Boleto;Sim;Não;5;Não;Não;April;04/04/2025
4960;C0738;70;M;Divorciado;Brasília;Centro-Oeste;11209;9;Loja;SSD 1TB;Armazenamento;2;650;0;1300;Cartão;Não;Sim;5;Não;Não;December;02/12/2025
4961;C0086;33;M;Solteiro;Fortaleza;Nordeste;19913;2;Site;Smartphone;Telefonia;3;2800;15;7140;Cartão;Sim;Não;4;Não;Não;September;14/09/2025
4962;C0563;59;F;Divorciado;Recife;Nordeste;8404;0;Site;Webcam;Informática;4;260;10;936;Boleto;Sim;Não;4;Não;Não;September;01/09/2025
4963;C0199;22;M;Solteiro;São Paulo;Sudeste;16035;12;Site;Monitor;Informática;3;1100;5;3135;Boleto;Sim;Sim;3;Não;Não;September;30/09/2025
4964;C0305;42;M;Divorciado;Fortaleza;Nordeste;15150;7;App;Headset;Informática;1;380;0;380;Pix;Não;Sim;4;Não;Não;February;25/02/2025
4965;C0364;70;F;Divorciado;Brasília;Centro-Oeste;5600;9;Loja;Cadeira Gamer;Móveis;3;1800;0;5400;Cartão;Não;Sim;5;Não;Não;February;11/02/2025
4966;C0501;30;M;Solteiro;São Paulo;Sudeste;9169;2;Loja;Monitor;Informática;3;1100;10;2970;Cartão;Sim;Não;4;Não;Não;June;14/06/2025
4967;C0671;56;M;Casado;Brasília;Centro-Oeste;15764;6;App;SSD 1TB;Armazenamento;2;650;0;1300;Boleto;Não;Sim;2;Sim;Não;January;31/01/2025
4968;C0139;32;F;Casado;Recife;Nordeste;21788;9;Loja;Monitor;Informática;4;1100;0;4400;Boleto;Não;Sim;4;Não;Não;March;24/03/2025
4969;C0764;43;F;Divorciado;Fortaleza;Nordeste;20250;3;Loja;Impressora;Informática;4;950;0;3800;Boleto;Não;Não;4;Não;Não;December;08/12/2025
4970;C0102;28;M;Divorciado;Manaus;Norte;13810;5;App;Mouse;Informática;2;120;5;228;Pix;Sim;Sim;4;Não;Não;January;14/01/2025
4971;C0749;23;M;Solteiro;Brasília;Centro-Oeste;21846;12;App;Teclado;Informática;2;220;5;418;Pix;Sim;Não;1;Sim;Não;August;31/08/2025
4972;C0068;65;F;Solteiro;Belém;Norte;6064;6;Site;Smartphone;Telefonia;3;2800;10;7560;Pix;Sim;Sim;3;Não;Não;November;12/11/2025
4973;C0064;57;M;Divorciado;Rio de Janeiro;Sudeste;19879;9;Loja;SSD 1TB;Armazenamento;3;650;0;1950;Cartão;Não;Não;2;Sim;Não;July;24/07/2025
4974;C0485;59;F;Solteiro;Manaus;Norte;6639;10;Site;Mouse;Informática;1;120;10;108;Pix;Sim;Sim;5;Não;Não;June;30/06/2025
4975;C0246;22;M;Solteiro;Fortaleza;Nordeste;4584;9;App;Teclado;Informática;3;220;0;660;Boleto;Não;Sim;5;Não;Não;January;09/01/2025
4976;C0190;46;F;Divorciado;Brasília;Centro-Oeste;2547;13;App;Webcam;Informática;2;260;0;520;Cartão;Não;Sim;5;Não;Não;December;31/12/2025
4977;C0383;24;F;Divorciado;Belém;Norte;5490;9;Loja;Cadeira Gamer;Móveis;3;1800;0;5400;Cartão;Não;Sim;5;Não;Não;April;15/04/2025
4978;C0140;38;M;Casado;Curitiba;Sul;14799;13;Loja;Notebook;Informática;1;4500;0;4500;Cartão;Não;Sim;5;Não;Não;February;06/02/2025
4979;C0374;55;F;Casado;Brasília;Centro-Oeste;17139;6;App;Smartphone;Telefonia;1;2800;5;2660;Pix;Sim;Sim;4;Não;Não;July;14/07/2025
4980;C0030;26;M;Divorciado;Fortaleza;Nordeste;15593;9;Loja;Monitor;Informática;3;1100;0;3300;Pix;Não;Sim;2;Sim;Não;November;23/11/2025
4981;C0013;65;F;Solteiro;Recife;Nordeste;3567;9;Loja;Notebook;Informática;2;4500;15;7650;Cartão;Sim;Sim;4;Não;Não;December;02/12/2025
4982;C0570;34;M;Casado;Brasília;Centro-Oeste;5395;8;Site;SSD 1TB;Armazenamento;3;650;0;1950;Cartão;Não;Sim;5;Não;Não;October;01/10/2025
4983;C0367;29;M;Divorciado;Rio de Janeiro;Sudeste;7421;7;App;Monitor;Informática;1;1100;0;1100;Pix;Não;Sim;3;Não;Não;September;23/09/2025
4984;C0168;48;F;Casado;São Paulo;Sudeste;7896;1;Site;Smartphone;Telefonia;1;2800;10;2520;Cartão;Sim;Não;4;Não;Não;July;31/07/2025
4985;C0155;48;M;Casado;Manaus;Norte;20234;2;Loja;Mouse;Informática;3;120;5;342;Boleto;Sim;Não;3;Não;Não;November;03/11/2025
4986;C0425;60;M;Casado;Brasília;Centro-Oeste;9726;12;App;Notebook;Informática;2;4500;10;8100;Pix;Sim;Não;4;Não;Não;March;23/03/2025
4987;C0139;56;F;Divorciado;Belém;Norte;19091;2;Site;Smartwatch;Wearables;2;1600;0;3200;Boleto;Não;Não;5;Não;Não;May;02/05/2025
4988;C0774;51;M;Divorciado;Curitiba;Sul;11002;1;App;Webcam;Informática;1;260;15;221;Cartão;Sim;Não;4;Não;Não;January;19/01/2025
4989;C0761;37;F;Divorciado;São Paulo;Sudeste;15750;5;Loja;Smartwatch;Wearables;4;1600;0;6400;Boleto;Não;Sim;3;Não;Não;August;20/08/2025
4990;C0066;40;F;Solteiro;São Paulo;Sudeste;16438;9;App;SSD 1TB;Armazenamento;1;650;0;650;Boleto;Não;Não;2;Sim;Não;February;04/02/2025
4991;C0516;47;M;Divorciado;Brasília;Centro-Oeste;4662;3;Site;Teclado;Informática;1;220;0;220;Cartão;Não;Sim;4;Não;Não;April;16/04/2025
4992;C0200;33;M;Divorciado;Belém;Norte;5546;1;Site;Notebook;Informática;2;4500;10;8100;Pix;Sim;Não;4;Não;Não;June;09/06/2025
4993;C0003;23;F;Casado;Curitiba;Sul;11974;15;Site;Roteador;Redes;2;480;15;816;Cartão;Sim;Sim;4;Não;Não;November;23/11/2025
4994;C0035;41;F;Casado;Belém;Norte;15140;14;App;SSD 1TB;Armazenamento;2;650;5;1235;Boleto;Sim;Sim;5;Não;Não;June;28/06/2025
4995;C0637;39;M;Divorciado;Belém;Norte;15987;1;Loja;SSD 1TB;Armazenamento;2;650;10;1170;Cartão;Sim;Não;3;Não;Não;January;19/01/2025
4996;C0282;33;M;Divorciado;Recife;Nordeste;2489;3;Loja;Smartwatch;Wearables;4;1600;10;5760;Cartão;Sim;Sim;4;Não;Não;February;20/02/2025
4997;C0328;70;F;Divorciado;Brasília;Centro-Oeste;7153;1;Site;Smartphone;Telefonia;1;2800;10;2520;Boleto;Sim;Não;4;Não;Não;September;12/09/2025
4998;C0208;64;M;Divorciado;Belém;Norte;7845;13;Site;Teclado;Informática;1;220;15;187;Pix;Sim;Não;3;Não;Não;October;29/10/2025
4999;C0107;32;M;Divorciado;Recife;Nordeste;4796;11;Loja;Monitor;Informática;1;1100;5;1045;Pix;Sim;Não;4;Não;Não;May;01/05/2025
5000;C0220;19;F;Casado;Recife;Nordeste;10891;13;Loja;Monitor;Informática;3;1100;15;2805;Cartão;Sim;Sim;3;Não;Não;January;22/01/2025
